SC_CODE,SC_NAME,SC_GROUP,SC_TYPE,OPEN,HIGH,LOW,CLOSE,LAST,PREVCLOSE,NO_TRADES,NO_OF_SHRS,NET_TURNOV,TDCLOINDI
500002,"ABB INDIA LIMITED",A,STK,6854.7,7085.9,6847.1,7029.95,7029.95,6887.6,3731,18172,127370946,
500003,"AEGIS LOGISTICS LTD.",A,STK,660.9,767.1,660.9,708.85,708.85,660.05,22163,563018,402085728,
500008,"Amara Raja Energy & Mobility L",A,STK,779.3,788.15,774,778.45,781,772.65,1820,34454,26893880,
500009,"AMBALAL SARABHAI ENTERPRISES L",X,STK,28.88,32.75,28.75,32.32,32.32,28.88,973,263879,8268320,
500012,"ANDHRA PETROCHEMICALS LTD.",X,STK,42.75,42.75,41.27,41.78,41.9,41.96,267,57209,2394171,
500013,"ANSAL PROPERTIES & INFRASTRUCT",Z,STK,3.48,3.48,3.44,3.48,3.48,3.42,18,3038,10571,
500014,"UTIQUE ENTERPRISES LIMITED",X,STK,4.32,4.32,3.82,4.17,4.2,4.24,47,11796,49485,
500016,"ARUNA HOTELS LTD.",X,STK,8.2,8.2,7.93,8.1,8.05,8.08,23,5086,41018,
500020,"BOMBAY DYEING & MFG.CO.LTD.",A,STK,113.81,115.31,112.57,113.15,113.47,114.21,1251,74707,8515422,
500023,"ASIAN HOTELS (NORTH) LIMITED",B,STK,298.45,301.65,292.6,294.05,293.15,298.45,53,230,68086,
500027,"ATUL LTD.",A,STK,6649.85,6649.85,6560,6592.15,6592.15,6596.55,203,649,4274850,
500028,"ATV PROJECTS INDIA LTD.",X,STK,34.7,35.9,34.1,35.23,35.23,35.67,178,28606,1010531,
500031,"BAJAJ ELECTRICALS LTD.",A,STK,389,394,386.9,391.55,391.4,387.85,710,16846,6568754,
500032,"BAJAJ HINDUSTHAN SUGAR LIMITED",A,STK,19.07,19.27,18.65,18.8,18.8,18.88,1794,662304,12585722,
500033,"FORCE MOTORS LTD.",A,STK,22558.85,22856.45,22325,22382.8,22382.8,22542.3,2753,9004,202918478,
500034,"BAJAJ FINANCE LIMITED",A,STK,900.05,910.6,896.1,908.7,908.7,906.3,7668,238827,216343790,
500038,"BALRAMPUR CHINI MILLS LTD.",A,STK,487.55,487.55,481.75,486,486,483.2,574,16952,8216704,
500039,"BANCO PRODUCTS (INDIA) LTD.",A,STK,610.6,630.85,610.6,624.85,622.35,619.9,461,9667,6044552,
500040,"ADITYA BIRLA REAL ESTATE LIMIT",A,STK,1442.2,1442.2,1410,1418.9,1422,1422.2,812,8340,11858389,
500041,"BANNARI AMMAN SUGARS LTD.",B,STK,3630,3630,3597.45,3597.45,3597.45,3689,17,59,212913,
500042,"BASF INDIA LTD.",A,STK,3678.4,3779.25,3678.4,3703.1,3714,3682.45,477,1788,6663359,
500043,"BATA INDIA LTD.",A,STK,754.95,760,744,757.05,756.2,745.9,954,11788,8897843,
500048,"BEML LTD.",A,STK,1769.95,1809.35,1740.15,1771.1,1771.1,1740.15,4400,72485,128827346,
500049,"BHARAT ELECTRONICS LTD.",A,STK,458.7,463.7,454.5,462.7,462.7,455.6,7460,664113,305216099,
500051,"BHAGAWATI GAS LIMITED",XT,STK,3.48,3.48,3.48,3.48,3.48,3.42,4,728,2533,
500052,"BHANSALI ENGINEERING POLYMERS",B,STK,97.91,99.26,97,97.26,97.3,96.47,406,28024,2750062,
500058,"BIHAR SPONGE IRON LTD.",XT,STK,15.35,15.68,14.7,15.22,15.48,14.98,150,62346,960434,
500060,"Birla Cable Limited",B,STK,146,162.95,141.45,159.75,158.5,142.1,2789,123935,18889824,
500067,"BLUE STAR LTD.",A,STK,1864.4,1872,1828.55,1865.85,1870,1848.65,1782,14025,25974939,
500068,"DISA INDIA LTD.",B,STK,12351,12696.65,12226.25,12622.05,12651,12295,159,244,3047910,
500069,"QUEST CAPITAL MARKETS LIMITED",X,STK,260,260,255,256.45,255,260.85,47,1427,367853,
500074,"BPL LTD.",B,STK,53.55,55,53.33,54.49,54.49,53.29,241,6466,350644,
500078,"ORIENTAL AROMATICS LIMITED",B,STK,296.15,318.85,296.15,312.35,311.35,314,128,2465,769757,
500083,"CENTURY EXTRUSIONS LTD.",B,STK,21.75,21.97,21.15,21.75,21.7,21.31,100,10737,231346,
500084,"CESC LTD.",A,STK,172.7,175.6,170.5,171.5,171.5,170.6,4731,376677,64828936,
500085,"CHAMBAL FERTILISERS & CHEMICAL",A,STK,453.35,462.4,452.85,454.15,454.3,453.25,1460,44280,20251210,
500086,"EXIDE INDUSTRIES LTD.",A,STK,331.45,333.45,328.65,330.05,330.05,331.45,4903,135001,44616491,
500087,"CIPLA LTD.",A,STK,1230.75,1244.8,1224.45,1238.3,1238.3,1230.75,4230,361921,447304428,
500089,"DIC INDIA LTD.",B,STK,549.95,549.95,535,547.85,545.1,538.4,60,274,149240,
500092,"CRISIL LTD.",A,STK,4143.9,4383.85,4100.6,4335.25,4335.25,4114.85,2920,13911,59717947,
500093,"CG Power and Industrial Soluti",A,STK,764.5,776.45,748.5,774.85,774.85,755.8,5373,456435,350759428,
500096,"DABUR INDIA LTD.",A,STK,430.5,444,424.05,442.1,443.9,427.65,4038,409687,180472209,
500097,"DALMIA BHARAT SUGAR AND INDUST",B,STK,374.55,398.7,374.55,394.05,394.75,377.25,1240,45011,17590367,
500101,"ARVIND LTD.",A,STK,390.35,393.15,384.3,387.2,387.9,382.7,559,17880,6934842,
500103,"BHARAT HEAVY ELECTRICALS LTD.",A,STK,311.7,317.7,307.4,316.7,316.7,309.05,13112,976718,305038699,
500104,"HINDUSTAN PETROLEUM CORPORATIO",A,STK,367.65,372.5,365,370.95,370.95,370.15,4478,210804,77946701,
500106,"IFCI LTD.",A,STK,61.84,62.33,60.9,61.22,61.22,60.68,4634,1154030,71060237,
500108,"MAHANAGAR TELEPHONE NIGAM LTD.",B,STK,33.75,34.35,32.8,33.37,33.2,33.29,1180,349746,11756981,
500109,"MANGALORE REFINERY & PETROCHEM",A,STK,175.1,184.5,175.1,183.2,183,174.95,8757,942356,170616256,
500110,"CHENNAI PETROLEUM CORPORATION",A,STK,991,1049.9,982.7,1041.9,1041.9,980.45,12469,162790,166260940,
500112,"STATE BANK OF INDIA",A,STK,1067.5,1082,1061.35,1080.35,1080.35,1067.5,17299,709240,760849368,
500113,"STEEL AUTHORITY OF INDIA LTD.",A,STK,171.8,174.5,170.4,173.5,173.5,171.55,10871,2105843,362082560,
500114,"TITAN COMPANY LIMITED",A,STK,4475,4532.65,4330,4526.3,4521,4461.3,8482,55863,248877252,
500116,"IDBI BANK LTD.",A,STK,74.87,75.23,74.18,75.07,75.07,74.29,3499,367098,27465345,
500117,"DCW LTD.",B,STK,47.35,47.73,45.7,46.26,46.51,47.35,709,106471,4939818,
500119,"DHAMPUR SUGAR MILLS LTD.",B,STK,143.35,144.1,141.6,142.15,142.05,141.5,262,15301,2180889,
500120,"DIAMINES & CHEMICALS LTD.",B,STK,269.05,273.35,258.45,265.05,265.25,265.7,112,2896,766490,
500123,"ELANTAS BECK INDIA LTD.",B,STK,9300,9392.05,9157.1,9217.6,9217.6,9285.85,181,847,7831774,
500124,"DR.REDDYS LABORATORIES LTD.",A,STK,1218.85,1241.95,1213,1235.4,1239,1221.25,3659,76118,93624518,
500125,"E.I.D.-PARRY (INDIA) LTD.",A,STK,849.7,875,849.15,865.45,865.45,853,1534,12350,10658428,
500126,"PROCTER & GAMBLE HEALTH LIMITE",A,STK,5000.05,5080,5000,5021.3,5015,4992.3,763,1473,7408659,
500128,"ELECTROSTEEL CASTINGS LTD.",A,STK,82.17,84.64,80.36,80.68,80.95,84.74,3141,339694,27798127,
500133,"ESAB INDIA LTD.",A,STK,5542,5738,5542,5722.85,5701.3,5552.75,59,239,1364044,
500135,"EPL LIMITED",A,STK,230,235.15,226.5,233.25,233.25,230,1942,99643,23047086,
500136,"ESTER INDUSTRIES LTD.",B,STK,91.8,93.64,91.8,93.09,93,92.3,65,3378,313947,
500142,"FGP LTD.",X,STK,10.75,11.26,10.11,11.15,11.15,10.65,36,3817,41954,
500143,"PH CAPITAL LTD.",XT,STK,579.55,608.5,555,608.25,608.5,579.55,174,16525,9949101,
500144,"FINOLEX CABLES LTD.",A,STK,914,955.85,914,943.6,940,913.6,4335,130840,123341930,
500147,"JOHN COCKERILL INDIA LIMITED",B,STK,5236.95,5349,5074.65,5164.7,5164.7,5236.95,771,5991,31429268,
500148,"UFLEX LTD.",B,STK,402.35,409,399.05,406.1,407,402.3,81,775,313287,
500150,"FOSECO INDIA LTD.",B,STK,4614.1,4725,4590,4690.75,4715.75,4653.9,34,55,257432,
500151,"GOLDEN TOBACCO LTD.",Z,STK,27.3,28.09,27.3,27.91,27.51,26.76,29,720,20057,
500153,"GANESH BENZOPLAST LTD.",B,STK,97.4,99.25,96.76,99.04,99,97.64,359,30642,3013567,
500159,"METROGLOBAL LIMITED",X,STK,146,147,126,135.1,135.5,137.85,530,37185,4989007,
500160,"GTL LTD.",T,STK,7.5,7.8,7.5,7.63,7.6,7.66,136,53696,410243,
500163,"GODFREY PHILLIPS INDIA LTD.",A,STK,2175,2265.35,2175,2207.1,2207.1,2125.85,15083,243382,540707853,
500164,"GODREJ INDUSTRIES LTD.",A,STK,919.7,930.4,913.25,926.95,925.75,918.7,380,4583,4230099,
500165,"KANSAI NEROLAC PAINTS LTD.",A,STK,202,204.7,200,203.05,203.5,200.7,628,22073,4471299,
500166,"GOODRICKE GROUP LTD.",X,STK,164.95,170,162.45,168.55,168.25,162.3,140,10394,1742537,
500168,"GOODYEAR INDIA LTD.",B,STK,776.7,787.5,772.75,783.05,784.25,776.2,426,5786,4514493,
500170,"GTN INDUSTRIES LTD.",X,STK,24.5,24.87,23,24.03,24,23.52,20,4475,108378,
500171,"GHCL LTD.",A,STK,513.6,519.25,511.6,515.1,512,513.1,409,6840,3521302,
500173,"GFL LIMITED",B,STK,47.5,47.5,43.89,46.21,46.21,47.43,308,16081,747431,
500174,"GUJARAT LEASE FINANCING LTD.",B,STK,5.62,5.98,5.62,5.98,5.98,5.7,10,3149,18820,
500179,"HCL INFOSYSTEMS LTD.",B,STK,13.48,13.48,12.76,13.07,13.18,13.1,335,80599,1057962,
500180,"HDFC BANK LTD.",A,STK,792.5,803.9,788.3,799.9,799.9,795.5,34208,1590072,1271122723,
500182,"HERO MOTOCORP LTD.",A,STK,5158.4,5249.65,5131.95,5229.25,5229.25,5160.85,5663,39309,205187570,
500183,"HFCL LIMITED",A,STK,91.49,96.25,91.11,95.45,95.45,91.49,12266,3117416,290852717,
500184,"Himadri Speciality Chemical Lt",A,STK,488.5,495,487.55,493.15,493.15,489.15,2847,119774,58910238,
500185,"HINDUSTAN CONSTRUCTION CO.LTD.",A,STK,18.97,19.7,18.9,19.09,19.15,18.91,5035,2550333,49347174,
500186,"HINDUSTAN OIL EXPLORATION CO.L",B,STK,158.3,165.8,156.5,158.75,158.75,158.2,1116,99957,16135389,
500187,"AGI GREENPAC LIMITED",A,STK,581.4,589,574.7,585.45,586.15,574.45,436,9367,5464601,
500188,"HINDUSTAN ZINC LTD.",A,STK,594.2,594.9,581.9,592.35,592.35,592.45,3913,162192,95577348,
500189,"NDL Ventures Limited",B,STK,124.5,125.7,122.55,123.6,122.55,123.8,49,2977,370213,
500191,"HMT LTD.",Z,STK,62.91,66.5,62.91,65.12,64.25,63.58,57,7709,500014,
500192,"PRAG BOSIMI SYNTHETICS LTD.",X,STK,1.86,1.86,1.79,1.86,1.86,1.82,22,6082,11270,
500193,"HLV LIMITED",B,STK,8.89,9.4,8.53,9.07,9.07,8.55,378,113566,1005044,
500199,"I G PETROCHEMICALS LTD.",B,STK,413,431.55,413,424.1,421.2,415.35,171,4376,1869547,
500201,"INDIA GLYCOLS LTD.",B,STK,974.8,991.05,970,975.65,973.1,963.8,461,5856,5743531,
500202,"INDIA LEASE DEVELOPMENT LTD.",X,STK,7.72,7.72,7.72,7.72,7.72,7.72,3,200,1544,
500206,"MARGO FINANCE LIMITED",X,STK,69.02,69.4,66.01,66.2,66.2,69.02,15,249,16552,
500207,"INDO RAMA SYNTHETICS (INDIA) L",B,STK,39.4,39.87,39.02,39.41,39.3,39.62,140,3303,130131,
500209,"INFOSYS LTD.",A,STK,1310.1,1328.1,1306.25,1318.6,1318.6,1318.9,9488,379897,499791816,
500210,"INGERSOLL-RAND (INDIA) LTD.",A,STK,4072.55,4196.5,4072.55,4106.05,4091,4087.05,307,11254,46187352,
500213,"INTERNATIONAL TRAVEL HOUSE LTD",X,STK,349.8,349.95,347,348.3,347,343.3,56,987,343654,
500214,"ION EXCHANGE (INDIA) LTD.",A,STK,403.85,410.9,398.85,400.25,400.25,395.85,479,14365,5800244,
500215,"SUNDROP BRANDS LIMITED",B,STK,639.95,651,636.4,650.3,648,639.85,17,338,217775,
500219,"JAIN IRRIGATION SYSTEMS LTD.",A,STK,34.25,34.59,32.85,33.05,33.05,34.21,1706,2284988,75602137,
500220,"JASCH INDUSTRIES LTD.",X,STK,151.55,156.95,150,155.6,154,151.55,26,977,151327,
500227,"JINDAL POLY FILMS LTD.",B,STK,722.95,722.95,704.9,711.95,711.95,709.55,345,4571,3251221,
500228,"JSW STEEL LTD.",A,STK,1212,1241.85,1199,1239.9,1239.9,1215.55,4282,65494,80446324,
500233,"KAJARIA CERAMICS LTD.",A,STK,1186.8,1186.8,1162.35,1178.2,1177.8,1169.1,1514,11347,13320257,
500234,"KAKATIYA CEMENT SUGAR & INDUST",B,STK,112,118,107,118,118,111.3,11,149,17069,
500235,"KALYANI STEELS LTD.",B,STK,718.95,750.45,718.95,746.9,746.9,719.75,171,2552,1892846,
500238,"WHIRLPOOL OF INDIA LTD.",A,STK,854.95,900,850.05,888.55,888.55,848.55,2651,32263,28398233,
500239,"KG DENIM LTD.",X,STK,15.75,16.2,15,16.03,16,15.15,90,4599,72533,
500240,"KINETIC ENGINEERING LTD.",X,STK,248.45,249.65,236.05,239.75,239.75,245.05,217,18753,4557951,
500241,"KIRLOSKAR BROTHERS LTD.",A,STK,1738.3,1779.8,1738.3,1764.1,1757.35,1738.5,1008,8979,15840144,
500243,"KIRLOSKAR INDUSTRIES LTD",B,STK,3178,3230,3136.05,3183.85,3185,3153.1,98,936,3000166,
500245,"KIRLOSKAR FERROUS INDUSTRIES L",B,STK,455,455,437.3,447.9,442.45,441.95,2078,75650,33826706,
500246,"ENVAIR ELECTRODYNE LTD.",X,STK,46.61,51.2,46.61,49.66,49.11,46.55,40,2640,132285,
500247,"KOTAK MAHINDRA BANK LTD.",A,STK,379.4,385.3,377,383.5,383.5,379.4,6792,349963,134076642,
500249,"KSB LIMITED",A,STK,949.4,979.3,945.65,966.6,966.6,942.6,3768,117515,112940011,
500250,"L.G.BALAKRISHNAN & BROS.LTD.",B,STK,1750.85,1798,1750.85,1752.6,1753,1732.25,189,1046,1856086,
500251,"TRENT LTD.",A,STK,4085.3,4165,4085.3,4105.95,4105.95,4084.3,6846,56899,234595000,
500252,"LMW Limited",A,STK,14032.95,14400,14000,14357.85,14300,13845.45,106,185,2631107,
500253,"LIC HOUSING FINANCE LTD.",A,STK,534.65,541.4,532.65,540.05,539,534.85,4093,86185,46347968,
500257,"LUPIN LTD.",A,STK,2322.3,2334.15,2302.6,2324.25,2321.4,2326.5,2248,39022,90557929,
500259,"LYKA LABS LTD.",T,STK,60,60.4,57.35,58.16,58.16,57.6,32,1291,76259,
500260,"THE RAMCO CEMENTS LIMITED",A,STK,1015.95,1018.2,996.1,1011.45,1014.45,1001.15,253,4156,4197103,
500262,"HYBRID FINANCIAL SERVICES LIMI",B,STK,24.79,24.79,21.59,22.34,22.34,21.39,9,93,2167,
500264,"MAFATLAL INDUSTRIES LTD.",B,STK,132.15,134.35,131.95,132.4,132.4,132.8,413,46327,6153253,
500265,"MAHARASHTRA SEAMLESS LTD.",A,STK,641.95,652.15,641,643.7,645.2,642.65,451,8666,5602832,
500266,"MAHARASHTRA SCOOTERS LTD.",A,STK,13079.95,13190,13052.45,13099.7,13074.65,12959.3,71,287,3764824,
500267,"MAJESTIC AUTO LTD.",X,STK,321.9,327.5,315.05,318.85,317,315.35,134,5363,1726930,
500268,"MANALI PETROCHEMICAL LTD.",B,STK,55,55.4,54.45,55.18,55.29,54.79,237,20863,1146076,
500270,"BARODA RAYON CORPORATION LTD.",X,STK,114.45,114.45,111,113.75,113.75,113,40,663,74725,
500271,"Max Financial Services Limited",A,STK,1693.75,1695.2,1669.5,1682,1669.5,1694.85,1577,163901,274653385,
500277,"MID INDIA INDUSTRIES LTD.",X,STK,6.75,7.19,6.75,7.04,7.1,6.62,13,3677,26012,
500279,"MIRC ELECTRONICS LTD.",B,STK,31.45,31.91,31.2,31.63,31.65,31.4,400,116051,3661404,
500280,"CENTURY ENKA LTD.",B,STK,439.95,440,429.55,436.55,433.65,429.05,37,285,123982,
500282,"MODERN THREADS (INDIA) LTD.",B,STK,46.6,49.9,46.6,49.9,49.9,47.55,11,4442,208445,
500284,"LORDS CHLORO ALKALI LTD.",B,STK,157,160,156.2,158.7,157,159,68,729,115787,
500285,"SPICEJET LTD.",A,STK,14.84,14.84,13.81,13.88,13.88,14.14,32821,51432463,737855459,
500288,"MOREPEN LABORATORIES LTD.",A,STK,41.4,43.06,41,41.92,41.92,41.13,1288,469635,19691323,
500290,"MRF LTD.",A,STK,139100.05,139993.1,138196.05,139772.65,139681.5,138752.55,499,625,87162639,
500292,"HEIDELBERGCEMENT INDIA LTD.",B,STK,160,160.9,158,160.1,160.75,158.45,659,12757,2040087,
500294,"NCC LIMITED",A,STK,161.65,163.65,159.5,161.3,161.3,160.5,3532,359417,58034673,
500295,"VEDANTA LIMITED",A,STK,784.7,791,771.85,787.6,787.6,782.75,10725,611082,477258372,
500296,"NAHAR SPINNING MILLS LTD.",B,STK,245.6,250.5,240.85,249.2,247.25,248.1,242,7978,1982237,
500298,"Naperol Investments Limited",X,STK,634.95,634.95,616.8,625.5,625.5,621.95,65,818,508750,
500300,"GRASIM INDUSTRIES LTD.",A,STK,2703.55,2735,2692.2,2718.25,2714.1,2716.3,1751,14640,39800558,
500304,"NIIT LTD.",B,STK,71.22,74.14,71.15,72.03,72.1,70.51,559,45915,3340628,
500306,"Jaykay Enterprises Limited",B,STK,164.85,166.4,161.9,164.25,164.25,161.35,586,15512,2545427,
500307,"NIRLON LTD.",B,STK,537.65,540,534.05,537.55,537.55,535.2,258,11063,5938181,
500312,"OIL AND NATURAL GAS CORPORATIO",A,STK,284.8,285.5,282.05,283.95,283.95,282.75,7513,792563,225137260,
500313,"OIL COUNTRY TUBULAR LTD.",B,STK,49,55.63,47.51,55.63,55.63,46.36,106,7987,415136,
500314,"ORIENTAL HOTELS LTD.",B,STK,101.1,101.1,96.89,98.08,99,99.42,243,8522,833865,
500317,"OSWAL AGRO MILLS LTD.",B,STK,50.31,51.95,49.69,51.2,51.2,50.31,75,2152,110301,
500319,"INDIAN SUCROSE LTD.",X,STK,78.89,82.5,78.25,82.09,82.5,77.57,144,16561,1335977,
500322,"PANYAM CEMENTS & MINERAL INDUS",XT,STK,116.7,122.5,116.7,122.5,122.5,116.7,10,280,34138,
500325,"RELIANCE INDUSTRIES LTD.",A,STK,1340,1367.7,1340,1365.1,1365.1,1343.45,24397,1367801,1850796659,
500327,"Pil Italica Lifestyle Limited",B,STK,7.29,8.36,7.11,8.3,8.34,7.02,284,50006,393286,
500330,"RAYMOND LTD.",A,STK,421.55,425.2,417.8,422.05,422.05,421.5,1303,30701,12917131,
500331,"PIDILITE INDUSTRIES LTD.",A,STK,1332.65,1397.9,1326.1,1393.25,1397.9,1330.7,4224,653845,905348662,
500333,"PIX TRANSMISSIONS LTD.",B,STK,1518.45,1543.55,1508.7,1519.85,1524.55,1525.15,149,1196,1820677,
500335,"BIRLA CORPORATION LTD.",A,STK,985,987,969.5,975,987,968.1,239,3516,3440463,
500336,"SURYA ROSHNI LTD.",A,STK,236,242.5,236,239.45,239.45,238.6,424,17740,4264117,
500337,"PRIME SECURITIES LTD.",B,STK,281.3,290,281.3,288,288,281.25,6,24,6847,
500338,"PRISM JOHNSON LIMITED.",B,STK,123.45,126.65,123.45,124.9,126.65,124.3,284,14550,1816711,
500339,"RAIN INDUSTRIES LIMITED",A,STK,132.95,135.05,131.9,132.45,132.45,132.05,1677,125033,16661875,
500342,"PRUDENTIAL SUGAR CORPORATION L",B,STK,17.79,17.79,17.77,17.77,17.77,16.95,4,126,2241,
500343,"AMJ LAND HOLDINGS LIMITED",B,STK,43.8,44.9,43.2,44.31,44.9,42.93,8,301,13252,
500346,"PUNJAB COMMUNICATIONS LTD.",B,STK,50.6,52.97,50.01,50.52,50.52,51.45,23,521,26362,
500350,"RSWM LTD.",B,STK,157.4,162.45,157.05,161.3,160.05,154.4,113,1708,274858,
500354,"RAJSHREE SUGARS & CHEMICALS LT",B,STK,34.45,35.5,34.16,35.49,35.5,34.28,150,2581,90455,
500355,"RALLIS INDIA LTD.",A,STK,267.75,270.8,262,268.8,266.35,263.45,572,14117,3762071,
500356,"SHREE RAMA NEWSPRINT LTD.",B,STK,34.35,36,34.35,35.69,36,34.7,194,23477,833851,
500357,"RAMA PAPER MILLS LTD.",Z,STK,13.99,14.64,13.26,14.49,14.49,13.95,37,12103,165510,
500360,"RAPICUT CARBIDES LTD.",X,STK,194.9,198.95,194,196.1,196.1,189.05,183,18235,3573449,
500365,"WELSPUN SPECIALTY SOLUTIONS LI",B,STK,37.47,37.69,36.81,37.26,37.4,37.04,419,92000,3434677,
500367,"RUBFILA INTERNATIONAL LTD.",B,STK,70.29,71.2,69.56,70.83,70.83,70.27,35,4833,340180,
500368,"Patanjali Foods Limited",A,STK,465.35,473.5,461.85,469.15,469.15,465.35,2842,103348,48438920,
500370,"SALORA INTERNATIONAL LTD.",X,STK,31.8,32.5,31.5,32,32,30.45,22,2051,65660,
500371,"SAMTEL INDIA LTD.",XT,STK,25.77,25.77,25.77,25.77,25.77,25.27,4,251,6468,
500378,"JINDAL SAW LTD.",A,STK,222.35,238.85,218.75,236.85,236.85,221.3,5687,444472,101305016,
500380,"JK LAKSHMI CEMENT LTD.",A,STK,658.25,679.9,656.7,673.15,674,656.9,435,4177,2778454,
500387,"SHREE CEMENT LTD.",A,STK,25399.05,25399.05,25110,25301.95,25280,25103.25,192,290,7314859,
500388,"SHREE KRISHNA PAPER MILLS & IN",X,STK,86,86,86,86,86,82,2,300,25800,
500389,"SILVERLINE TECHNOLOGIES LTD.",XT,STK,8.98,8.98,8.36,8.36,8.36,8.79,1433,1462046,12306143,
500400,"TATA POWER CO.LTD.",A,STK,428.05,432,424.7,427.45,427.45,427.25,13162,861948,368471366,
500402,"SPML INFRA LIMITED",B,STK,195.15,213.05,194.5,211.2,211.2,196.45,1416,88372,18172078,
500403,"SUNDRAM FASTENERS LTD.",A,STK,807,838,807,828.9,828,813.65,873,3932,3250068,
500404,"SUNFLAG IRON & STEEL CO.LTD.",B,STK,273.1,279.5,270.85,273.5,272.6,270.4,583,38329,10535660,
500405,"SUPREME PETROCHEM LTD.",A,STK,772.1,783.2,765.55,773.3,774.8,772.1,338,5246,4063750,
500407,"SWARAJ ENGINES LTD.",B,STK,4138.55,4138.55,4011,4049.2,4049.2,4093.25,330,1633,6621029,
500408,"TATA ELXSI LTD.",A,STK,4593.6,4750,4565.4,4591.55,4591.55,4593.9,5251,30052,139811062,
500410,"ACC LTD.",A,STK,1449.45,1449.45,1427.25,1431.85,1431.85,1442.9,2019,31308,44943813,
500411,"THERMAX LTD.",A,STK,4137,4169.9,4059.6,4141.2,4141.2,4120,1329,8450,34706270,
500412,"THIRUMALAI CHEMICALS LTD.",B,STK,203.45,205,199,200.6,201,202,554,21189,4265153,
500413,"THOMAS COOK (INDIA) LTD.",A,STK,110,111.79,108.11,110.94,110.94,109.31,818,75785,8400422,
500414,"TIMEX GROUP INDIA LTD.",B,STK,296.3,318,292.65,313.55,313.55,296.3,3239,342900,106064842,
500418,"TOKYO PLAST INTERNATIONAL LTD.",B,STK,94,107.65,94,107.65,107.65,89.71,677,161885,17295937,
500420,"TORRENT PHARMACEUTICALS LTD.",A,STK,4150.05,4192.8,4126.5,4178.85,4188.95,4156.35,2236,10581,44051508,
500421,"TPI INDIA LTD.",X,STK,15.68,16.88,15.65,15.67,15.67,16,23,1536,25311,
500422,"TRANSCHEM LTD.",XT,STK,180,180.7,173,180.7,180.7,172.1,83,6985,1260754,
500425,"AMBUJA CEMENTS LTD.",A,STK,458.65,462,456.05,458.95,458.95,458.65,3774,136285,62606003,
500426,"UTL INDUSTRIES LIMITED",X,STK,1.88,1.88,1.78,1.83,1.83,1.8,151,75163,137822,
500429,"UNIPHOS ENTERPRISES LTD.",B,STK,103.05,113,103.05,107.97,107.98,105.49,16,838,91870,
500439,"VARDHMAN HOLDINGS LTD.",B,STK,3345.2,3395.2,3330,3357.4,3353,3302.2,27,47,157737,
500440,"HINDALCO INDUSTRIES LTD.",A,STK,1035.5,1040.7,1025,1038.95,1038.95,1039.65,4883,119386,123444196,
500444,"West Coast Paper Mills Limited",B,STK,503.9,504.75,489.85,492,492.95,502.85,323,11917,5940372,
500449,"HINDUSTAN ORGANIC CHEMICALS LT",B,STK,30.19,30.9,29.5,30,30,29.52,496,92387,2791476,
500456,"PASUPATI ACRYLON LTD.",B,STK,48.84,48.84,48.3,48.75,48.75,47.73,93,3745,181427,
500458,"TEAM24 CONSUMER PRODUCTS LIMIT",X,STK,31.98,32,31.15,31.99,31.99,32,12,15398,492478,
500459,"PROCTER & GAMBLE HYGIENE & HEA",A,STK,9899.95,10039,9897,10006.55,9997,9863.35,419,900,8980463,
500460,"MUKAND LTD.",B,STK,137.6,138.55,135.5,136,136.05,136.7,173,7160,982879,
500463,"BLACK BOX LIMITED",A,STK,536,545,526.4,540.3,540.3,530.65,666,20473,10948040,
500464,"UCAL LIMITED",B,STK,99,103.4,99,100.77,100.77,99,28,979,99017,
500467,"HARRISONS MALAYALAM LTD.",B,STK,193.25,214.2,192.3,210.8,210.8,190.25,107,7644,1575074,
500469,"FEDERAL BANK LTD.",A,STK,287.95,294.15,282.8,293.7,293.9,284.3,5411,456507,132806816,
500470,"TATA STEEL LTD.",A,STK,210.7,212.4,208.45,212.05,212.05,210.7,16578,1565789,329961877,
500472,"SKF INDIA LTD.",A,STK,1689,1708.4,1680.95,1706.95,1705.4,1677.75,146,874,1478366,
500477,"ASHOK LEYLAND LTD.",A,STK,177.8,177.8,173.25,174.75,174.75,176.65,7127,600706,104962184,
500480,"CUMMINS INDIA LTD.",A,STK,5038,5179.6,5011.35,5141.75,5145,5039.05,3792,18787,96171480,
500483,"TATA COMMUNICATIONS LTD.",A,STK,1555.35,1574,1515.4,1521.05,1519,1562.35,3019,36747,56476965,
500488,"ABBOTT INDIA LTD.",A,STK,25880.4,26052.05,25561,25797.15,25815,25862.15,603,1087,28004426,
500490,"BAJAJ HOLDINGS & INVESTMENT LT",A,STK,10216.2,10400,10152,10366.6,10366.6,10215,544,1548,15978842,
500493,"BHARAT FORGE LTD.",A,STK,1860,1875,1821.05,1859.95,1862,1855.25,2328,22996,42647336,
500495,"Escorts Kubota Limited",A,STK,3299.05,3309,3263,3294.65,3290,3285.15,1013,5323,17521016,
500500,"HINDUSTAN MOTORS LTD.",XT,STK,17.12,17.23,16.81,17.12,17.12,16.99,1188,319264,5451608,
500510,"LARSEN & TOUBRO LTD.",A,STK,4135.9,4141,4072.2,4094.95,4094.95,4117.35,7978,143835,590723530,
500520,"MAHINDRA & MAHINDRA LTD.",A,STK,3208.95,3242.05,3186,3199.35,3199.35,3221.35,4637,216265,696057796,
500530,"BOSCH LTD.",A,STK,37584.95,37919.9,37240.35,37505.6,37523.25,37425.5,676,1299,48895161,
500540,"PREMIER LTD.",T,STK,3.15,3.3,3.15,3.29,3.29,3.15,5,1145,3772,
500547,"BHARAT PETROLEUM CORPORATION L",A,STK,309,313.7,305.4,312.05,312.05,308,8900,532270,165426181,
500550,"SIEMENS LTD.",A,STK,3580,3715.75,3563.95,3706.55,3690.8,3564.45,9085,71689,262587603,
500570,"TATA MOTORS PASSENGER VEHICLES",A,STK,352.5,361.2,352.5,360.15,360.15,356.45,13098,751951,269568658,
500575,"VOLTAS LTD.",A,STK,1418.45,1447,1395.1,1440,1440,1409,3198,45078,64154749,
500620,"GREAT EASTERN SHIPPING CO.LTD.",A,STK,1382.95,1436,1382.95,1425.3,1425.3,1381.25,1667,18065,25520438,
500645,"DEEPAK FERTILISERS & PETROCHEM",A,STK,1200.5,1254.25,1198.65,1229,1225,1198.65,3150,64336,79288893,
500650,"EXCEL INDUSTRIES LTD.",B,STK,973.2,980.8,957.05,974.45,968,954.4,63,623,605425,
500655,"GARWARE HI-TECH FILMS LIMITED",A,STK,3987.1,4040,3940,4004.95,3966.9,3972.55,278,2256,9022034,
500660,"GLAXOSMITHKLINE PHARMACEUTICAL",A,STK,2443.95,2465,2418.5,2451.8,2451.8,2419.1,359,1739,4256085,
500670,"GUJARAT NARMADA VALLEY FERTILI",A,STK,464,496.65,463.1,489.4,489.4,463.4,2983,96654,46767615,
500672,"NOVARTIS INDIA LTD.",B,STK,999.7,1008.9,992,994.4,994.4,999.7,340,18181,18168878,
500674,"SANOFI INDIA LTD",A,STK,3570.05,3613.65,3535.5,3559.8,3557.3,3560,1228,4534,16201222,
500680,"PFIZER LTD.",A,STK,4869.25,4971.45,4867.55,4954.05,4954.05,4869.25,215,524,2580052,
500690,"GUJARAT STATE FERTILIZERS & CH",A,STK,170.25,175.9,170.25,174.1,173.5,171.3,1306,81553,14152282,
500696,"HINDUSTAN UNILEVER LTD.",A,STK,2135.65,2244.5,2133.05,2241.1,2241.1,2139.45,15308,261593,580466754,
500710,"JSW Dulux Limited",A,STK,2975.8,2999.95,2914,2930.65,2930.65,2958.7,338,1232,3639343,
500730,"NOCIL LTD.",B,STK,175.55,176.7,170.85,172.1,172.1,173.85,782,39051,6793069,
500770,"TATA CHEMICALS LTD.",A,STK,706.35,719.1,706.35,709.05,709.05,706.95,2198,56829,40371634,
500777,"TAMILNADU PETROPRODUCTS LTD.",B,STK,91.38,92.74,91.38,91.81,91.59,91.32,258,12227,1124762,
500780,"Zuari Industries Limited",B,STK,268.8,273.85,267,271.85,271.25,265.75,275,12208,3304674,
500790,"NESTLE INDIA LTD.",A,STK,1254.55,1292,1252.85,1285.65,1282,1258.55,3660,76558,97990367,
500800,"TATA CONSUMER PRODUCTS LIMITED",A,STK,1109.25,1126,1091.05,1113.7,1110.9,1101.5,1677,22726,25311000,
500820,"ASIAN PAINTS LTD.",A,STK,2448,2486,2416.7,2463.4,2463.4,2440.35,6670,58833,144946437,
500825,"BRITANNIA INDUSTRIES LTD.",A,STK,5667.95,5749.9,5576.85,5733.75,5733.75,5589.5,2703,12942,73618495,
500830,"COLGATE-PALMOLIVE (INDIA) LTD.",A,STK,1970.95,2121.75,1970,2106.2,2106.2,1978.1,12789,117096,244698058,
500840,"EIH LTD.",A,STK,323.6,324.05,318.25,321.55,321.5,319.75,480,9123,2931138,
500850,"INDIAN HOTELS CO.LTD.",A,STK,652.45,661.35,648,659.55,659.55,653.3,4652,139454,91406100,
500870,"CASTROL INDIA LTD.",A,STK,180.75,183.5,180.1,182.3,182.9,180.75,2846,181587,33054822,
500875,"ITC LTD.",A,STK,303.5,310,303.5,306.8,306.8,303.45,22780,1549005,476529255,
500877,"APOLLO TYRES LTD.",A,STK,442.1,449,442,445.3,445.1,443.75,4754,71337,31803121,
500878,"CEAT LTD.",A,STK,3769.55,3785,3671.85,3713.55,3711,3700.65,1773,9898,37013800,
500890,"MODI RUBBER LTD.",B,STK,129.55,135.8,122.35,129.25,127.9,124.05,48,1409,183283,
500940,"FINOLEX INDUSTRIES LTD.",A,STK,173.65,176.35,171.25,174.7,174,172.8,953,36367,6358184,
501150,"CENTRUM CAPITAL LTD.",B,STK,25.45,26.24,25.14,25.6,25.6,25.83,413,61534,1579605,
501151,"KARTIK INVESTMENTS TRUST LTD.",XT,STK,4049.85,4049.85,4049.85,4049.85,4049.85,3857,5,7,28348,
501242,"TCI FINANCE LTD.",B,STK,15,15.37,15,15.03,15.03,14.9,58,5387,81509,
501270,"ANTARIKSH INDUSTRIES LIMITED",XT,STK,1.28,1.28,1.28,1.28,1.28,1.34,1,1,1,
501295,"INDUSTRIAL INVESTMENT TRUST LT",B,STK,167.65,168.65,163.7,166.3,164.25,163.75,70,7166,1189374,
501298,"INDUSTRIAL & PRUDENTIAL INVEST",B,STK,6180,6345,6032,6263.2,6251,6117.5,39,236,1467119,
501301,"TATA INVESTMENT CORPORATION LT",A,STK,710,717.05,705,713.1,713.8,709.7,1178,31624,22500055,
501311,"JAYABHARAT CREDIT LTD.",X,STK,19.37,20.33,19.37,20.32,20.32,19.37,8,10004,203348,
501314,"PRISMX GLOBAL VENTURES LIMITED",X,STK,0.74,0.76,0.67,0.71,0.72,0.71,373,1073913,770816,
501343,"MOTOR & GENERAL FINANCE LTD.",B,STK,24,25.99,24,25.61,25.65,25.1,58,2064,52320,
501351,"RAPID INVESTMENTS LTD.",X,STK,87.56,87.57,87.56,87.57,87.57,83.4,10,332,29073,
501370,"WALCHAND PEOPLEFIRST LTD.",X,STK,115,115,110,110.53,110.53,108,27,468,53390,
501391,"W.H.BRADY & CO.LTD.",X,STK,568.65,568.65,550.2,554.45,552.95,556.95,22,133,74419,
501421,"TechNVision Ventures Limited",X,STK,5850,6050,5800,6038.1,6038,5899.85,44,389,2298849,
501423,"SHAILY ENGINEERING PLASTICS LT",A,STK,1910.65,1919.7,1858,1885.35,1895,1902.1,3354,48722,92018076,
501425,"The Bombay Burmah Trading Corp",A,STK,1503.65,1542,1503.65,1529.05,1523.1,1502.1,695,6965,10641455,
501430,"BOMBAY CYCLE & MOTOR AGENCY LT",X,STK,1735.25,1741.3,1670,1733,1741.3,1658.4,17,87,150231,
501455,"GREAVES COTTON LTD.",A,STK,157.6,163.4,157.6,161.4,161.6,158.25,1327,74265,11965811,
501477,"MULLER & PHIPPS (INDIA) LTD.",X,STK,220,220,220,220,220,220,3,4,880,
501622,"AMALGAMATED ELECTRICITY CO.LTD",X,STK,47.18,47.18,47.18,47.18,47.18,47.18,3,50,2359,
501700,"INDIANIVESH LTD.",X,STK,7,7.68,7,7.37,7.51,7.25,44,13696,101677,
501831,"COASTAL CORPORATION LTD.",B,STK,51.64,54.8,51.64,52.79,52.59,50.54,585,31345,1675092,
501833,"CHOWGULE STEAMSHIPS LTD.",X,STK,19.99,21.5,19.5,21.16,21.35,19.94,56,4380,88022,
501848,"GARWARE OFFSHORE SERVICES LIMI",XT,STK,50.61,51.97,49.5,50.88,51,49.62,63,27071,1376538,
501945,"DHENU BUILDCON INFRA LTD.",Z,STK,9.75,9.75,9.7,9.75,9.75,9.56,60,5641,54994,
502015,"ASI INDUSTRIES LIMITED",X,STK,25.99,26.98,25.4,26.27,26.27,25.79,151,44126,1147431,
502090,"SAGAR CEMENTS LTD.",B,STK,184.65,188.95,179.95,185.05,185.05,182.1,138,4192,773774,
502137,"DECCAN CEMENTS LTD.",B,STK,681.95,681.95,664.7,667,667,676.8,56,519,347703,
502157,"MANGALAM CEMENT LTD.",B,STK,915,924,905.75,915.45,915.45,902.25,141,18254,16634133,
502168,"NCL INDUSTRIES LTD.",B,STK,181.55,182,178.8,179,178.85,179,95,3914,704164,
502175,"SAURASHTRA CEMENT LTD.",B,STK,63.92,64.96,63.63,64.51,64.07,63.73,128,7353,472982,
502180,"SHREE DIGVIJAY CEMENT CO.LTD.",B,STK,72.99,74.19,72.26,73.87,73.68,72.74,87,6623,488081,
502219,"BOROSIL RENEWABLES LIMITED",A,STK,484.5,507,484.5,498.5,499.25,484.8,880,31594,15801333,
502250,"LERTHAI FINANCE LIMITED",XT,STK,638.35,656.85,638.35,656.85,656.85,638.35,2,10,6402,
502281,"TRIVENI GLASS LTD.",X,STK,6.8,6.8,6.48,6.48,6.48,6.56,58,18369,120191,
502294,"NILACHAL REFRACTORIES LTD.",XT,STK,40.33,44.56,40.33,44.55,44.55,42.45,27,3315,134169,
502330,"ANDHRA PAPER LIMITED",B,STK,68.33,68.61,67.11,67.85,68.03,68.21,42,1564,105989,
502355,"BALKRISHNA INDUSTRIES LTD.",A,STK,2330.15,2364,2308.05,2329.8,2345,2343.8,1749,937775,2187947939,
502420,"ORIENT PAPER & INDUSTRIES LTD.",B,STK,19.08,19.5,18.39,19.21,19.25,19.07,254,77291,1458531,
502445,"CITADEL REALTY AND DEVELOPERS",X,STK,39.01,43.69,39,43.15,43.65,41.13,28,2020,80659,
502448,"ROLLATAINERS LTD.",T,STK,1.3,1.35,1.29,1.35,1.35,1.29,46,95870,128366,
502450,"SESHASAYEE PAPER & BOARDS LTD.",B,STK,270,274.2,267.25,270.95,274.15,269.25,69,1520,411754,
502587,"NATH INDUSTRIES LIMITED",X,STK,55,57.69,55,56.05,56.05,54.49,25,611,34036,
502589,"VAPI ENTERPRISE LIMITED",X,STK,99.01,108.99,99.01,108.99,108.99,104.18,3,255,25297,
502820,"DCM LTD.",B,STK,74.99,74.99,69.63,72.33,72.75,70.9,63,1189,85234,
502865,"FORBES & COMPANY LTD.",X,STK,333.05,345,333.05,338.45,335,341,63,1564,531340,
502873,"H.P.COTTON TEXTILE MILLS LTD.",X,STK,112.75,112.75,105.5,108.13,109,112.75,22,3075,327560,
502893,"UNITED INTERACTIVE LTD.",X,STK,70.64,70.64,70.64,70.64,70.64,70.64,1,1,70,
502901,"JAMSHRI REALTY LIMITED",X,STK,81.36,82,80.01,80.33,82,81.36,37,2268,183442,
502933,"KATARE SPINNING MILLS LTD.",X,STK,107.1,107.1,107,107.1,107.1,102,7,258,27628,
502937,"KESORAM INDUSTRIES LTD.",A,STK,9.91,10.6,9.91,10.6,10.6,10.1,353,127246,1342419,
502958,"LAKSHMI MILLS COMPANY LTD.",X,STK,7400,8300,7398.65,7893.45,8000,7272.75,92,458,3634402,
502986,"VARDHMAN TEXTILES LTD.",A,STK,548.25,559.5,544.7,557.75,556.05,545.1,480,8030,4427669,
503031,"PENINSULA LAND LTD.",B,STK,19.6,22.5,19.6,22.2,22.18,21.04,449,80229,1759370,
503092,"PASUPATI SPG.& WVG.MILLS LTD.",X,STK,26.42,27.5,26.42,26.92,26.8,26.42,10,504,13816,
503100,"THE PHOENIX MILLS LTD",A,STK,1766.35,1807,1766.35,1794.35,1798,1782.35,932,55790,99838994,
503101,"MARATHON NEXTGEN REALTY LTD.",B,STK,485,493.4,483.65,489.15,493.4,483.2,57,1166,568016,
503127,"RAJA BAHADUR INTERNATIONAL LTD",X,STK,5050,5050,4988,5001.35,4988,5250,8,21,105369,
503162,"RELIANCE CHEMOTEX INDUSTRIES L",B,STK,124,126.75,118,123.1,123.5,120,70,4407,541085,
503169,"RUBY MILLS LTD.",B,STK,240,241,232.75,238.8,241,234.25,97,4681,1116913,
503229,"SIMPLEX REALTY LTD.",X,STK,156.9,164,156.9,163.9,163.9,164.55,3,11,1789,
503310,"Swan Corp Limited",A,STK,354.7,359.65,350,354.8,354.8,353.4,2077,110185,39219223,
503349,"VICTORIA MILLS LTD.",X,STK,5251,5339,5250,5339,5339,5339,4,5,26390,
503624,"SVARAJ TRADING & AGENCIES LTD.",XT,STK,9.5,9.5,9.12,9.21,9.21,9.49,12,816,7717,
503635,"SHREE SALASAR INVESTMENT LTD.",XT,STK,551.8,551.8,551.8,551.8,551.8,580.8,10,62,34211,
503639,"INDSOYA LTD.",XT,STK,34.11,34.11,34.11,34.11,34.11,32.49,1,20,682,
503641,"ZODIAC VENTURES LIMITED",X,STK,2.18,2.18,2,2.17,2.17,2.08,546,557022,1177905,
503657,"VEER ENERGY & INFRASTRUCTURE L",X,STK,13.95,14.3,13.3,13.62,13.64,13.32,170,16278,220975,
503663,"Tilak Ventures Limited",X,STK,1.05,1.13,1.04,1.12,1.13,1.04,1314,3842441,4207810,
503675,"WAGEND INFRA VENTURE LIMITED",X,STK,1.06,1.19,1.06,1.13,1.13,1.12,31,47462,56112,
503681,"ELCID INVESTMENTS LTD.",B,STK,128100,135399.95,125060,134869.5,135000,123995.05,313,374,50027128,
503685,"MEDIAONE GLOBAL ENTERTAINMENT",Z,STK,15.4,16.15,15.4,16.1,16.1,16.2,13,342,5356,
503722,"BANSWARA SYNTEX LTD.",B,STK,113.6,116,113.09,115.16,115.16,113.8,59,1535,177182,
503772,"MODELLA WOOLLENS LTD.",X,STK,67.9,71.24,67.9,70.01,70.01,67.9,13,555,38977,
503776,"MODIPON LTD.",X,STK,42,43.25,42,43.25,43.25,41.29,10,1218,52667,
503804,"SHRI DINESH MILLS LTD.",X,STK,307.25,344,300,332.2,334.95,308.8,303,33013,10817043,
503806,"SRF LTD.",A,STK,2519.1,2525.6,2490,2493.65,2496.65,2503.05,1629,11789,29539262,
503811,"SIYARAM SILK MILLS LTD.",B,STK,555,555,540.1,544.6,545,541.6,281,1522,827816,
503816,"SWADESHI POLYTEX LTD.",X,STK,39.79,39.79,38,38.13,38.01,38.23,82,4183,160991,
503837,"SHREE RAJASTHAN SYNTEX LTD.",X,STK,12.96,13.6,12.35,13.6,13.6,12.96,11,2478,33339,
503960,"BHARAT BIJLEE LTD.",A,STK,2660.45,2775,2638.15,2748.75,2748.75,2613.4,384,2169,5928037,
504000,"ELPRO INTERNATIONAL LTD.",B,STK,103.9,103.9,100.34,101.55,101.55,102.37,875,261013,26545704,
504028,"GEE LTD.",X,STK,69.88,69.88,66.32,68.04,68.04,67.33,54,17994,1224359,
504036,"HIND RECTIFIERS LTD.",B,STK,909.4,913.2,883.5,897.3,897.3,894.8,723,11339,10167797,
504058,"INDO-NATIONAL LTD.",B,STK,322.35,326.2,322.25,326.15,326.1,321.1,31,222,71945,
504067,"ZENSAR TECHNOLOGIES LTD.",A,STK,598.55,604.75,591.5,603,603,588.25,1613,29481,17643845,
504076,"JYOTI LTD.",X,STK,70.71,72.99,68.5,70.86,71,71.51,253,25821,1820079,
504080,"JSL INDUSTRIES LTD.",X,STK,1025,1049,1010,1049,1049,971.8,17,90,91719,
504084,"KAYCEE INDUSTRIES LTD.",X,STK,932.35,949.85,912.65,945.1,949,904.65,202,1904,1789330,
504092,"INDOKEM LTD.",T,STK,501,519,480.15,512.9,519,495.1,205,9651,4847161,
504093,"PANASONIC ENERGY INDIA COMPANY",X,STK,290.3,318,290.3,313.25,310.35,300,127,3439,1058719,
504112,"NELCO LTD.",B,STK,678.9,690,673.55,685.5,687,670.85,348,7053,4803042,
504132,"PERMANENT MAGNETS LTD.",X,STK,838.05,855,832.5,847.8,845.05,832.5,117,2340,1968280,
504176,"HIGH ENERGY BATTERIES (INDIA)",X,STK,609.95,626,604,620.95,620.95,604.5,447,9456,5856983,
504180,"STANDARD BATTERIES LTD.",XT,STK,48.6,50.03,48.6,50.02,50.03,47.65,58,3156,155966,
504212,"UNIVERSAL CABLES LTD.",B,STK,802.65,870,792.9,838.3,842.55,797.95,409,4970,4198762,
504220,"W.S.INDUSTRIES (INDIA) LTD.",B,STK,75,75.46,74,74.35,74,74.7,66,13146,974343,
504240,"DELTON CABLES LTD.",X,STK,416,449.9,397,406.6,406.6,410.55,957,45461,18734360,
504258,"LAKSHMI ELECTRICAL CONTROL SYS",X,STK,823,890,823,882.7,882.7,838.15,127,810,704901,
504273,"MODULEX CONSTRUCTION TECHNOLOG",Z,STK,18.85,19.48,18.1,18.97,19.17,18.58,37,19087,354504,
504286,"DELTA MANUFACTURING LIMITED",B,STK,67,67,54.8,62.75,62.75,58.71,32,3928,242133,
504340,"Longspur International Venture",X,STK,6.3,6.49,6.25,6.49,6.49,6.37,11,69941,453408,
504341,"RAVINDRA ENERGY LIMITED",B,STK,139.3,143.15,137.5,138.95,139.9,139.25,173,11087,1558946,
504351,"EMPOWER INDIA LTD.",X,STK,1.45,1.45,1.4,1.42,1.42,1.42,1138,2286594,3260676,
504369,"GRANDMA TRADING & AGENCIES LTD",X,STK,0.49,0.49,0.49,0.49,0.49,0.49,8,2627,1287,
504378,"NYSSA CORPORATION LIMITED",X,STK,2.48,2.64,2.48,2.6,2.6,2.5,148,89929,231866,
504380,"FLOMIC GLOBAL LOGISTICS LIMITE",X,STK,54.5,54.5,47.01,48.08,47.43,48.21,30,770,37423,
504392,"KRISHNA VENTURES LIMITED",XT,STK,23.28,23.28,22.82,22.82,22.82,23.28,15,7527,174395,
504605,"UNI ABEX ALLOY PRODUCTS LTD.",X,STK,3252.75,3325,3250.15,3287.1,3290,3252.75,54,459,1508380,
504614,"SARDA ENERGY & MINERALS LTD.",A,STK,604.9,604.9,592.2,595.75,593.05,597.7,2935,82314,49197061,
504646,"BHAGWATI AUTOCAST LTD.",X,STK,579.5,600,571.3,589.95,599.9,578.45,93,2136,1251635,
504648,"BOMBAY WIRE ROPES LTD.",X,STK,55,55,53.4,53.4,53.4,49.5,31,1912,104669,
504731,"AZAD INDIA MOBILITY LIMITED",X,STK,103.9,103.9,98.01,103.37,103.57,101.97,86,4408,450868,
504741,"INDIAN HUME PIPE CO.LTD.",B,STK,326,334.9,322.2,331.85,330,325.7,332,8830,2891565,
504746,"INDIAN LINK CHAIN MANUFACTURES",XT,STK,1292.3,1292.3,1292.3,1292.3,1292.3,1318.65,10,30,38769,
504786,"INVESTMENT & PRECISION CASTING",X,STK,624.8,636,606.05,626.55,626.55,604.7,326,7950,4978591,
504810,"INFORMED TECHNOLOGIES INDIA LT",X,STK,85,85,81.02,85,85,86.99,12,131,10711,
504840,"KAIRA CAN CO.LTD.",X,STK,1399.9,1399.9,1399,1399.9,1399.9,1350,5,9,12598,
504879,"ORIENT CERATECH LIMITED",B,STK,44.99,44.99,42.5,43.25,43.25,42.32,37,1841,79735,
504882,"NATIONAL STANDARD (INDIA) LTD.",B,STK,1401,1474.95,1400.45,1419.5,1450,1408.45,23,63,90685,
504903,"RATHI STEEL & POWER LTD.",X,STK,21.9,21.9,20.66,21.52,21.52,21.08,193,34828,743935,
504908,"Duncan Engineering Limited",X,STK,373,388.95,371,387.5,387.5,371.15,24,389,148662,
504918,"SANDUR MANGANESE & IRON ORES L",B,STK,218,221.2,217.05,218.35,218.35,217.7,1378,117786,25771893,
504959,"STOVEC INDUSTRIES LTD.",X,STK,1990,2015,1990,2005.3,2005.3,1965.8,103,555,1109039,
504973,"CHOLAMANDALAM FINANCIAL HOLDIN",A,STK,1605.3,1646.35,1571.8,1641.1,1641.1,1583.6,909,9884,15981356,
504988,"WELCAST STEELS LTD.",X,STK,760.5,827,726,726,726,712.1,37,128,99622,
505010,"AUTOMOTIVE AXLES LTD.",B,STK,1786.3,1896.25,1786.3,1889.1,1851.75,1787.15,274,1311,2444167,
505029,"ATLAS CYCLES (HARYANA) LTD.",B,STK,108.1,115.56,107.45,108.93,109.5,105.98,556,11269,1248883,
505036,"AUTOMOBILE CORPORATION OF GOA",B,STK,1790,1848.8,1789.8,1826.65,1826.65,1779.85,176,1204,2199116,
505075,"SETCO AUTOMOTIVE LTD.",T,STK,23.9,23.9,22.81,22.99,22.81,23.96,86,26483,614193,
505160,"TALBROS AUTOMOTIVE COMPONENTS",B,STK,271.05,279.55,270.85,274.7,276.5,269.25,283,5664,1559847,
505163,"Z.F.STEERING GEAR (INDIA) LTD.",X,STK,848,848,830.6,838.95,842,837.65,142,2315,1943133,
505192,"SML Mahindra Limited",B,STK,4398.95,4428.05,4256.05,4317.2,4312,4342.65,536,4269,18483324,
505196,"TIL LTD.",B,STK,215.75,215.75,202.65,206.55,206.55,212.55,171,4151,871755,
505200,"EICHER MOTORS LTD.",A,STK,7149.95,7199,7062.5,7189.4,7189.4,7131.65,4667,62925,451266757,
505212,"JAINEX AAMCOL LTD.",X,STK,120.64,121,120.64,121,121,121,3,145,17527,
505216,"ALFRED HERBERT (INDIA) LTD.",X,STK,2850,2851,2850,2850,2850,2820.05,8,62,176701,
505232,"VELJAN DENISON LIMITED",X,STK,981,998.65,981,991.55,990,981.7,37,301,298319,
505242,"DYNAMATIC TECHNOLOGIES LTD.",B,STK,10399.95,10514.5,10250,10328.45,10281,10323.15,178,530,5496993,
505255,"GMM PFAUDLER LTD.",A,STK,929.95,932.25,919.65,931.05,932,918.55,296,1371,1267418,
505283,"KIRLOSKAR PNEUMATIC CO.LTD.",A,STK,1264.95,1285,1249.7,1264.85,1279,1251.15,1646,16564,20937620,
505285,"TULIVE DEVELOPERS LIMITED",XT,STK,805,812.7,805,812,812,796.8,16,1386,1126069,
505299,"KPT INDUSTRIES LIMITED",X,STK,566.05,580,560,563.65,568.9,565.05,130,3398,1917070,
505302,"LAKSHMI ENGINEERING AND WAREHO",X,STK,2149.8,2149.8,2062.2,2090,2090,2060.2,4,20,41843,
505324,"MANUGRAPH INDIA LTD.",B,STK,13.53,14.01,13.53,14,14,13.53,9,586,8147,
505336,"HARSHIL AGROTECH LIMITED",XT,STK,0.47,0.48,0.45,0.47,0.47,0.47,917,2949477,1370944,
505343,"MONOTYPE INDIA LTD.",X,STK,0.47,0.49,0.46,0.48,0.48,0.47,848,1963448,931851,
505355,"NESCO LTD.",B,STK,1198.2,1217,1166.1,1208.65,1214.95,1171.1,252,1871,2225244,
505358,"INTEGRA ENGINEERING INDIA LTD.",X,STK,182.55,189.5,181,183,182.75,182.35,193,9705,1799565,
505368,"Semac Construction Limited",B,STK,290.3,298.5,283.45,295.95,295.95,280.9,13,256,75698,
505400,"TEXMACO INFRASTRUCTURE & HOLDI",B,STK,102.64,103,100.88,101.82,102.3,101.67,42,1516,154414,
505412,"WENDT (INDIA) LTD.",B,STK,7084.85,7141.95,7012,7090.95,7090.95,7032.95,114,560,3955937,
505502,"PS IT INFRASTRUCTURE & SERVICE",X,STK,1.34,1.34,1.34,1.34,1.34,1.32,2,60,80,
505504,"GHV INFRA PROJECTS LIMITED",XT,STK,318,318,300,309.6,310,315.65,794,25891,8016530,
505509,"RESPONSIVE INDUSTRIES LTD.",B,STK,155.9,156.95,152.6,152.85,152.6,155.2,98,2739,425001,
505515,"SHYAMKAMAL INVESTMENTS LTD.",X,STK,13.2,13.22,12.64,13.09,13.09,13.09,28,1468,18778,
505523,"MAHARASHTRA CORPORATION LTD.",XT,STK,0.39,0.39,0.38,0.39,0.39,0.39,334,535228,206493,
505526,"DOLAT ALGOTECH LIMITED",B,STK,81,81.6,80.3,81.16,81.6,80.5,111,10891,879687,
505533,"WESTLIFE FOODWORLD LIMITED",A,STK,465,468.4,462,464.45,464.8,468.9,317,2465,1143638,
505537,"ZEE ENTERTAINMENT ENTERPRISES",A,STK,80.21,81.86,79.91,81.06,81.06,80.21,4106,602366,48710905,
505590,"SVP GLOBAL TEXTILES LIMITED",B,STK,3.49,3.5,3.12,3.5,3.5,3.19,26,16371,55326,
505650,"SKYLINE MILLARS LTD.",X,STK,19,19,18.25,18.34,18.35,18.56,29,5240,97447,
505681,"BIMETAL BEARINGS LTD.",X,STK,558,605.9,550,581.5,580.3,559.8,84,2700,1606811,
505688,"BHARAT GEARS LTD.",B,STK,114.87,115,112,112.55,113,114.04,230,5966,676037,
505690,"BRADY & MORRIS ENGINEERING CO.",X,STK,848.4,875,820.15,828.4,859,837.5,31,175,147751,
505693,"La Tim Metal & Industries Limi",X,STK,10.87,10.87,10.15,10.28,10.39,10.45,202,387247,4065142,
505700,"ELECON ENGINEERING CO.LTD.",A,STK,408.2,415,405,412.8,413,406.75,2434,96784,39771928,
505710,"GRAUER & WEIL (INDIA) LTD.",B,STK,67.2,68.55,67.2,67.96,67.96,67.83,455,78410,5330523,
505712,"HIM TEKNOFORGE LIMITED",X,STK,216.9,216.9,208,212.25,212.25,211.8,53,3254,685324,
505714,"GABRIEL INDIA LTD.",A,STK,1008.15,1018.2,993.3,1012.9,1012.9,997.9,1854,32721,33000471,
505720,"Hercules Investments Limited",X,STK,126.5,130.8,125.1,129.81,129.81,124.84,313,19798,2548961,
505725,"ALGOQUANT FINTECH LIMITED",B,STK,55.18,56,55.04,55.51,55.8,55.44,730,197489,10948334,
505726,"IFB INDUSTRIES LTD.",B,STK,1125,1125,1100,1116,1119.2,1092.7,180,2266,2527576,
505729,"SINGER INDIA LTD.",B,STK,76.87,78.7,76,76.21,76,76.15,748,13549,1049172,
505737,"INTERNATIONAL COMBUSTION (INDI",X,STK,557.55,557.55,535.05,544.45,552,549.1,125,3184,1730558,
505744,"FEDERAL-MOGUL GOETZE (INDIA) L",B,STK,454.2,455.05,442.4,443.65,443,450.15,126,2815,1264143,
505750,"JOSTS ENGINEERING CO.LTD.",X,STK,261.7,278,260,266.75,266.75,266.45,179,6678,1783934,
505790,"Schaeffler India Limited",A,STK,4017.25,4023,3927.6,4000.7,4023,3962.6,530,1550,6187467,
505800,"RANE HOLDINGS LTD.",B,STK,1133.45,1151.85,1078,1082.55,1082.55,1111.2,176,931,1024886,
505807,"ROLCON ENGINEERING CO.LTD.",P,STK,651,651,651,651,651,685,1,50,32550,
505827,"SNL BEARINGS LTD.",X,STK,354.95,360,346.5,347.55,346.55,348.35,66,1809,637090,
505840,"JAIPAN INDUSTRIES LTD.",XT,STK,28.8,28.8,26.75,26.9,26.75,27.67,132,14581,398341,
505850,"MANGAL CREDIT AND FINCORP LTD.",B,STK,169.2,172.75,169,169.15,172.25,170.9,79,10695,1824006,
505854,"TRF LTD.",B,STK,267,272,266.05,271.75,269.15,265,61,2279,617006,
505872,"WPIL LTD.",B,STK,415,435,396.15,414.65,417.5,415.35,1881,106331,44554661,
505890,"KENNAMETAL INDIA LTD.",B,STK,2529,2550,2410.1,2433.6,2433.6,2513.95,970,8105,20172273,
505893,"HINDUSTAN HARDY LIMITED",X,STK,806,830,799.95,808.85,808.85,804.4,101,1061,866409,
505978,"TRITON VALVES LTD.",X,STK,850,855,835.05,842.2,848,840.35,178,2449,2074717,
506003,"SUDAL INDUSTRIES LTD.",X,STK,52.75,52.8,50.57,52.45,52.8,50.48,23,1597,83663,
506022,"PRAKASH INDUSTRIES LTD.",B,STK,141.95,144.45,140.75,143.95,144,140.85,324,23414,3344602,
506074,"ARSHIYA LIMITED",Z,STK,1.44,1.47,1.34,1.34,1.34,1.41,47,121643,168009,
506076,"GRINDWELL NORTON LTD.",A,STK,1591.95,1598,1566.2,1574.25,1566.2,1574.55,315,1605,2542797,
506105,"STANROSE MAFATLAL INVESTMENTS",X,STK,68.9,69.5,68.9,69.5,69.5,69,9,225,15535,
506109,"GENESYS INTERNATIONAL CORPORAT",B,STK,261.35,266.15,257.8,261.4,266,258.6,348,8362,2183983,
506122,"Kairosoft AI Solutions Limited",XT,STK,56.42,56.42,56.42,56.42,56.42,55.32,8,602,33964,
506128,"PARNAX LAB LTD.",X,STK,161,167,154.35,156.65,155.05,154.1,212,23138,3753584,
506134,"GOURMET GATEWAY INDIA LIMITED",XT,STK,11.26,11.77,11,11.5,11.5,11.21,49,14086,162522,
506146,"VISAGAR POLYTEX LTD.",B,STK,0.6,0.68,0.6,0.62,0.63,0.62,122,189149,118705,
506166,"APIS INDIA LTD.",XT,STK,65,67,62.35,66.05,66.05,65.24,301,25629,1636510,
506180,"EMERGENT INDUSTRIAL SOLUTIONS",XT,STK,553.45,553.45,527.15,544.9,544.9,527.15,7,8,4373,
506184,"KANANI INDUSTRIES LTD.",B,STK,1.73,1.79,1.68,1.72,1.71,1.73,96,29513,51127,
506186,"GALAXY SUPERMARKET LIMITED",XT,STK,17.99,18.38,17.1,17.72,17.84,17.6,42,7783,140221,
506194,"ARIHANT SUPERSTRUCTURES LIMITE",B,STK,260,263.45,256.1,258.15,256.1,249.95,46,457,118580,
506197,"BLISS GVS PHARMA LTD.",B,STK,262,262,256.95,258.35,258.35,259.3,578,40098,10371416,
506222,"Styrenix Performance Materials",A,STK,2171.6,2253.55,2171,2219.7,2215,2171.65,332,2227,4956540,
506235,"ALEMBIC LTD.",B,STK,90.65,91.84,90.01,91.62,91.55,89.53,435,35574,3244897,
506248,"AMINES & PLASTICIZERS LTD.",B,STK,171,172.95,165.15,167.3,170.1,170.4,168,2036,341268,
506260,"ANUH PHARMA LTD.",B,STK,80.1,83.53,80.1,82.8,83,82.72,418,9232,763667,
506261,"MODISON LIMITED",B,STK,146.1,148.3,146.1,146.75,146.6,146.1,39,928,136649,
506285,"BAYER CROPSCIENCE LTD.",A,STK,4932.05,4988.05,4866.45,4900.45,4900.45,4933.3,294,730,3600146,
506365,"STARSOURCE MULTITRADE LIMITED",XT,STK,116.5,116.5,116.5,116.5,116.5,122.6,8,148,17242,
506373,"CITURGIA BIOCHEMICALS LTD.",XT,STK,99.4,99.4,99.4,99.4,99.4,104.6,6,98,9741,
506390,"Sudarshan Colorants India Limi",B,STK,359.5,361.7,349.4,359.95,360,355,126,3706,1317378,
506395,"COROMANDEL INTERNATIONAL LTD.",A,STK,2079.6,2082.5,2029.3,2051.75,2051.75,2076.15,2064,99580,204983699,
506401,"DEEPAK NITRITE LTD.",A,STK,1535.55,1567.15,1535,1538,1540,1535.05,2080,21420,33203673,
506405,"DMCC SPECIALITY CHEMICALS LIMI",B,STK,290.75,297.95,290,294.05,293.1,286,363,9098,2675931,
506414,"FERMENTA BIOTECH LIMITED",X,STK,319,324.85,309.95,312.55,312.55,321.85,443,21835,6896595,
506480,"GOCL Corporation Limited",B,STK,315.2,329.35,310.5,323.45,323.55,309.15,683,23420,7526567,
506520,"JAYSHREE CHEMICALS LTD.",X,STK,7.19,7.19,6.7,6.85,6.78,6.83,72,9875,67464,
506525,"KANORIA CHEMICALS & INDUSTRIES",B,STK,78.6,79.8,76.25,77.13,76.82,75.03,33,121444,9272928,
506528,"KELTECH ENERGIES LTD.",X,STK,4300,4468.95,4270,4412.25,4411,4270.2,316,1833,7999838,
506530,"KEMP & COMPANY LTD.",X,STK,959.6,959.6,959.6,959.6,959.6,959.6,2,2,1919,
506532,"NITTA GELATIN INDIA LTD.",X,STK,829,886,829,857.7,860,829,383,8748,7416526,
506543,"M.P.AGRO INDUSTRIES LTD.",XT,STK,10.08,10.08,10.08,10.08,10.08,10.61,14,805,8114,
506579,"AG VENTURES LIMITED",X,STK,116.87,116.87,112.55,114.09,114.09,113.49,149,5053,580355,
506590,"PCBL Chemical Limited",A,STK,287.25,289,283.05,285.05,285.05,284.35,2154,98078,27993998,
506597,"AMAL LTD.",B,STK,658.5,686,652.1,674.9,674.9,658.5,574,16177,10843560,
506605,"POLYCHEM LTD.",X,STK,2168,2168,1928,2090.6,2070,2101.9,34,158,325371,
506618,"PUNJAB CHEMICALS AND CROP PROT",B,STK,1051,1077.3,1051,1065.1,1065,1055.65,39,188,200727,
506640,"ZR2 BIOENERGY LIMITED",XT,STK,167,167,159.25,166.39,167,159.25,14,574,94855,
506642,"SADHANA NITROCHEM LTD.",B,STK,2.29,2.29,2.11,2.19,2.19,2.21,792,3666227,8077030,
506655,"SUDARSHAN CHEMICAL INDUSTRIES",A,STK,872.85,898.65,858.9,874,874,881.6,2179,40305,35392592,
506680,"TECIL CHEMICALS & HYDRO POWER",B,STK,13.4,13.99,12.42,13.8,13.8,13.4,17,3260,44087,
506685,"ULTRAMARINE & PIGMENTS LTD.",B,STK,408.2,422.95,402.3,418.95,418.95,407.95,387,20256,8370752,
506687,"TRANSPEK INDUSTRY LTD.",X,STK,1063.1,1149,1063.1,1135.7,1135,1074.2,253,5900,6582196,
506690,"UNICHEM LABORATORIES LTD.",B,STK,348.45,352,346.8,350.85,351.3,346,50,533,186725,
506734,"MYSORE PETRO CHEMICALS LTD.",X,STK,92.5,94.99,91.51,94.18,93,91,26,4780,443527,
506767,"ALKYL AMINES CHEMICALS LTD.",A,STK,1437.9,1452,1431,1434.8,1434.8,1429.6,360,3057,4410068,
506808,"TUTICORIN ALKALI CHEMICALS AND",X,STK,54.73,55.5,52.18,54.06,54.74,53.95,287,23806,1279802,
506820,"ASTRAZENECA PHARMA INDIA LTD.",A,STK,8546,8599,8484,8508.8,8508.8,8525.1,144,265,2261953,
506852,"Primo Chemicals Limited",B,STK,24.76,24.96,23.5,24.15,24.15,24.84,150,41366,1013539,
506854,"TANFAC INDUSTRIES LTD.",B,STK,2385,2429.9,2331.25,2395.95,2395.95,2395.05,620,5806,13933150,
506858,"GUJARAT PETROSYNTHESE LTD.",X,STK,60.69,60.69,58.3,58.3,58.3,58.06,14,523,31649,
506863,"SWADESHI INDUSTRIES LEASING CO",XT,STK,117.2,117.2,117.2,117.2,117.2,114.91,24,5248,615065,
506879,"GUJARAT THEMIS BIOSYN LTD.",B,STK,296,322,296,319.45,321,304,423,8705,2760664,
506906,"Saptak Chem And Business Limit",XT,STK,51.11,51.11,51.05,51.1,51.1,48.68,36,2914,148914,
506919,"MAKERS LABORATORIES LTD.",X,STK,160,163,157,157.7,157,160.65,51,3854,617790,
506935,"CONTINENTAL CHEMICALS LTD.",X,STK,60.65,60.65,60.65,60.65,60.65,60.65,1,56,3396,
506943,"J.B.CHEMICALS & PHARMACEUTICAL",A,STK,1975,2001.35,1970,1997.35,1994.3,1974.7,201,1482,2950168,
506947,"ADVANCE PETROCHEMICALS LTD.",XT,STK,148.9,148.9,148.9,148.9,148.9,141.85,1,1,148,
506979,"APT PACKAGING LTD.",XT,STK,154.4,154.4,153.65,153.65,153.65,154.4,4,4,615,
506981,"BLUE CHIP TEX INDUSTRIES LTD.",X,STK,117.9,118.25,117.9,118.2,118.2,117.9,3,89,10496,
507155,"JAGATJIT INDUSTRIES LTD.",X,STK,130.95,130.95,126.9,128.55,129.2,128,264,43409,5552848,
507180,"KESAR ENTERPRISES LTD.",XT,STK,6.75,7.15,6.6,6.8,6.8,6.84,55,25565,172465,
507205,"TILAKNAGAR INDUSTRIES LTD.",A,STK,448.6,473.9,446.05,470,471.35,446.05,2016,67898,31586370,
507265,"Emerald Leisures Limited",X,STK,209.95,212,209.95,210,210,208.9,6,95,20071,
507300,"The Ravalgaon Sugar Farm Limit",X,STK,940.05,940.05,935,935,935,930.05,4,24,22555,
507315,"SAKTHI SUGARS LTD.",B,STK,18.6,18.72,18.19,18.44,18.6,18.31,191,39333,725640,
507410,"WALCHANDNAGAR INDUSTRIES LTD.",B,STK,192.45,198.7,190,193,193,190.4,1263,101817,19842628,
507438,"IFB AGRO INDUSTRIES LTD.",B,STK,851.35,882.95,846.25,864.65,864.65,861.45,113,1204,1033568,
507474,"KOTHARI FERMENTATION & BIOCHEM",X,STK,42,43.19,41.75,42.5,42.5,41.75,34,10168,429443,
507486,"CAPROLACTAM CHEMICALS LTD.",X,STK,53.71,53.71,53.71,53.71,53.71,51.16,1,10,537,
507488,"G.M.BREWERIES LTD.",B,STK,987.25,996.4,973.95,987.4,990.05,973.95,433,5176,5109403,
507490,"RANA SUGARS LTD.",B,STK,14.97,14.97,14,14.28,14.39,14.22,324,50909,725631,
507498,"PICCADILY SUGAR & ALLIED INDUS",XT,STK,42.39,42.39,40.01,41.09,41.09,40.63,50,4263,173786,
507514,"SOM DISTILLERIES & BREWERIES L",B,STK,85,87.07,84.76,86.23,86.23,84.5,966,106148,9140466,
507515,"C.J.GELATINE PRODUCTS LTD.",X,STK,17.59,17.59,17.56,17.56,17.56,16.8,10,900,15805,
507526,"ASSOCIATED ALCOHOLS & BREWERIE",B,STK,910,924.35,897.3,904.75,897.3,906.9,218,2527,2305373,
507552,"FOODS & INNS LTD.",B,STK,61.99,63.1,61,61.71,61.71,61.06,38,1884,116495,
507580,"IVP LTD.",B,STK,142.9,142.9,140.5,140.5,140.5,140.25,5,40,5685,
507598,"KOVILPATTI LAKSHMI ROLLER FLOU",X,STK,104,107.95,104,106.22,106.2,105.99,22,1277,136223,
507621,"MILKFOOD LTD.",XT,STK,70.2,70.5,68.1,69.59,70,70.5,37,819,56857,
507645,"POLSON LTD.",X,STK,11707,11707,11210,11300,11300,11707,22,26,294488,
507685,"WIPRO LTD.",A,STK,206.95,206.95,202.6,204.35,204.35,210.2,24587,3515625,719272373,
507690,"ORIENT BEVERAGES LTD.",XT,STK,212,222,212,221.9,221.95,211.7,49,3854,851588,
507717,"DHANUKA AGRITECH LTD.",B,STK,999.9,1017,999.9,1010.45,1009.45,1000.8,319,3388,3416307,
507747,"TTK HEALTHCARE LTD.",B,STK,859.9,877.9,855.9,874.35,874.35,855.9,37,66,57028,
507753,"TGV SRAAC Limited",B,STK,110.9,114.79,110.8,113.17,112.64,111.12,653,95244,10754397,
507759,"LIME CHEMICALS LTD.",X,STK,14.6,14.6,14.6,14.6,14.6,14.75,3,152,2219,
507779,"KANPUR PLASTIPACK LTD.",B,STK,194.15,207.8,191.05,204.95,205,191,34,1826,360727,
507785,"TAINWALA CHEMICALS & PLASTICS",B,STK,200.85,206.5,192.15,196.8,192.15,207.95,24,907,178526,
507789,"JAGSONPAL PHARMACEUTICALS LTD.",B,STK,194,195,191.4,192.25,192.1,194.05,170,2945,569635,
507794,"KHAITAN CHEMICALS & FERTILIZER",B,STK,63.25,63.25,60.68,61.99,62.1,61.99,600,58657,3612247,
507813,"NATIONAL OXYGEN LTD.",X,STK,70,72.5,67.75,69.99,70,69.01,47,2101,145830,
507815,"GILLETTE INDIA LTD.",A,STK,7957.85,8026.85,7829.4,7944.25,7954.45,7838.55,752,1867,14831749,
507817,"WIRES & FABRIKS (SA) LTD.",X,STK,149.8,157.35,145,157,157,149.95,5,95,14884,
507828,"ANSAL HOUSING LIMITED",X,STK,8.42,8.49,8.2,8.42,8.42,8.42,106,41214,345520,
507833,"COMPUTER POINT LTD.",X,STK,4.24,4.24,3.78,4.03,4.06,3.91,65,8587,34115,
507836,"MAC CHARLES (INDIA) LTD.",X,STK,690,750,685.25,692.1,691,676.5,75,10184,7419146,
507852,"ADDI INDUSTRIES LTD.",X,STK,108,108,100,105.9,105.9,108,52,743,75657,
507864,"PIONEER INVESTCORP LTD.",X,STK,114.4,114.4,98.35,108.04,109.68,107,107,5809,599048,
507872,"ASHNOOR TEXTILE MILLS LTD.",X,STK,41.45,41.45,39.6,41.45,41.45,41.45,17,1225,49818,
507878,"UNITECH LTD.",B,STK,5.05,5.13,5.02,5.06,5.06,5.04,2877,672574,3418344,
507880,"V.I.P.INDUSTRIES LTD.",A,STK,326.1,326.1,317,320.1,320,321.6,1041,34214,10914330,
507910,"FIBERWEB (INDIA) LTD.",T,STK,38.1,38.2,38.01,38.2,38.2,36.39,7,1416,53969,
507912,"LKP FINANCE LIMITED",B,STK,188,204,186.5,199.2,200,186.45,590,182171,35725384,
507917,"EAST BUILDTECH LTD.",XT,STK,62.26,62.26,62.24,62.24,62.24,62.25,5,11,684,
507944,"BAJAJ STEEL INDUSTRIES LTD.",B,STK,496,509,494,498.35,498.35,488.3,1102,35653,17806231,
507946,"KIDUJA INDIA LTD.",X,STK,18.5,18.5,15.8,16.75,16.75,17.5,41,6770,109339,
507948,"KEY CORP LTD.",X,STK,88.48,88.94,81,88.73,88.94,80.86,130,6384,550747,
507960,"GUJARAT HOTELS LTD.",X,STK,193,194,188,191.95,192,191,16,359,68667,
507962,"FYNX CAPITAL LIMITED",X,STK,5.18,5.39,4.95,5.28,5.26,5.2,64,26141,137561,
507966,"RAS RESORTS & APART HOTELS LTD",X,STK,38.25,40.98,38.25,40.07,38.5,39.22,5,322,12400,
507968,"JOLLY PLASTIC INDUSTRIES LTD.",XT,STK,31.99,31.99,29,31.99,31.99,30.47,23,7214,230731,
507970,"PARAMOUNT COSMETICS (INDIA) LT",X,STK,36.49,39.35,36.49,38,38,35.78,27,2085,80376,
507981,"JINDAL HOTELS LTD.",X,STK,64.6,66,63.6,64.89,66,64.6,22,527,33686,
507984,"SER INDUSTRIES LTD.",XT,STK,640,642.7,640,642.7,642.7,630.1,10,3532,2270005,
507998,"SIMMONDS MARSHALL LTD.",X,STK,165.95,166,161.25,163.2,161.25,162.35,56,7949,1296418,
508136,"B & A LTD.",X,STK,403.95,423,362.05,390,390,403.95,16,274,107059,
508486,"HAWKINS COOKERS LTD.",B,STK,7533.05,7600,7533.05,7587.75,7590,7564.1,166,949,7200781,
508494,"WARREN TEA LTD.",X,STK,39.4,40.65,39,39.34,39.15,39.39,59,4103,163209,
508571,"COCHIN MALABAR ESTATES & INDUS",X,STK,130,140,130,130.85,130,136,25,322,42520,
508664,"BEST EASTERN HOTELS LTD.",X,STK,12.5,12.89,12.25,12.8,12.89,12.83,13,238,3033,
508670,"NEELAMALAI AGRO INDUSTRIES LTD",X,STK,3350,3450,3350,3400.5,3400.5,3422.2,4,6,20501,
508807,"IST LTD.",B,STK,721,737.7,721,736.15,726,720,59,600,438518,
508814,"Cosmo First Limited",B,STK,660.15,680.3,640,668.5,666.65,665.95,114,1328,889746,
508869,"APOLLO HOSPITALS ENTERPRISE LT",A,STK,7555.95,7707.5,7520.2,7699.05,7705,7555.95,2053,10969,84065231,
508875,"Nitin Castings Limited",X,STK,567,576.95,567,576.95,576.95,575,5,13,7472,
508905,"NEXOME CAPITAL MARKETS LIMITED",XT,STK,112.54,112.54,104.85,111.53,111.53,110.33,36,1666,182894,
508906,"EVEREST INDUSTRIES LTD.",B,STK,415.6,422.2,413.75,418.95,415,415.6,61,510,213296,
508918,"IRONWOOD EDUCATION LIMITED",X,STK,44.36,48,44.36,46.67,47,46.84,26,1795,84518,
508922,"MSR INDIA LTD.",Z,STK,5.81,5.81,5.81,5.81,5.81,5.92,292,156852,911310,
508933,"AYM Syntex Limited",B,STK,191.1,194.35,185,190.9,190.95,187.1,219,11932,2277448,
508941,"PANASONIC CARBON INDIA CO.LTD.",X,STK,470,486,470,479.5,479.5,468,141,6665,3199869,
508954,"FINKURVE FINANCIAL SERVICES LT",B,STK,71.15,75,69.31,73.65,74.13,68.08,1231,22926,1667509,
508956,"HB LEASING & FINANCE CO.LTD.",X,STK,11.43,12.1,11.06,11.5,11.5,11.43,38,3416,40014,
508963,"TRUSTWAVE SECURITIES LIMITED",X,STK,18.09,18.09,18.09,18.09,18.09,17.23,4,200,3618,
508969,"SULABH ENGINEERS & SERVICES LT",X,STK,2.72,3.07,2.7,2.99,2.99,2.78,194,62491,182828,
508980,"FRONTIER CAPITAL LIMITED",X,STK,9,9,8.55,8.62,8.99,9,19,9278,80088,
508989,"NAVNEET EDUCATION LIMITED",B,STK,146.55,162.85,146.55,157.8,157.8,149.9,720,17935,2765624,
509009,"AUSOM ENTERPRISE LIMITED",T,STK,114.6,119.95,114.6,119.86,119.95,114.24,44,1269,148978,
509015,"THAKRAL SERVICES (INDIA) LTD.",XT,STK,14.7,14.7,14.7,14.7,14.7,14,1,1,14,
509020,"RUCHI INFRASTRUCTURE LTD.",B,STK,6.11,6.4,6.11,6.22,6.26,6.19,47,15995,100377,
509024,"GOLDEN LEGAND LEASING & FINANC",X,STK,9.5,9.5,8.85,8.96,8.98,9.09,103,66312,590523,
509026,"VJTF EDUSERVICES LTD.",X,STK,98.98,98.98,85.65,89,89,98.21,53,2352,204216,
509038,"VOLTAIRE LEASING & FINANCE LTD",X,STK,12.68,12.68,12.6,12.68,12.68,12.44,5,5,63,
509040,"NETLINK SOLUTIONS (INDIA) LTD.",XT,STK,188.1,191.95,186,191,191,189,25,1564,297046,
509046,"TRILIANCE POLYMERS LIMITED",XT,STK,43.94,43.94,40,43.91,43.92,41.85,12,345,14958,
509048,"LANCOR HOLDINGS LTD.",T,STK,25.79,26.5,24.85,26,26.5,25.85,20,3853,99107,
509051,"INDIAN INFOTECH & SOFTWARE LTD",X,STK,0.68,0.7,0.67,0.69,0.69,0.67,1226,3128562,2156827,
509053,"BANAS FINANCE LTD.",X,STK,6.88,7.17,6.82,7.15,7.14,6.88,138,34828,244002,
509055,"VISAKA INDUSTRIES LTD.",B,STK,70.4,70.4,64.83,65.23,65.35,64.52,117,4095,267170,
509069,"INFOMEDIA PRESS LTD.",B,STK,6.24,6.3,5.7,6.17,6.13,6.25,45,4766,28419,
509073,"HATHWAY BHAWANI CABLETEL & DAT",X,STK,12.51,12.51,12.4,12.4,12.4,12.51,10,1041,12995,
509079,"GUFIC BIOSCIENCES LTD.",B,STK,301.2,304.35,294.9,301.3,302.2,302.65,97,1531,460594,
509152,"GRP LTD.",B,STK,1970,2004.8,1947.05,1968.4,1947.05,1978.15,91,697,1373163,
509162,"INDAG RUBBER LTD.",X,STK,96.87,96.87,92.2,94.82,95,94.5,129,12299,1166361,
509196,"MM RUBBER COMPANY LTD.",X,STK,70.39,75.4,70.11,73.08,74.7,70.39,35,4722,344129,
509220,"PTL ENTERPRISES LTD.",B,STK,39.75,39.75,38.22,38.7,38.7,38.74,108,4472,172737,
509243,"TVS SRICHAKRA LTD.",B,STK,3896.5,3950,3847.45,3935.7,3950,3882,34,121,472767,
509423,"SANATHNAGAR ENTERPRISES LIMITE",X,STK,40.95,42.5,39.34,39.68,39.34,40.5,22,1414,57456,
509438,"BENARES HOTELS LTD.",B,STK,10019.95,10499,9849.95,10137.9,10250,9917.45,623,717,7153900,
509449,"BHAGWATI OXYGEN LTD.",X,STK,36.8,37.1,36.8,37.1,37.1,36.76,6,156,5784,
509470,"BOMBAY OXYGEN INVESTMENTS LIMI",X,STK,20948,23894.8,20798,21960.85,21960.85,20412,121,193,4273498,
509472,"CRAVATEX LTD.",X,STK,354.95,355,342.25,347.85,350,350.55,34,1847,646451,
509480,"BERGER PAINTS INDIA LTD.",A,STK,472.65,476.9,465,468.8,469.75,472.65,852,18327,8634071,
509486,"CAPRIHANS INDIA LTD.",X,STK,74.99,83.8,74.99,79.44,79,74.49,105,7112,566229,
509488,"GRAPHITE INDIA LTD.",A,STK,683.2,691.25,674.75,679.2,679.2,682.55,2576,93464,63838937,
509496,"Cemindia Projects Limited",A,STK,651.55,658,645,648.55,649,649.45,634,16214,10537887,
509525,"EMPIRE INDUSTRIES LTD.",X,STK,913.95,930,913,925,918,909.55,58,642,591135,
509546,"GRAVISS HOSPITALITY LTD.",X,STK,30.75,31.44,30.05,31.44,31.44,31.5,18,2258,70099,
509557,"GARWARE TECHNICAL FIBRES LIMIT",A,STK,644.05,651,636.2,647.65,648.75,635.5,114,1276,824616,
509563,"GARWARE MARINE INDUSTRIES LTD.",X,STK,23.65,24.5,23.65,24.47,24.5,24.07,120,8295,200657,
509567,"GOA CARBON LTD.",B,STK,373,374,362.5,370.5,371.15,363.45,187,2277,839852,
509597,"HARDCASTLE & WAUD MFG.CO.LTD.",X,STK,728.85,728.85,698.6,704.9,701.95,708.9,36,154,109078,
509631,"HEG LTD.",A,STK,630,646.1,627.8,632.55,632.55,627.1,14566,225040,143350667,
509635,"HINDUSTAN COMPOSITES LTD.",B,STK,481.1,495.75,481.1,493.7,490,480.5,143,1491,729704,
509675,"BIRLANU LIMITED",B,STK,1475.15,1494,1460,1474.15,1472.3,1473.95,105,549,810155,
509692,"INDIAN CARD CLOTHING CO.LTD.",B,STK,214,216,205.25,216,216,214.45,42,457,96248,
509709,"INTERNATIONAL CONVEYORS LTD.",B,STK,78.06,82.9,78,79.32,80.25,77.61,378,28046,2263377,
509715,"JAY SHREE TEA & INDUSTRIES LTD",B,STK,85.95,89.95,85.1,88.82,88.82,85.1,86,3821,330617,
509732,"KOTHARI INDUSTRIAL CORPORATION",B,STK,170,176.75,170,171.8,171.2,171.8,165,4241,734245,
509760,"MODERN SHARES & STOCKBROKERS L",X,STK,30.88,30.88,29,29.03,29.01,29.48,11,321,9714,
509762,"MAPRO INDUSTRIES LTD.",X,STK,51.12,53.67,50.6,50.67,50.65,51.12,30,1580,84018,
509820,"HUHTAMAKI INDIA LIMITED",B,STK,187.9,192.55,186.45,190.4,189.35,186.4,208,5504,1042390,
509835,"PREMIER SYNTHETICS LTD.",X,STK,15.75,15.99,15,15.33,15.5,15,19,1384,21129,
509874,"SHALIMAR PAINTS LTD.",B,STK,54,54.6,52.44,54.05,53,53.17,118,10481,560539,
509887,"SINNAR BIDI UDYOG LTD.",XT,STK,706.45,706.45,706,706,706,706.45,5,21,14828,
509895,"HINDOOSTAN MILLS LTD.",X,STK,163.4,163.4,159,162.15,162.15,162.05,26,297,47886,
509930,"SUPREME INDUSTRIES LTD.",A,STK,3661.95,3739.05,3653.35,3705.8,3705.8,3662.1,2396,14770,54676855,
509945,"THACKER & CO.LTD.",X,STK,1059,1059,1033.45,1033.45,1033.45,1033.95,2,41,42397,
509953,"TRADE WINGS LTD.",XT,STK,481.8,532.5,481.8,532.5,532.5,507.15,10,45,21916,
509960,"U.P.HOTELS LTD.",X,STK,1391,1425,1391,1425,1425,1380,5,29,41089,
509966,"VST INDUSTRIES LTD.",B,STK,276,286.4,262.8,265.1,265.1,241.6,11772,716464,197011488,
510245,"SWASTI VINAYAKA SYNTHETICS LTD",X,STK,4,4,3.86,3.97,3.97,3.9,135,42407,167498,
511000,"MADHUSUDAN SECURITIES LTD.",X,STK,19.89,19.9,18.8,19.87,19.87,19.24,21,2545,48625,
511012,"YAMINI INVESTMENTS COMPANY LTD",XT,STK,0.7,0.71,0.68,0.7,0.7,0.7,458,606174,422746,
511016,"PREMIER CAPITAL SERVICES LTD.",X,STK,7.56,7.56,7.04,7.04,7.04,7.41,12,402,2861,
511018,"MILGREY FINANCE & INVESTMENT L",X,STK,61.45,64.89,60.95,63.9,64.5,60.94,432,664472,41370358,
511034,"JINDAL DRILLING & INDUSTRIES L",B,STK,542.8,549.8,538.5,540.15,540,543.1,368,9723,5297420,
511066,"SAKTHI FINANCE LTD.",X,STK,26.69,26.99,24.95,26.14,26.99,26.53,99,15671,410897,
511076,"AEROFLEX ENTERPRISES LIMITED",B,STK,89.34,94.18,89.34,91.88,91.46,88.72,392,33385,3055281,
511092,"JMD Ventures Limited",X,STK,5.48,5.48,5.28,5.28,5.39,5.38,79,39835,212911,
511108,"SHIVA TEXYARN LTD.",B,STK,152.05,162.9,152.05,162.9,162.9,153,18,149,23073,
511110,"V.B.DESAI FINANCIAL SERVICES L",X,STK,17.01,17.04,17.01,17.04,17.04,17.3,6,1284,21863,
511116,"QUADRANT TELEVENTURES LIMITED",XT,STK,0.38,0.38,0.38,0.38,0.38,0.37,220,420905,159943,
511122,"FIRST CUSTODIAN FUND (INDIA) L",X,STK,82,85,77.05,78.61,78.56,85,41,833,65936,
511131,"KAMANWALA HOUSING CONSTRUCTION",X,STK,17,17,16.06,16.74,16.74,16.24,22,4365,72824,
511147,"WSFX Global Pay Limited",X,STK,65,66,62.35,63.97,64,63.49,19,845,55368,
511153,"Anjani Foods Limited",X,STK,15.85,17.34,15.85,16.75,16.75,15.8,53,9692,163730,
511176,"PARSHWANATH CORPORATION LTD.",XT,STK,97.04,97.04,89.3,94.95,94.95,94,22,237,21322,
511187,"Millennium Online Solutions (I",X,STK,1.49,1.51,1.49,1.5,1.5,1.49,8,6056,9078,
511194,"ICDS LTD.",T,STK,47.4,47.4,46.9,46.91,46.9,47.4,8,81,3805,
511196,"CAN FIN HOMES LTD.",A,STK,858.95,871.15,853.35,868.75,868.75,858.65,553,5097,4407607,
511208,"IL&FS INVESTMENT MANAGERS LTD.",B,STK,7.65,7.68,7.5,7.6,7.55,7.52,109,26707,202803,
511218,"Shriram Finance Limited",A,STK,1028.9,1039.4,1013.4,1036.5,1036.5,1022.45,4577,109891,113216652,
511243,"CHOLAMANDALAM INVESTMENT AND F",A,STK,1567.95,1584.5,1544.75,1579.65,1579.65,1569.1,2191,66663,104575648,
511260,"ICONIK SPORTS AND EVENTS LIMIT",X,STK,37.25,37.75,35.9,37.45,37.75,35.96,141,11903,438033,
511333,"VLS FINANCE LTD.",B,STK,238.5,243.25,238,242.45,242.45,238,94,2652,634129,
511355,"INDIA CEMENTS CAPITAL LTD.",X,STK,12.15,12.9,12,12,12,12,42,5460,66468,
511359,"AD-MANUM FINANCE LTD.",X,STK,56.59,56.59,53.5,55.88,55.85,54,20,944,51587,
511391,"INTER GLOBE FINANCE LTD.",X,STK,69.6,73.13,66.17,66.23,66.18,69.65,6,118,7851,
511401,"MUNOTH COMMUNICATION LIMITED",X,STK,6.27,6.27,6.27,6.27,6.27,6.27,5,2160,13543,
511411,"SHRISTI INFRASTRUCTURE DEVELOP",X,STK,29.99,29.99,26.31,27.93,27.93,28,22,1225,33575,
511413,CREST,B,STK,361.5,379.95,360.5,369.85,366.35,364.4,29,153,56775,
511431,"VAKRANGEE LIMITED",B,STK,7.2,7.5,7.2,7.37,7.37,7.16,745,497395,3677515,
511447,"Sylph Industries Limited",XT,STK,0.51,0.51,0.49,0.49,0.49,0.51,2131,10566676,5215652,
511451,"DHARANI FINANCE LTD.",X,STK,8.88,9.3,8.88,9.3,9.3,8.86,4,231,2095,
511463,"Alexander Stamps And Coin Limi",X,STK,9.7,9.7,8.36,8.9,8.9,9.7,18,7420,62874,
511473,"INDBANK MERCHANT BANKING SERVI",B,STK,34.6,35.85,34.6,35.54,35.75,34.55,193,18116,637484,
511493,"SHRYDUS INDUSTRIES LIMITED",X,STK,3.64,4.25,3.5,3.8,3.73,3.56,184,102164,401307,
511501,"Bharat Bhushan Finance & Commo",X,STK,25.75,25.75,24.01,24.92,25,24.77,52,2504,62022,
511505,"CAPITAL TRUST LTD.",T,STK,13.1,13.2,12.84,13.2,13.2,13.1,14,4888,64343,
511507,"USHAKIRAN FINANCE LTD.",X,STK,43.55,47.49,43.55,46.98,46.5,45.84,22,1182,52066,
511509,"VIVO BIO TECH LTD.",X,STK,28.92,29.99,28.6,29.3,29.6,28.92,103,19676,578657,
511523,"VEERHEALTH CARE LIMITED",X,STK,20.35,20.36,19.64,19.98,19.98,20.23,100,31649,636741,
511525,"PAN INDIA CORPORATION LTD.",XT,STK,2.15,2.17,2.05,2.14,2.17,2.07,279,230534,490691,
511533,"SAHARA HOUSINGFINA CORPORATION",X,STK,41,41,40.55,41,41,40.67,5,131,5359,
511535,"NDA SECURITIES LTD.",XT,STK,36.76,37.5,36.76,36.79,36.77,36.76,15,4059,149285,
511539,"Supra Trends Limited",X,STK,12,12.43,11.83,12.37,12.43,11.84,9,8014,98655,
511543,"GSB FINANCE LTD.",X,STK,35.5,35.5,35.5,35.5,35.5,35.82,2,110,3905,
511549,"MORARKA FINANCE LTD.",X,STK,54,54.95,53.99,54.9,54.9,52.94,30,1475,80769,
511551,"Monarch Networth Capital Limit",B,STK,304,308.2,297.95,300.45,300,298.9,125,11209,3376795,
511557,"PRO FIN CAPITAL SERVICES LTD.",X,STK,4.56,4.56,4.44,4.44,4.44,4.67,701,1537144,6867593,
511559,"TEAM INDIA GUARANTY LIMITED",B,STK,304.9,304.9,260.2,271.05,271.05,273.5,5,103,26877,
511563,"SANCHAY FINVEST LTD.",Z,STK,44.85,44.85,44.85,44.85,44.85,43.98,3,155,6951,
511571,"Crescentis Capital Limited",X,STK,127.7,127.7,116.85,122,122,126.9,78,5603,677516,
511577,"Mantra Capital Limited",X,STK,15.39,15.39,15.39,15.39,15.39,15.39,1,729,11219,
511585,"BEFOUND MOVEMENT LIMITED",X,STK,3.48,3.54,3.48,3.54,3.54,3.48,8,216,763,
511589,"AVONMORE CAPITAL & MANAGEMENT",B,STK,13.25,13.25,12.5,13,13.14,12.93,138,21525,280389,
511593,"LIBORD FINANCE LTD",X,STK,19.45,19.45,17,17.02,18,17.9,21,1957,34159,
511601,"YASH MANAGEMENT & SATELLITE LT",X,STK,8.98,9,7.86,7.96,7.86,8.4,49,15445,130631,
511605,"ARIHANT CAPITAL MARKETS LTD.",B,STK,70.94,72.81,70.94,72.36,72.3,70.81,464,16781,1207432,
511609,"ISL CONSULTING LTD.",X,STK,22.69,23,22.69,22.92,22.99,22.69,7,768,17595,
511611,"DCM FINANCIAL SERVICES LTD.",T,STK,5.6,5.6,5.5,5.5,5.5,5.56,9,4100,22737,
511626,"RR FINANCIAL CONSULTANTS LTD.",X,STK,87,90.91,86,87.94,89.99,86.59,87,19125,1724355,
511628,"FEDDERS HOLDING LIMITED",B,STK,37.44,37.8,36.15,37.32,37.32,37.01,323,56956,2116676,
511630,"SAMBHAAV MEDIA LTD.",T,STK,7.5,7.5,6.92,7.26,7.5,7.15,20,3542,25749,
511632,"OLYMPIC MANAGEMENT & FINANCIAL",X,STK,6.55,6.55,6.55,6.55,6.55,6.24,1,1,6,
511636,"DJS STOCK & SHARES LTD.",X,STK,2.11,2.21,2.11,2.16,2.18,2.15,69,13283,28930,
511644,"OMEGA INTERACTIVE TECHNOLOGIES",XT,STK,92.19,92.2,92.19,92.2,92.2,87.81,943,200407,18477095,
511654,"SUGAL & DAMANI SHARE BROKERS L",X,STK,64.56,64.56,61.5,63.31,63.31,65.75,20,543,34297,
511658,"NETTLINX LTD.",XT,STK,17.94,18.49,17.27,18.05,18.05,17.75,41,13149,237269,
511664,"BGIL FILMS & TECHNOLOGIES LTD.",X,STK,8.68,8.84,8.29,8.43,8.29,8.72,125,53100,448609,
511672,"Scan Steels Limited",X,STK,33.55,34.5,33,34.2,34.2,33.51,98,10344,350259,
511676,"GIC HOUSING FINANCE LTD.",B,STK,152.55,154.65,152.55,153.55,153.5,152.55,319,4313,662678,
511692,"AJCON GLOBAL SERVICES LTD.",X,STK,7.88,7.88,7.07,7.18,7.25,7.59,79,24450,176587,
511700,"STANDARD CAPITAL MARKETS LTD.",X,STK,0.4,0.41,0.39,0.4,0.4,0.4,1570,11742628,4733748,
511702,"YOGI LIMITED",X,STK,164.6,164.6,160.1,163.25,162.95,162.6,22,526,84618,
511710,"CUBICAL FINANCIAL SERVICES LTD",X,STK,2.06,2.09,2.02,2.09,2.09,2.04,46,6642,13803,
511712,"RELIC TECHNOLOGIES LTD.",X,STK,71.5,84.95,66,72.58,72.58,71.5,13,147,10455,
511714,"NIMBUS PROJECTS LTD.",B,STK,196.1,202.9,194,196.45,198.9,198.55,313,33868,6721222,
511716,"Invigorated Business Consultin",X,STK,6.86,7.64,6.12,7.46,7.46,6.67,47,4186,29436,
511724,"BAID FINSERV LIMITED",B,STK,11.19,11.6,10.95,11.37,11.21,11,58,6815,76590,
511726,"VIPUL LTD.",T,STK,10.35,10.79,10.01,10.56,10.56,10.35,50,20211,209487,
511728,"K.Z.LEASING & FINANCE LTD.",XT,STK,20.57,21.65,20.57,20.57,20.57,21.65,4,202,4156,
511734,"PASUPATI FINCAP LTD.",X,STK,10.4,10.53,10.15,10.53,10.53,10.03,25,40441,419204,
511740,"RUPAREL FOOD PRODUCTS LIMITED",X,STK,120,120.6,120,120,120,120.6,3,37,4440,
511742,"UGRO CAPITAL LIMITED",B,STK,108.9,116.71,104.91,114.94,114.94,104.86,2440,175141,19111211,
511754,"SHALIBHADRA FINANCE LTD.",B,STK,82,83.8,81.6,82.2,83.5,81.8,51,3979,327156,
511756,"ABIRAMI FINANCIAL SERVICES (IN",Z,STK,34.02,34.02,31.37,32.05,32.05,32.4,19,874,28234,
511758,"MANSI FINANCE (CHENNAI) LTD.",X,STK,69.8,73.29,69.8,73.29,73.29,69.8,17,519,37432,
511764,"Aastamangalam Finance Limited",X,STK,37.99,37.99,35.01,35.34,35.34,35.88,32,5887,216985,
511766,"MUTHOOT CAPITAL SERVICES LTD.",B,STK,201,225,199.3,211,209.5,198,653,17508,3651416,
511768,"MASTER TRUST LTD.",B,STK,78,79,76.84,77.94,78.5,77.72,161,4945,384844,
512008,"EFC (I) LIMITED",B,STK,201.9,207,198.25,201.65,200.05,200.6,611,52536,10563058,
512014,"SOBHAGYA MERCHANTILE LTD.",X,STK,877,885,870.2,873.45,873.45,886,30,294,257421,
512018,"TOMORROW TECHNOLOGIES GLOBAL I",X,STK,9.28,9.28,8.75,8.97,8.95,9.16,79,12497,112533,
512020,"SARASWATI COMMERCIAL (INDIA) L",B,STK,10003,10003,9753.1,9998,9998,10129.5,131,166,1654005,
512025,"ASGARD ALCOBEV LIMITED",X,STK,41.75,42.7,34.35,35.59,35.59,41.95,4929,3536260,129604496,
512036,"SKYBIOTECH HEALTHCARE LIMITED",XT,STK,132,138.9,132,138.9,138.9,138.9,2,6,798,
512038,"TCC CONCEPT LIMITED",B,STK,390,400,380,388.65,386,390.3,872,9497,3715139,
512047,"ROYAL INDIA CORPORATION LIMITE",X,STK,6.87,7.07,6.78,7.07,7.07,6.74,535,850076,5933573,
512048,"DHANSAFAL FINSERVE LIMITED",X,STK,2.83,2.96,2.8,2.87,2.85,2.81,128,97404,280129,
512062,"SANMITRA COMMERCIAL LTD.",XT,STK,65.34,65.34,65.34,65.34,65.34,64.06,1,100,6534,
512064,"VISHVPRABHA VENTURES LIMITED",X,STK,42.29,42.95,40.06,40.36,40.11,40.91,19,1380,57416,
512065,"MRUGESH TRADING LTD.",XT,STK,21.3,21.3,21.3,21.3,21.3,20.89,1,390,8307,
512068,"DECCAN GOLD MINES LTD.",B,STK,105.8,108.5,105.4,106.63,106.63,105.63,4315,528268,56605466,
512070,"UPL LIMITED",A,STK,667.95,671,658,665,664.5,659.6,1512,24160,16082390,
512093,"CRANES SOFTWARE INTERNATIONAL",Z,STK,3.47,3.74,3.47,3.61,3.69,3.65,49,6364,23013,
512097,"SAIANAND COMMERCIAL LIMITED",X,STK,0.25,0.25,0.25,0.25,0.25,0.25,67,205066,51266,
512099,"EYANTRA VENTURES LIMITED",XT,STK,800,800,800,800,800,800,1,1,800,
512103,"NIDHI GRANITES LTD.",X,STK,286.2,286.2,286.2,286.2,286.2,272.6,3,56,16027,
512115,"ROSE MERC.LTD.",X,STK,74.9,74.9,66.69,68.17,68.17,68,42,2671,182186,
512131,"SIGNET INDUSTRIES LIMITED",B,STK,53.14,54.16,50.5,54.16,54.16,51.47,25,1086,55855,
512149,"AVANCE TECHNOLOGIES LTD.",XT,STK,1.14,1.15,1.11,1.12,1.13,1.14,2751,6383012,7209872,
512161,"SECUREKLOUD TECHNOLOGIES LIMIT",T,STK,24.95,25.7,24,25.12,25.7,25.04,28,2742,67543,
512165,"ABANS ENTERPRISES LTD",X,STK,23.49,27.12,23.05,27.12,27.12,22.6,224,35994,944063,
512175,"VAMA INDUSTRIES LTD.",X,STK,4.81,4.81,4.56,4.63,4.61,4.79,121,83317,388736,
512179,"SUNTECK REALTY LTD.",A,STK,345.4,345.4,321,335,335,337.1,1114,74320,24520799,
512197,"SILVER OAK COMMERCIAL LTD.",Z,STK,5.1,5.4,4.95,5.38,5.37,5.2,22,1252,6383,
512217,"PRISM MEDICO AND PHARMACY LTD.",X,STK,30.48,30.86,29.31,30.66,30.7,29.88,120,43924,1336552,
512229,"VERITAS (INDIA) LTD.",XT,STK,167.4,167.4,167.4,167.4,167.4,164.15,12,992,166060,
512237,"JAI CORP LTD.",B,STK,115.25,118.04,115.11,115.45,115.64,115.71,833,59370,6925874,
512247,"ASHIRWAD CAPITAL LTD.",X,STK,2.89,2.89,2.67,2.82,2.82,2.77,303,106572,299427,
512257,"SWASTI VINAYAKA ART AND HERITA",X,STK,3.61,3.94,3.56,3.63,3.6,3.69,121,53242,195818,
512267,"MEDIA MATRIX WORLDWIDE LTD.",B,STK,10.78,10.85,10.41,10.63,10.68,10.71,259,62433,665951,
512277,"AUTORIDERS INTERNATIONAL LTD.",XT,STK,379,390,370,377.15,372.1,379,41,336,127114,
512296,"BHAGYANAGAR INDIA LTD.",B,STK,213.25,217.8,207.15,211.75,211,205,1124,54362,11530022,
512297,"Shantai Industries Limited",XT,STK,70.47,70.47,70.47,70.47,70.47,69.09,8,1008,71033,
512301,"CHAMBAL BREWERIES & DISTILLERI",XT,STK,37.82,37.82,37.82,37.82,37.82,38.59,37,9520,360046,
512329,"SG MART LIMITED",B,STK,543.65,558.95,543.65,548.05,548.05,551.25,221,4923,2698313,
512344,"ARAVALI SECURITIES & FINANCE L",XT,STK,4.3,4.51,4.3,4.51,4.51,4.3,14,779,3494,
512345,"YASH TRADING & FINANCE LTD.",XT,STK,84.65,84.65,84.65,84.65,84.65,89.1,20,950,80417,
512361,"CUPID BREWERIES AND DISTILLERI",XT,STK,32.58,32.58,31.43,32.58,32.58,31.03,220,75298,2435344,
512379,"CRESSANDA RAILWAY SOLUTIONS LI",XT,STK,3.01,3.01,3.01,3.01,3.01,2.87,235,512647,1543067,
512381,"STARTECK FINANCE LIMITED",B,STK,251,254.7,246.9,246.9,246.9,246.3,167,9720,2441743,
512393,"SHARDUL SECURITIES LTD.",X,STK,29.49,29.59,27,27.19,27.19,27.56,96,13712,381926,
512399,"SERA INVESTMENTS & FINANCE IND",X,STK,35.9,39.08,35.9,39.06,39.06,35.53,332,257442,9849712,
512415,"MERCURY TRADE LINKS LTD.",X,STK,6.34,6.34,6.34,6.34,6.34,6.04,37,19585,124168,
512425,"NIRAV COMMERCIALS LTD.",X,STK,825,865,825,865,865,825,4,6,4990,
512437,"APOLLO FINVEST (INDIA) LTD.",X,STK,366.1,375.95,350,369.05,374.75,362.2,62,1502,544787,
512441,"Enbee Trade &amp; Finance Ltd",X,STK,0.42,0.45,0.41,0.43,0.43,0.41,580,10359968,4417522,
512443,"Ganon Products Limited",XT,STK,15.75,15.75,15,15.7,15.7,15.68,22,8331,129188,
512453,"SHRI JAGDAMBA POLYMERS LTD.",X,STK,601,631.75,601,619.5,623,600.75,85,537,334834,
512455,"LLOYDS METALS AND ENERGY LTD.",A,STK,1572.3,1635,1558.95,1622.7,1622.7,1556.95,8736,109479,176449664,
512463,"LLOYDS ENTERPRISES LIMITED",A,STK,64.23,65.65,63.13,63.38,63.38,64.22,958,198151,12796400,
512477,"BETEX INDIA LTD.",XT,STK,372.9,383.3,367,373.9,373.9,365.15,9,35,13028,
512479,"VIRYA RESOURCES LIMITED",XT,STK,545,545,544.25,544.25,544.25,572.85,2,2,1089,
512489,"OASIS SECURITIES LTD.",X,STK,16.92,16.92,16.92,16.92,16.92,16.12,18,8970,151772,
512493,"GARNET INTERNATIONAL LTD.",XT,STK,55,56.78,55,56.45,56.45,55.16,19,2852,158066,
512499,"SHALIMAR PRODUCTIONS LTD.",X,STK,0.49,0.49,0.49,0.49,0.49,0.49,214,173802,85162,
512519,"DONEAR INDUSTRIES LTD.",B,STK,92.21,92.89,92,92.34,92.2,92.01,32,948,87642,
512527,"SUPER SALES INDIA LTD.",X,STK,688,694.95,666,680.6,684,666.3,41,299,204977,
512529,"VIYASH SCIENTIFIC LIMITED",B,STK,204.7,210.85,204.7,208.9,208.9,208.85,450,18791,3919530,
512531,"STATE TRADING CORPORATION OF I",B,STK,118.7,134.5,118.55,123.69,124.56,116.58,1580,49459,6272435,
512553,"ZENITH EXPORTS LTD.",B,STK,226.45,226.45,226.45,226.45,226.45,205.9,3,6,1358,
512559,"KOHINOOR FOODS LTD.",B,STK,25,25.84,25,25.59,25.48,25.84,66,5763,147126,
512565,"NEELKANTH LIMITED",X,STK,31.81,31.81,31.81,31.81,31.81,30.3,1,1,31,
512573,"AVANTI FEEDS LTD.",A,STK,1414.65,1544.5,1402.2,1474.55,1474.55,1392,7742,137021,203405492,
512587,"ZODIAC-JRD-MKJ LTD.",X,STK,36,38.39,36,37.94,38.14,36.26,97,3504,131857,
512589,"SITA ENTERPRISES LTD.",X,STK,179,186,165,180.9,183,172.35,103,8797,1597562,
512591,"PULSAR INTERNATIONAL LTD.",X,STK,1.45,1.45,1.45,1.45,1.45,1.52,555,509025,738086,
512595,"Manbro Industries Limited",XT,STK,85.3,86.89,85.3,85.83,85.83,85.18,489,79432,6796356,
512597,"KEYNOTE FINANCIAL SERVICES LIM",B,STK,290.8,293,287,288.1,293,280.2,10,140,40298,
512599,"ADANI ENTERPRISES LTD.",A,STK,2248.95,2248.95,2186.85,2218.35,2218.35,2205,11182,217057,478387958,
512600,"ASTAL LABORATORIES LIMITED",X,STK,74,74,67,67.3,68.8,67.26,593,69998,4816722,
512604,"HARIA EXPORTS LTD.",X,STK,6.71,6.71,6.05,6.71,6.71,6.68,6,497,3137,
512608,"BHANDARI HOSIERY EXPORTS LTD.",B,STK,3.16,3.32,3.16,3.29,3.27,3.23,119,52381,171122,
512618,"RLF LTD.",X,STK,10.45,11.49,10.45,10.95,10.5,10.45,22,1075,11723,
512624,"Regent Enterprises Limited",X,STK,6.45,6.5,6.06,6.29,6.24,6.23,72,36634,232235,
512626,"ORBIT EXPORTS LTD.",B,STK,165.5,169,163.5,165.9,165.05,167.85,16,108,17892,
512634,"SAVERA INDUSTRIES LTD.",X,STK,160,171,156.5,170.25,171,162.95,59,5388,896615,
513005,"Chrome Silicon Limited",X,STK,42.5,42.5,40.5,41.91,41.91,41.59,16,97,4061,
513023,"NAVA LIMITED",A,STK,624.5,736.45,623.65,704.5,704.5,626.65,29970,1311889,924516696,
513043,"REMI EDELSTAHL TUBULARS LIMITE",X,STK,156.6,158.8,153,155.35,155.9,152.35,91,10185,1590621,
513059,"G.S.AUTO INTERNATIONAL LTD.",X,STK,34.5,34.5,33.58,33.67,33.67,34.7,25,1062,36011,
513063,"TRANS-FREIGHT CONTAINERS LTD.",X,STK,25.7,25.7,22.7,23.1,23.77,24.27,57,5795,136550,
513097,"SHIVALIK BIMETAL CONTROLS LTD.",B,STK,521.2,532,509.3,523.55,522,513.95,784,18506,9675404,
513108,"GANDHI SPECIAL TUBES LTD.",B,STK,893,893,872.05,876.15,872.05,893.6,91,311,274181,
513117,"AMFORGE INDUSTRIES LTD.",X,STK,9.1,9.5,8.41,8.91,9.24,9.13,59,9023,78743,
513119,"ONIX SOLAR ENERGY LIMITED",X,STK,925.55,925.55,925.55,925.55,925.55,907.45,26,828,766355,
513121,"ORICON ENTERPRISES LTD.",B,STK,70.45,71.14,67.16,67.81,67.8,69.05,355,8986,621085,
513149,"ACROW INDIA LTD.",X,STK,790,829.5,790,808,808,790,20,257,209768,
513173,"STEEL STRIPS INFRASTRUCTURES L",X,STK,22.19,22.19,21,21.5,21.5,21.64,20,1139,24593,
513228,"PENNAR INDUSTRIES LTD.",B,STK,174.65,178,174.4,175.3,176.35,173.5,481,27017,4747177,
513250,"JYOTI STRUCTURES LTD.",A,STK,13.14,13.68,13.09,13.16,13.22,13.13,1077,655114,8723728,
513252,"JAY USHIN LTD.",X,STK,919.95,973,871.95,954.95,954.95,900.55,43,589,552892,
513262,"STEEL STRIPS WHEELS LTD.",B,STK,213.4,223.75,211.65,220.75,222.55,212.85,478,20343,4477558,
513269,"MAN INDUSTRIES (INDIA) LTD.",B,STK,510.4,545.5,506.5,536.9,536.9,508.5,2063,57831,30719881,
513295,"IMEC SERVICES LIMITED",X,STK,187.55,193,182.75,187.4,187,185.6,98,3278,618678,
513303,"MODERN STEELS LTD.",X,STK,13.45,13.6,12.51,13.6,13.6,13.19,42,3444,46129,
513307,"BELDING INDIA LIMITED",XT,STK,1420,1420,1384.2,1417.75,1417.75,1419.95,30,896,1245361,
513309,"Golkonda Aluminium Extrusions",X,STK,7.71,8.04,7.37,7.62,7.6,7.7,35,7051,53724,
513337,"GUJARAT TOOLROOM LTD.",B,STK,0.67,0.72,0.66,0.69,0.69,0.66,2162,10821691,7506741,
513349,"AJMERA REALTY & INFRA INDIA LT",B,STK,126.42,128,123.78,124.86,124.42,124.88,432,8077,1008745,
513353,"COCHIN MINERALS & RUTILE LTD.",X,STK,285,303,272,296.75,295,282.25,500,33661,9889518,
513361,"India Homes Limited",X,STK,17.91,18.2,17.4,18.09,18.09,17.92,645,398041,7127278,
513369,"KRISHANVEER FORGE LIMITED",X,STK,123,134.9,120,133.15,134.9,125.5,84,8020,1026517,
513375,"CARBORUNDUM UNIVERSAL LTD.",A,STK,899.95,948.5,891.55,939.95,936,883.65,1033,9125,8463645,
513377,"MMTC LTD.",A,STK,62.64,71.96,61.9,68.32,68.32,61.9,12809,2698941,186296896,
513397,"VALLABH STEELS LTD.",X,STK,12.35,12.5,12.35,12.35,12.35,13,5,117,1445,
513418,"SMITHS & FOUNDERS (INDIA) LIMI",X,STK,4.93,5.17,4.9,5.11,5.01,4.93,92,62520,316480,
513422,"BLOOM INDUSTRIES LTD.",X,STK,32.13,33,31.5,31.5,31.5,31.5,4,97,3058,
513430,"Maitri Enterprises Limited",XT,STK,36.63,36.63,36.63,36.63,36.63,36.63,2,2,73,
513436,"SHAH ALLOYS LTD.",B,STK,71.05,77.7,71.05,74,74,69.62,58,3749,286662,
513452,"ELANGO INDUSTRIES LTD.",X,STK,10.02,10.02,10.02,10.02,10.02,9.55,1,47,470,
513456,"KANISHK STEEL INDUSTRIES LTD.",X,STK,54.2,54.2,51.21,53.28,54.2,52.59,89,25267,1337167,
513460,"MAHALAXMI SEAMLESS LTD.",Z,STK,9.41,9.41,9.4,9.4,9.4,8.97,4,36,338,
513472,"SIMPLEX CASTINGS LTD.",X,STK,493.05,493.8,470,476.35,476.35,493.35,299,27957,13558960,
513488,"SHREE STEEL WIRE ROPES LTD.",X,STK,22.14,22.14,20.1,21.77,21.79,20.99,33,8117,173049,
513496,"SIZEMASTERS TECHNOLOGY LIMITED",XT,STK,354.3,354.3,347.3,353,353,354.35,11,175,61860,
513498,"SOUTHERN MAGNESIUM & CHEMICALS",X,STK,84.95,98.95,80,93.81,90,84.96,66,6331,571354,
513502,"BARODA EXTRUSION LTD.",X,STK,9.4,9.54,8.94,9.1,9.1,9.3,437,306499,2813598,
513509,"KALYANI FORGE LTD.",B,STK,605.75,639.4,603.4,621,609.1,607.25,15,221,136513,
513511,"PANCHMAHAL STEEL LTD.",X,STK,305,305,298,299.75,298,300.7,12,242,73279,
513513,"ADITYA ISPAT LTD.",X,STK,10.17,11.72,10.17,11.72,11.72,10.17,20,4947,53457,
513517,"STEELCAST LTD.",B,STK,292.6,300.4,292.5,295.55,296.6,292.6,165,3808,1130413,
513519,"PITTI ENGINEERING LIMITED",B,STK,899.55,940.45,894.15,926.15,917.4,885,505,5428,5032309,
513528,"GLITTEK GRANITES LTD.",XT,STK,52.13,52.13,52.13,52.13,52.13,54.87,60,4031,210136,
513532,"PRADEEP METALS LTD.",X,STK,375.95,384,368.5,380.65,376.2,369.4,221,9501,3558090,
513536,"GUJARAT NATURAL RESOURCES LIMI",X,STK,100,100.28,98.2,99.91,99.99,100.26,410,48378,4822715,
513544,"MARDIA SAMYOUNG CAPILLARY TUBE",X,STK,79.65,79.65,79.65,79.65,79.65,81.27,19,1071,85305,
513548,"SHARDA ISPAT LTD.",X,STK,163,163,149,157.85,157.85,149,11,358,54337,
513554,"MAHAMAYA STEEL INDUSTRIES LTD.",T,STK,892.25,910,891,909.35,910,934.7,20,237,212898,
513566,"NOVA IRON & STEEL LTD.",X,STK,11.99,11.99,11.61,11.69,11.94,11.65,21,1735,20402,
513575,"STERLING POWERGENSYS LTD",X,STK,22.75,26.5,22.51,26.48,26.5,22.79,195,19791,503230,
513599,"HINDUSTAN COPPER LTD.",A,STK,564.9,572.35,556.45,569.6,569.6,563.7,8555,529600,299880002,
513629,"TULSYAN NEC LTD.",XT,STK,38.4,40.32,38,38,38,38.4,23,5206,206271,
513642,"AXEL POLYMERS LTD.",X,STK,41.6,47,41.6,43.66,46.25,44.22,17,286,12450,
513683,"NLC India Limited",A,STK,300.85,308.1,298.55,300.5,300.05,298.45,7195,493687,149907170,
513687,"SPECTRA INDUSTRIES LTD.",Z,STK,5.4,5.4,5.4,5.4,5.4,5.4,1,303,1636,
513693,"KIC METALIKS LTD.",X,STK,29.07,32.15,29.07,31.78,31.79,29.21,50,10417,328925,
513699,"SOLID STONE COMPANY LTD.",X,STK,27.39,27.39,26.49,26.49,26.49,26.29,12,125,3345,
513709,"SHILP GRAVURES LTD.",X,STK,185.55,187.45,181,186,181,184.6,34,1355,249606,
513713,"White Organic Agro Limited",X,STK,4.18,4.18,3.7,4.11,4.14,4,98,28899,115032,
513721,"MFS INTERCORP LTD.",XT,STK,13.35,13.36,13.35,13.36,13.36,12.73,15,2438,32547,
513729,"ARO GRANITE INDUSTRIES LTD.",B,STK,30,31.3,28.5,28.93,28.93,29.3,198,11025,326712,
514010,"RUDRA ECOVATION LIMITED",XT,STK,22.1,22.99,22,22.87,22.87,22.54,125,50637,1129949,
514028,"RAJKAMAL SYNTHETICS LTD.",X,STK,35.55,36.96,35,36.96,36.96,37.77,20,1287,46482,
514030,"DEEPAK SPINNERS LTD.",X,STK,120,121.2,118.83,120.61,120.61,117.77,61,1905,229213,
514036,"LOYAL TEXTILE MILLS LTD.",T,STK,206.6,206.6,206.6,206.6,206.6,206.65,1,1,206,
514043,"HIMATSINGKA SEIDE LTD.",B,STK,94.48,94.48,91.3,91.6,91.6,92.88,592,39289,3626383,
514045,"BSL LTD.",B,STK,126.4,126.4,126.3,126.3,126.3,126.3,2,110,13895,
514060,"NEWTRAC FOODS & BEVERAGES LIMI",X,STK,5.8,5.8,5.11,5.37,5.49,5.37,122,27217,146737,
514087,"PBM POLYTEX LTD.",X,STK,55.89,55.89,53.55,53.55,53.55,52.99,7,212,11502,
514113,"ADINATH TEXTILES LTD.",X,STK,21.83,21.83,19,19.9,19.9,19.85,35,3112,61007,
514138,"SURYALATA SPINNING MILLS LTD.",X,STK,348.75,348.75,344.45,347,347,341.6,18,143,49602,
514142,"T T LTD.",T,STK,8.7,8.92,8.52,8.85,8.85,8.7,20,5915,52454,
514162,"WELSPUN LIVING LIMITED",A,STK,124,126.65,123.1,125.45,125.45,123.85,1381,109225,13688616,
514165,"INDIAN ACRYLICS LTD.",XT,STK,6.9,6.9,6.49,6.73,6.73,6.62,112,62139,417139,
514167,"GANESHA ECOSPHERE LTD.",A,STK,1054.45,1074.3,1033.5,1054.6,1051.05,1076.35,1226,22178,23353669,
514171,"CEETA INDUSTRIES LTD.",XT,STK,42.5,43.35,41.7,41.7,41.7,42.65,16,39,1655,
514175,"VARDHMAN POLYTEX LTD.",T,STK,7.45,7.92,7.45,7.75,7.75,7.77,36,33443,259584,
514177,"RISHAB SPECIAL YARNS LTD.",X,STK,73.5,76.93,73,74.95,73.01,73.27,18,3345,254554,
514183,"BLACK ROSE INDUSTRIES LTD.",X,STK,80.35,83.5,80.35,83.4,83.5,81.2,283,14334,1187620,
514197,"S&T CORPORATION LTD.",X,STK,5.06,5.06,4.5,4.88,5.02,4.64,96,28746,143290,
514211,"SUMEET INDUSTRIES LTD.",B,STK,31.58,31.58,29.85,30.62,30.62,30.1,43,4162,128987,
514223,"RAMGOPAL POLYTEX LTD.",XT,STK,24.31,24.31,24.31,24.31,24.31,24.8,11,2701,65661,
514234,"SANGAM (INDIA) LTD.",B,STK,458.7,467.8,451.25,459.05,451.25,456.6,24,145,66391,
514238,"MKVENTURES CAPITAL LIMITED",X,STK,1000,1000,976,995.4,998.35,988.9,47,545,541085,
514240,"Kush Industries Limited",X,STK,7.76,7.76,6.85,7.35,7.26,6.83,133,45926,343262,
514248,"SREECHEM RESINS LTD.",P,STK,36.06,36.06,36.06,36.06,36.06,34.35,3,300,10818,
514264,"SEASONS TEXTILES LTD.",X,STK,19.45,19.45,18.01,19,19,18.59,10,655,12633,
514266,"ZENITH FIBRES LTD.",X,STK,53,54,51.5,53.87,53.87,51.99,32,3001,160200,
514272,"BHILWARA SPINNERS LTD.",X,STK,115.95,115.95,108.9,114.8,114.8,113.65,16,263,29044,
514274,"VARVEE GLOBAL LIMITED",B,STK,61.25,64,61.25,63.18,63.24,62.99,59,3679,232455,
514280,"SANRHEA TECHNICAL TEXTILES LTD",X,STK,135,135,130.3,131.15,131.05,136.65,12,526,70476,
514286,"ASHIMA LTD.",B,STK,14.8,15.02,14.55,14.62,14.65,14.51,41,4189,61522,
514300,"PIONEER EMBROIDERIES LTD.",B,STK,25.75,26.14,25.75,26.14,26.14,25.74,13,867,22508,
514302,"VIPPY SPINPRO LTD.",X,STK,169.95,179,169.95,172.1,172.05,169.1,54,2676,464936,
514312,"JAIHIND SYNTHETICS LTD.",XT,STK,39,39.97,38.5,38.5,38.5,39,14,1505,58519,
514316,"RAGHUVIR SYNTHETICS LTD.",X,STK,100,101,99,100.24,99.35,100.93,67,6276,627175,
514318,"JATTASHANKAR INDUSTIES LTD.",X,STK,416,416,415,415,415,405.5,2,2,831,
514322,"KAMADGIRI FASHION LTD.",X,STK,87,94.9,87,92.01,92,87,32,3510,320132,
514324,"OMNITEX INDUSTRIES (INDIA) LTD",XT,STK,849.05,891,849.05,849.9,885,849.05,19,335,286550,
514326,"PATSPIN INDIA LTD.",XT,STK,7.84,8.29,7.84,7.96,7.93,8.25,41,2980,23896,
514330,"ONE GLOBAL SERVICE PROVIDER LI",X,STK,660.2,669.85,631,645.95,645.95,658.85,732,20726,13411579,
514332,"NEO INFRACON LTD.",X,STK,46.61,49.49,46.31,48.72,49,49.5,17,211,10139,
514336,"GENESIS IBRC INDIA LIMITED",XT,STK,77.43,81.3,77.43,81.3,81.3,77.43,7,82,6631,
514348,"WINSOME YARNS LTD.",Z,STK,1.8,1.8,1.79,1.79,1.79,1.77,12,1530,2745,
514354,"PREMIER POLYFILM LTD.",T,STK,54.12,54.94,53.51,54,54,55.37,195,18640,1008054,
514358,"EVERLON FINANCIALS LIMITED",X,STK,112,130,100.51,112.71,112.71,112,36,1190,131487,
514360,"K&R RAIL ENGINEERING LIMITED",XT,STK,30.67,32.22,30,32.22,32.22,30.69,424,67813,2158227,
514378,"YARN SYNDICATE LTD.",X,STK,13.92,15.8,13.92,15.3,15,14.81,29,4026,61073,
514386,"GUJARAT COTEX LTD.",XT,STK,10.9,11.15,10.9,11.07,11.07,10.63,407,439630,4850385,
514400,"GARWARE SYNTHETICS LTD.",XT,STK,22.77,22.77,22.77,22.77,22.77,21.69,11,1575,35862,
514402,"ECO HOTELS AND RESORTS LIMITED",X,STK,18.39,19,16.6,17.95,17.95,17.6,413,238842,4228768,
514414,"OXFORD INDUSTRIES LTD.",XT,STK,15.65,15.65,15.65,15.65,15.65,15.35,4,800,12520,
514418,"MANGALAM ORGANICS LIMITED",B,STK,447.85,529.2,447.85,473.9,472,441,563,12500,6394291,
514428,"HINDUSTAN ADHESIVES LTD.",X,STK,314.85,314.85,303.8,305.85,309,309.1,82,2298,708613,
514440,"Blue Pearl Agriventures Limite",B,STK,28.52,28.83,28,28.77,28.77,27.46,222,77766,2231684,
514442,"SRI KPR INDUSTRIES LTD.",X,STK,22.49,26.42,22,26.42,26.42,22.02,160,31015,780468,
514448,"JYOTI RESINS & ADHESIVES LTD.",B,STK,853,898,853,891.35,889.2,853.45,1371,23165,20325209,
514450,"MAHALAXMI RUBTECH LTD.",B,STK,182,187.5,181,183.35,185.2,167.45,9,255,46757,
514454,"SOUTHERN LATEX LTD.",X,STK,31.09,31.09,30,30.95,30.95,31.14,27,1138,35209,
514470,"WINSOME TEXTILE INDUSTRIES LTD",B,STK,77.96,79.95,75,78.3,79.7,76.43,82,5726,444181,
515008,"MODERN INSULATORS LTD.",X,STK,287.6,294.05,278.5,294.05,294.05,280.05,885,124776,36129033,
515018,"REGENCY CERAMICS LTD.",B,STK,43.33,45.8,43.33,45.8,45.8,43.33,6,467,21028,
515030,"ASAHI INDIA GLASS LTD.",A,STK,860.05,860.05,831.1,851.6,850.3,850,860,19662,16604491,
515037,"MURUDESHWAR CERAMICS LTD.",B,STK,33.64,33.8,32.55,33.09,32.8,32.98,95,11463,380652,
515043,"SAINT-GOBAIN SEKURIT INDIA LTD",B,STK,102.25,102.25,99.6,101.66,101.66,100.07,324,36455,3695981,
515055,"ANANT RAJ LIMITED",A,STK,513.05,518.65,509.65,513.2,513.2,509.65,2220,72546,37320352,
515059,"MADHUSUDAN INDUSTRIES LTD.",X,STK,32.8,35,32,34.04,34.04,34.99,15,614,20127,
515085,"RESTILE CERAMICS LTD.",X,STK,7.33,7.34,6.78,7.25,7.25,7.16,65,10620,75813,
515093,"MADHAV MARBLES & GRANITES LTD.",B,STK,36.98,37,36.98,37,37,33.1,5,119,4402,
515147,"HALDYN GLASS LTD",X,STK,89.7,92.2,88.1,91.76,92.2,89.84,413,40578,3689211,
516003,"DUROPLY INDUSTRIES LIMITED",X,STK,149,150,145,150,150,146.2,26,2991,447412,
516016,"SHREYANS INDUSTRIES LTD.",B,STK,178,179.3,178,179.3,179.3,172.3,2,59,10554,
516020,"AGIO PAPER & INDUSTRIES LTD.",X,STK,3.91,4.07,3.91,4.07,4.07,3.88,6,404,1600,
516022,"STAR PAPER MILLS LTD.",B,STK,147.05,150,144.55,148.05,146.55,147.15,45,3642,538046,
516030,"PAKKA LIMITED",B,STK,100.34,101.09,99.1,100.15,101,99.74,173,15891,1591578,
516032,"TAHMAR ENTERPRISES LIMITED",X,STK,7.1,7.15,6.75,7,6.95,7.13,81,36908,259620,
516038,"KS Smart Technologies Limited",XT,STK,258,258,240,247.65,255.9,245.85,71,2093,517484,
516062,"NATIONAL PLYWOOD INDUSTRIES LT",Z,STK,3.93,3.93,3.86,3.86,3.86,3.93,18,7105,27882,
516064,"Arrow Greentech Limited",B,STK,561.4,576.85,543.9,550.2,551.7,562.1,278,3065,1714450,
516072,"VISHNU CHEMICALS LTD.",B,STK,597.9,614.2,576,580.4,578.05,586.3,1186,22954,13606814,
516078,"JUMBO BAG LTD.",X,STK,65.1,65.1,62.85,63.2,63.2,63.01,76,4898,310919,
516082,"N.R.AGARWAL INDUSTRIES LTD.",B,STK,425,479.9,425,471.6,470.1,473,33,378,177883,
516092,"3P LAND HOLDINGS LTD.",B,STK,36.22,36.81,35.8,35.9,35.9,36.4,11,877,31974,
516096,"SANGAL PAPERS LTD.",X,STK,155,158,152,152.9,158,152,5,108,16492,
516098,"VENTURA TEXTILES LTD.",X,STK,9.45,10,8.48,9.8,9.85,9.49,60,7182,68388,
516106,"SHREE KARTHIK PAPERS LTD.",X,STK,6.62,6.75,6.42,6.49,6.5,6.49,65,20368,132330,
516108,"SOUTH INDIA PAPER MILLS LTD.",X,STK,93.74,95.61,93.74,94,94,93.65,8,811,77056,
516110,"FAMILY CARE HOSPITALS LIMITED",X,STK,3.3,3.3,3.18,3.22,3.23,3.16,171,57184,186034,
517015,"VINDHYA TELELINKS LTD.",B,STK,1365.15,1386.4,1345,1376.6,1385,1352.15,180,2421,3300603,
517035,"RIR POWER ELECTRONICS LIMITED",B,STK,181.05,183.5,180.45,182.6,182.6,180.45,1693,176100,32115756,
517041,"ADOR WELDING LTD.",B,STK,990,1021.55,990,1006.4,1010.25,981.05,207,1500,1514380,
517059,"SALZER ELECTRONICS LTD.",B,STK,638.95,644.4,630.05,634.9,642,628.4,335,4055,2588206,
517063,"JETKING INFOTRAIN LTD.",X,STK,133,133,126.25,127.5,127.99,126.86,71,2154,278894,
517077,"IND-AGIV COMMERCE LTD.",X,STK,49.38,49.38,49.38,49.38,49.38,49.38,3,4,197,
517096,"APLAB LTD.",X,STK,74.5,81.99,72.16,73.54,74,74.54,95,10359,794570,
517119,"PCS TECHNOLOGY LTD.",X,STK,20.3,21.6,19.61,20.3,20.3,20.3,35,2656,53521,
517146,"USHA MARTIN LTD.",A,STK,451.85,452.1,446.25,448.6,449.75,445.85,590,14489,6490105,
517166,"SPEL SEMICONDUCTOR LTD.",X,STK,159.8,162,157,158.45,158.45,159.1,1307,91014,14520078,
517168,"SUBROS LTD.",B,STK,798.95,798.95,781.7,788.35,787.1,779.45,267,2451,1929236,
517170,"Edvenswa Enterprises Limited",X,STK,29.96,35.1,28.5,35.1,35.1,29.25,537,180532,6172324,
517174,"HONEYWELL AUTOMATION INDIA LTD",A,STK,32194.15,32981.75,31850,32808.35,32834,31791.35,236,7135,231928767,
517201,"SWITCHING TECHNOLOGIES GUNTHER",XT,STK,75,78.5,72.51,72.98,72.51,75,24,1567,117195,
517206,"LUMAX INDUSTRIES LTD.",B,STK,5590,5620,5527.6,5570.15,5556.25,5557.75,253,1169,6528562,
517214,"DIGISPICE TECHNOLOGIES LIMITED",B,STK,17.91,18.75,17.91,18.31,18.31,17.91,63,6576,120155,
517236,"CALCOM VISION LTD.",X,STK,92.39,92.39,87,89.22,89,88.21,60,3784,336243,
517238,"DYNAVISION LTD.",X,STK,181,181,181,181,181,179,1,11,1991,
517246,"BCC FUBA INDIA LTD.",X,STK,139.75,143.8,138,141.4,141.4,139.75,275,30602,4325297,
517258,"PRECISION ELECTRONICS LTD.",X,STK,134,140.6,133.95,136,136,133.95,32,762,105896,
517264,"FINE-LINE CIRCUITS LTD.",X,STK,77.51,81.5,77.4,77.45,77.45,81.47,42,2716,210621,
517271,"HBL ENGINEERING LIMITED",A,STK,787,794,778.55,786.6,786.6,783.2,2475,62811,49393493,
517273,"S&S POWER SWITCHGEAR LTD.",T,STK,336.1,347.5,336.1,347.5,347.5,340.8,11,162,54919,
517286,"RNIT AI SOLUTIONS LIMITED",XT,STK,63.98,63.98,61.1,63.01,63.01,62.18,332,218696,13759940,
517288,"Gujarat Poly Electronics Limit",X,STK,63.81,66,62.8,64.83,64.75,63.81,69,4166,266968,
517300,"GUJARAT INDUSTRIES POWER CO.LT",B,STK,157,158.8,153.5,154.9,155.65,154.2,476,26141,4077866,
517320,"MAGNUS STEEL AND INFRA LIMITED",XT,STK,138.76,138.76,138.76,138.76,138.76,132.16,7,949,131683,
517334,"Samvardhana Motherson Internat",A,STK,122.75,125.35,120.85,125,125,122.7,3806,529401,65439976,
517336,"MODERN MALLEABLES LTD.",P,STK,33.75,33.75,33.75,33.75,33.75,32.15,3,500,16875,
517344,"MINDTECK (INDIA) LTD.",B,STK,192.3,222,188.6,213.05,213.05,188.6,628,27540,5776512,
517354,"HAVELLS INDIA LTD.",A,STK,1295.95,1313.15,1286.3,1305.85,1305.85,1291.05,2079,22553,29314031,
517356,"ACI INFOCOM LTD.",XT,STK,1.21,1.27,1.21,1.27,1.27,1.24,126,49156,61642,
517360,"SBEC SYSTEMS (INDIA) LTD.",X,STK,18.25,18.65,18.25,18.61,18.5,19.01,7,323,5909,
517370,"INCAP LTD.",X,STK,104.05,106.7,90.31,104.2,99.4,104.05,29,1003,101913,
517372,"GUJARAT INTRUX LTD.",X,STK,444.2,459.95,444.2,452.25,455.7,444.1,141,2724,1233658,
517380,"IGARASHI MOTORS INDIA LTD.",B,STK,350.6,357.1,347.5,350,350.25,349.55,490,4978,1751160,
517385,"SYMPHONY LIMITED",B,STK,814.25,818,807.8,812.75,813.2,811.85,681,8386,6809865,
517393,"REGANTO ENTERPRISES LIMITED",Z,STK,8.87,8.87,8.87,8.87,8.87,8.45,35,84814,752300,
517397,"PAN ELECTRONICS INDIA LTD.",X,STK,38.5,38.5,33,33.52,33.9,36.38,170,44637,1603314,
517399,"VXL INSTRUMENTS LTD.",XT,STK,3.75,3.85,3.75,3.79,3.85,3.69,6,708,2674,
517411,"SHYAM TELECOM LTD.",B,STK,10.6,10.97,9.94,10.11,10.75,10.79,28,7083,71706,
517415,"LEE & NEE SOFTWARES (EXPORTS)",XT,STK,7.69,8.27,7.69,8.15,7.9,7.9,62,17972,144581,
517417,"PATELS AIRTEMP (INDIA) LTD.",X,STK,359,359,339.95,346.7,345.5,346.4,595,22233,7800596,
517421,"BUTTERFLY GANDHIMATHI APPLIANC",B,STK,620.05,625.65,618.05,623.25,622.8,616.95,53,519,322501,
517429,"Athena Global Technologies Lim",X,STK,68.78,74.59,65.3,73.37,74.59,65.33,53,11716,817044,
517431,"NARMADA MACPLAST DRIP IRRIGATI",X,STK,24.8,24.8,22.05,23.12,23.39,21.4,697,184049,4181654,
517437,"DUTRON POLYMERS LTD.",X,STK,115,115,109,110.23,109,113.16,5,195,21495,
517447,"R.S.SOFTWARE INDIA LTD.",T,STK,37.54,37.54,37.54,37.54,37.54,35.76,28,15330,575488,
517449,"MAGNA ELECTRO CASTINGS LTD.",X,STK,955.4,958.95,933,958.55,958.55,949.5,46,529,500957,
517467,"MARSONS LIMITED",B,STK,161.7,168.45,159.4,167.25,166,159.5,1732,141462,23329596,
517477,"ELNET TECHNOLOGIES LTD.",X,STK,327.45,340,325.05,337,338.8,327.7,20,604,204303,
517494,"ACCEL LIMITED",X,STK,13.13,14.25,13,13.61,13.8,12.83,120,34725,463181,
517498,"WEBSOL ENERGY SYSTEM LTD.",A,STK,88.21,93.19,88.21,91.41,91.41,88.01,3193,511623,46635624,
517500,"ROTO PUMPS LTD.",B,STK,58.56,62.27,58.55,60.2,60.2,58.75,1437,186808,11358905,
517506,"TTK PRESTIGE LTD.",A,STK,484.6,499,482.6,494.95,495.55,482.25,512,5700,2806025,
517514,"D&H INDIA LTD",XT,STK,250.25,264.05,250,263.8,263.8,251.55,146,14819,3835150,
517522,"RAJRATAN GLOBAL WIRE LTD.",B,STK,425.95,435.15,418.5,429.25,429.9,420.15,259,3063,1308571,
517530,"SURANA TELECOM AND POWER LIMIT",B,STK,18.74,19.25,18.5,18.74,18.9,18.74,118,19351,363011,
517536,"ONWARD TECHNOLOGIES LTD.",B,STK,260.45,260.45,249.15,254.35,255.05,261.1,137,1698,428203,
517544,"CENTUM ELECTRONICS LTD.",B,STK,3104.6,3132,3030,3083.75,3083.75,3047.1,1272,9459,29179256,
517546,"ALFA TRANSFORMERS LTD.",X,STK,46.08,46.69,45,45.37,45.5,46.08,238,22721,1032125,
517554,"NHC FOODS LTD.",X,STK,0.9,0.94,0.88,0.91,0.91,0.88,527,1623784,1480350,
517556,"PVP VENTURES LTD.",B,STK,35.29,35.3,32,32.58,32.58,34.9,1245,579874,19844459,
517562,"TRIGYN TECHNOLOGIES LTD.",B,STK,57.5,58.26,56.21,57.98,58.26,57.58,53,3057,175794,
517569,"KEI INDUSTRIES LTD.",A,STK,4680.5,4866.8,4633.7,4841.1,4841.1,4650.5,5247,24056,115221188,
518011,"KEERTHI INDUSTRIES LTD.",X,STK,52.6,52.61,50.1,52.38,52.39,52.62,16,2166,112494,
518053,"Sri Chakra Cement Limited",XT,STK,64.95,64.95,58.8,62.81,63,61.89,55,3063,192088,
518075,"SURAJ PRODUCTS LTD.",Z,STK,239.9,239.9,232,232.65,232.15,237.5,89,2843,667909,
518091,"ANJANI PORTLAND CEMENT LTD.",B,STK,119.5,119.5,119.35,119.35,119.35,119.8,4,31,3702,
519003,"MODI NATURALS LIMITED",B,STK,370,376,359.45,359.45,359.45,366.7,361,4139,1538885,
519014,"PRASHANT INDIA LTD.",X,STK,13.14,13.14,13,13.07,13,13.14,5,1038,13567,
519064,"KHANDELWAL EXTRACTION LTD.",X,STK,185.9,187.95,185,187.95,187.95,179,32,2392,448992,
519091,"TASTY BITE EATABLES LTD.",B,STK,7107,7120,7067.9,7115,7115,7100,21,97,687054,
519097,"RITESH INTERNATIONAL LTD.",X,STK,69.5,72.72,63,65.34,65.99,68.97,159,15851,1045724,
519105,"AVT NATURAL PRODUCTS LTD.",B,STK,67.1,67.31,64.33,67.01,67.31,65.04,259,6108,400214,
519126,"HINDUSTAN FOODS LTD.",B,STK,505.6,510.25,504.95,509.15,509.4,506.75,135,1014,514810,
519136,"NAHAR INDUSTRIAL ENTERPRISES L",B,STK,107.91,108,107.61,107.61,107.61,107.75,25,401,43215,
519152,"VADILAL ENTERPRISES LTD.",X,STK,10140,10140,9800,10093.35,10140,10185.65,17,118,1191608,
519156,"VADILAL INDUSTRIES LTD.",B,STK,4581.75,4714.45,4570.05,4593.05,4609,4621.9,166,822,3826517,
519174,"ASHIANA AGRO INDUSTRIES LTD.",X,STK,8.53,8.53,8.53,8.53,8.53,8.13,2,41,349,
519183,"ADF FOODS LTD.",B,STK,198.95,235.35,196.9,225.95,226,196.15,1993,111778,25017364,
519191,"Retro Green Revolution Limited",Z,STK,1.55,1.55,1.55,1.55,1.55,1.48,13,15977,24764,
519214,"WILLIAMSON FINANCIAL SERVICES",X,STK,6.07,6.07,5.51,5.51,5.51,5.79,7,1367,8114,
519216,"AJANTA SOYA LTD.",X,STK,26.4,26.42,25.72,26.14,26.14,25.96,239,50568,1321465,
519224,"WILLIAMSON MAGOR & COMPANY LTD",B,STK,28.48,28.53,27.47,28.53,28.53,28.49,7,694,19739,
519230,"KISAAN PARIVAR INDUSTRIES LIMI",X,STK,20.33,20.33,18.35,19.14,19.14,19.37,111,14057,272783,
519234,"SUPERIOR INDUSTRIAL ENTERPRISE",X,STK,34.4,34.99,33.16,34.85,34.89,33.1,35,2130,74158,
519238,"SAPTARISHI AGRO INDUSTRIES LTD",X,STK,36.6,38.35,36.6,38.35,38.35,38.37,2,183,6706,
519262,"PRIMA AGRO LTD.",X,STK,16.5,16.9,15.5,16.14,16.89,16.49,32,841,13606,
519285,"TARAI FOODS LTD.",Z,STK,7.66,7.66,6.94,7.49,7.49,7.3,9,1279,9539,
519287,"MODERN DAIRIES LTD.",X,STK,36.1,37.19,35.7,36.7,36.95,36.41,79,10555,386840,
519295,"BAMBINO AGRO INDUSTRIES LTD.",X,STK,208.45,209,201.8,207.95,208,204.35,27,1430,295696,
519299,"PRIME INDUSTRIES LTD.",X,STK,45.23,45.23,45.23,45.23,45.23,43.08,15,6768,306116,
519307,"VIKAS WSP LTD.",Z,STK,1.01,1.05,1.01,1.04,1.05,1.01,111,159948,166055,
519331,"VSF PROJECTS LTD.",X,STK,38.82,39.92,36.1,39.89,39.89,38.82,21,3099,118371,
519359,"POONA DAL & OIL INDUSTRIES LTD",X,STK,70,70,65.02,68,68,67.76,23,1157,78881,
519367,"TRANSGLOBE FOODS LTD.",XT,STK,425,439.95,405.05,434.25,434,425,12,41,17393,
519383,"ANIK INDUSTRIES LTD.",T,STK,43.8,44.55,43.8,44.55,44.55,43.8,12,1054,46571,
519397,"SHARAT INDUSTRIES LTD.",X,STK,146.5,149.9,145.3,148.25,148.5,147.2,256,129134,19126157,
519421,"KSE LTD.",X,STK,202.15,205.2,201,205.05,205,201.6,249,16352,3334961,
519457,"VIRAT CRANE INDUSTRIES LTD.",X,STK,36.65,40,36.65,39.2,39.2,38.91,19,1194,46774,
519463,"IB INFOTECH ENTERPRISES LTD.",XT,STK,536.75,536.75,536.75,536.75,536.75,526.25,12,396,212553,
519471,"Ambar Protein Industries Limit",X,STK,171,172.05,168.1,172.05,172.05,171,11,309,52664,
519475,"CHORDIA FOOD PRODUCTS LTD.",X,STK,71,71,71,71,71,71.48,1,4,284,
519477,"CIAN Agro Ind & Infra Ltd",B,STK,1050.7,1050.7,1050.7,1050.7,1050.7,1000.7,344,17184,18055228,
519479,"OMEGA AG-SEEDS (PUNJAB) LTD.",X,STK,8.24,8.24,8.24,8.24,8.24,8.24,1,1,8,
519483,"TAI INDUSTRIES LTD.",XT,STK,30.28,30.28,30.28,30.28,30.28,31.87,3,110,3330,
519494,"N.K.INDUSTRIES LTD.",B,STK,70,75.27,67.7,67.83,67.95,69.4,109,1375,97891,
519500,"BKV INDUSTRIES LTD.",X,STK,9.6,9.99,9.5,9.51,9.98,9.62,19,1318,12929,
519528,"NORBEN TEA & EXPORTS LTD.",B,STK,81.35,83,78.89,82,82,82.99,11,597,48164,
519532,"ASIAN TEA & EXPORTS LTD.",X,STK,10.8,11.5,10.77,11.1,11.1,10.7,45,3889,42494,
519552,"HERITAGE FOODS LIMITED",A,STK,357,365,355.75,359.1,359.2,355.45,648,23101,8333888,
519566,"SIMRAN FARMS LTD.",X,STK,168.55,169,164,165.7,165.7,164.45,52,3888,648340,
519574,"HINDUSTAN AGRIGENETICS LTD.",X,STK,54,54.27,49.21,51.76,50.6,49.24,103,23767,1250929,
519600,"CCL PRODUCTS (INDIA) LTD.",A,STK,1084.4,1097.8,1075.45,1088.6,1088.6,1070.95,1393,14782,16065987,
519602,"KELLTON TECH SOLUTIONS LTD.",B,STK,15,16.19,14.88,15.77,15.77,14.99,1259,663301,10328550,
519604,"SURYO FOODS & INDUSTRIES LTD.",X,STK,16.68,18.29,16.68,17.05,18.27,16.68,12,533,9312,
519606,"INTEGRATED PROTEINS LTD.",XT,STK,89.83,89.83,89.83,89.83,89.83,88.07,6,440,39525,
519612,"LAKE SHORE REALTY LIMITED",X,STK,76.5,82,76.5,77.99,77.99,76.54,21,1432,115915,
520008,"RICO AUTO INDUSTRIES LTD.",B,STK,121.45,121.45,118.1,119.1,119,119.35,388,49495,5914797,
520021,"OMAX AUTOS LTD.",B,STK,115,118.5,115,117,117,117.44,154,2451,286183,
520043,"MUNJAL SHOWA LTD.",B,STK,127.5,128.95,126.6,128,128.45,126.6,67,824,105056,
520051,"JAMNA AUTO INDUSTRIES LTD.",B,STK,128.85,130.5,126.8,128.7,128.8,127.95,1606,121457,15643910,
520056,"TVS Holdings Limited",A,STK,14325,14861,14325,14667.95,14690,14626.15,177,578,8490372,
520057,"JTEKT India Ltd",B,STK,134.25,134.8,132.6,132.8,132.85,132.5,485,6003,799837,
520059,"MUNJAL AUTO INDUSTRIES LTD.",B,STK,81.4,82.99,80.98,81.36,81.5,81.13,363,10127,826875,
520066,"JAY BHARAT MARUTI LTD.",B,STK,98,101.28,96.86,98.38,98.12,96.86,547,41018,4030210,
520073,"RACL Geartech Limited",B,STK,1390.15,1405,1360,1397.9,1405,1382.3,132,937,1296421,
520075,"SAMKRG PISTONS & RINGS LTD.",X,STK,121,122.9,120.55,122.9,122.9,121,27,2007,245239,
520086,"SICAL LOGISTICS LTD.",T,STK,68.4,69.13,66.49,69.13,69.13,65.84,29,5301,364117,
520111,"RATNAMANI METALS & TUBES LTD.",A,STK,2449.55,2467.95,2353.55,2462.2,2465,2345.65,399,1496,3610218,
520113,"VESUVIUS INDIA LTD.",A,STK,510.7,510.7,495.5,499.65,500,498.7,351,5826,2909005,
520119,"AUTOMOTIVE STAMPINGS & ASSEMBL",B,STK,475.7,479.65,466.25,471,471,475.7,194,1286,608912,
520121,"ARCEE INDUSTRIES LTD.",XT,STK,14.42,15.08,13.66,15.01,15.08,14.37,29,4441,64609,
520123,"ABC INDIA LTD.",X,STK,63,65.98,60.8,65,62.9,61.6,38,2961,188741,
520127,"BALURGHAT TECHNOLOGIES LTD.",XT,STK,15,15,14.5,14.61,14.61,15,10,7497,111338,
520141,"SIBAR AUTO PARTS LTD.",X,STK,7.48,7.5,7.2,7.35,7.35,7.16,35,29023,212427,
520151,"TRANSWORLD SHIPPING LINES LIMI",B,STK,160.75,166.5,158.05,159.95,158.05,154.4,161,3622,582237,
520155,"Starlog Enterprises Limited",X,STK,44.89,44.89,39.72,40.08,40.08,39.71,37,5165,206460,
521005,"TITAN INTECH LIMITED",X,STK,0.9,0.9,0.81,0.82,0.84,0.89,2143,10560578,8940998,
521016,"INDO COUNT INDUSTRIES LTD.",A,STK,277.95,278.5,269.5,276.45,275.8,269.8,725,33406,9163084,
521018,"MARAL OVERSEAS LTD.",B,STK,43,45.2,43,44.98,44.98,43.69,4,631,28174,
521034,"SOMA TEXTILES & INDUSTRIES LTD",T,STK,97.8,97.8,95.75,96.39,97,97.58,28,10223,979460,
521036,"SOURCE INDUSTRIES (INDIA) LTD.",XT,STK,10.38,10.38,10.38,10.38,10.38,9.89,1,100,1038,
521048,"ADVANCE LIFESTYLES LTD.",X,STK,26,26.03,26,26.03,26.03,27.36,3,17,442,
521054,"KAKATIYA TEXTILES LTD.",X,STK,9.2,9.5,9.2,9.5,9.5,9.55,3,204,1906,
521062,"PERFECT-OCTAVE MEDIA PROJECTS",X,STK,4.21,4.22,4,4.11,4.22,4.17,27,13462,55797,
521064,"TRIDENT LTD.",A,STK,25.89,26.2,25.84,26.12,26.12,25.88,3172,662950,17270782,
521070,"ALOK INDUSTRIES LTD.",A,STK,14.29,14.61,14.15,14.31,14.31,14.43,2159,722373,10348605,
521080,"PASARI SPINNING MILLS LTD.",X,STK,7.88,7.88,7.5,7.5,7.5,7.5,9,598,4485,
521097,"AMARJOTHI SPINNING MILLS LTD.",X,STK,132,136.95,132,134.95,136.95,136.4,57,3293,442831,
521105,"OLYMPIA INDUSTRIES LTD.",X,STK,31,31,28.05,29.24,29.23,29.46,53,3652,107185,
521109,"NAGREEKA EXPORTS LTD.",B,STK,25,27.77,24.5,26.14,26.05,25.86,57,3632,96721,
521113,"SUDITI INDUSTRIES LTD.",X,STK,93.24,96.6,88,93.49,94,93.24,236,50424,4713779,
521131,"Shree Bhavya Fabrics Limited",X,STK,25.87,26.29,24.01,25.35,25.35,25.87,26,772,19135,
521137,"EUREKA INDUSTRIES LTD.",X,STK,4.45,4.47,4.3,4.4,4.4,4.26,111,40281,175581,
521141,"ADITYA SPINNERS LTD.",X,STK,16.32,19,16.32,17.84,17.76,16.32,88,13717,246717,
521149,"PRIME URBAN DEVELOPMENT INDIA",X,STK,9.38,9.38,8,8.85,8.85,8.6,19,946,7828,
521151,"DHANLAXMI FABRICS LTD.",X,STK,55.72,55.72,55.72,55.72,55.72,58.65,12,125,6965,
521161,"SRI LAKSHMI SARASWATHI TEXTILE",X,STK,31.39,31.39,31.39,31.39,31.39,31.39,3,50,1569,
521163,"ZODIAC CLOTHING CO.LTD.",B,STK,75.5,82.58,75.5,80.46,80.35,75.5,114,1886,151140,
521167,"MAXGROW INDIA LIMITED",XT,STK,39.3,40.79,37.36,38.91,38.93,39.3,182,21774,848412,
521178,"SRI RAMAKRISHNA MILLS (COIMBAT",X,STK,39.1,43.97,39.1,43,43,41.8,70,18255,743321,
521180,"SUPER SPINNING MILLS LTD.",B,STK,5.9,5.9,5.39,5.4,5.42,5.3,61,12218,67511,
521194,"SIL INVESTMENTS LTD.",B,STK,438.3,475,438.3,469.45,475,441.35,67,157,73008,
521200,"SURYALAKSHMI COTTON MILLS LTD.",B,STK,58.6,58.6,58.48,58.48,58.48,55.3,3,151,8842,
521206,"SAMTEX FASHIONS LTD.",XT,STK,1.42,1.5,1.41,1.48,1.48,1.45,24,6722,9866,
521210,"CITYMAN LTD.",X,STK,15,15,15,15,15,15.09,1,500,7500,
521216,"DHANALAXMI ROTO SPINNERS LTD.",X,STK,83.07,85.9,80.61,85.66,85.42,83.48,28,3566,299228,
521220,"DAMODAR INDUSTRIES LTD.",B,STK,27.5,29.72,27.1,29.39,29.5,26.53,49,1860,53647,
521222,"SANBLUE CORPORATION LTD.",X,STK,36.52,36.52,36.52,36.52,36.52,34.79,3,52,1899,
521226,"UNIROYAL INDUSTRIES LTD.",X,STK,20.99,20.99,20.99,20.99,20.99,20.99,2,50,1049,
521228,"TATIA GLOBAL VENNTURE LTD.",X,STK,2.61,2.82,2.61,2.68,2.68,2.56,332,121777,328519,
521234,"SRI NACHAMMAI COTTON MILLS LTD",X,STK,37.5,37.5,33.27,34.81,34.81,34.3,11,110,3695,
521238,"BHARAT GLOBAL DEVELOPERS LIMIT",B,STK,126.77,126.77,126.77,126.77,126.77,133.44,236,6117,775452,
521240,"SAMBANDAM SPINNING MILLS LTD.",X,STK,99,99,97,97.5,97,96,5,44,4350,
521244,"MKP Mobility Limited",X,STK,110.1,110.1,110.1,110.1,110.1,110.1,1,2,220,
521246,"PARAS PETROFILS LTD.",T,STK,2.35,2.36,2.32,2.32,2.32,2.36,34,30711,71839,
521248,"KITEX GARMENTS LTD.",A,STK,171,173.3,169.85,171.65,171,169.65,812,54795,9406036,
522001,"CRANEX LTD.",X,STK,75,84,72.27,81.32,83.25,72.27,158,13420,1069519,
522004,"BATLIBOI LTD.",X,STK,85.8,85.8,82.99,85.24,85.43,84.16,271,28833,2429443,
522005,"AUSTIN ENGINEERING CO.LTD.",X,STK,136.57,140,135.01,137.28,137,136.59,45,1760,243805,
522014,"UNITED DRILLING TOOLS LTD.",B,STK,211.9,215.5,200.45,212.45,214.25,206.45,252,5889,1248617,
522017,"FLUIDOMAT LTD.",X,STK,761,810,761,775.55,772.1,768.75,356,6475,5030934,
522027,"EMA INDIA LTD.",X,STK,504.35,504.35,504.35,504.35,504.35,494.5,16,6579,3318118,
522029,"WINDSOR MACHINES LTD.",B,STK,287,309.85,281.25,303.85,303.85,285.05,241,12216,3623766,
522034,"SHANTHI GEARS LTD.",B,STK,479.85,482.7,472.2,472.95,473,479.85,190,647,307731,
522064,"HONDA INDIA POWER PRODUCTS LIM",B,STK,2295.2,2313,2152.25,2306.45,2280.5,2257.15,43,199,457012,
522073,"The Hi-Tech Gears Ltd",T,STK,639,648,611.2,632,632,639.95,13,144,90141,
522074,"ELGI EQUIPMENTS LTD.",A,STK,543,551.5,543,549,548,541.75,2202,39556,21704901,
522091,"UNITED VAN DER HORST LTD.",XT,STK,40,41.38,37.51,41.37,41.38,39.41,137,26719,1089389,
522101,"KILBURN ENGINEERING LTD.",B,STK,504.9,518,492.05,513.7,517.5,498.15,983,60969,30853761,
522105,"BIRLA PRECISION TECHNOLOGIES L",X,STK,34.64,35.49,33.75,34.35,34.35,34.35,141,22555,786355,
522108,"YUKEN INDIA LTD.",B,STK,766.7,766.7,735.3,751.95,757,753.35,54,422,315615,
522113,"TIMKEN INDIA LTD.",A,STK,3489.9,3536.4,3455.1,3506.9,3495.7,3491.9,314,1183,4130931,
522122,"VOITH PAPER FABRICS INDIA LTD.",X,STK,1557.9,1615,1545,1602.3,1588.6,1555.6,71,658,1040781,
522134,"ARTSON LIMITED",X,STK,164.95,170.5,160,167.4,170.5,159.1,125,7073,1174096,
522152,"SOLITAIRE MACHINE TOOLS LTD.",X,STK,106.99,106.99,105.95,106.86,106.86,100.5,9,91,9688,
522163,"DIAMOND POWER INFRASTRUCTURE L",B,STK,154,155,148,149.55,150,148.15,985,80511,12150438,
522165,"INDSIL HYDRO POWER AND MANGANE",X,STK,41.95,41.95,41,41.3,41.3,41.26,76,11897,493009,
522183,"ITL INDUSTRIES LTD.",X,STK,299.85,311.95,299.85,302.4,306,303.25,81,3250,985969,
522195,"FRONTIER SPRINGS LTD.",B,STK,1537,1550,1520.15,1542.9,1542.9,1518,1028,16848,25844254,
522205,"PRAJ INDUSTRIES LTD.",A,STK,350.95,355,350.1,350.75,351.1,349.15,1205,48596,17117762,
522207,"RASANDIK ENGINEERING INDUSTRIE",X,STK,65,65.9,61.41,64.2,64.2,63.9,21,2749,176252,
522209,"YOGI SUNG-WON (INDIA) LTD.",X,STK,8.7,8.7,8.05,8.23,8.21,7.98,54,9751,79805,
522215,"HLE GLASCOAT LIMITED",B,STK,326.05,335.85,326.05,331,330.3,326.4,395,7359,2444482,
522217,"GUJARAT APOLLO INDUSTRIES LTD.",B,STK,444,455.75,436,439.6,438,445.8,231,1286,567302,
522229,"TANEJA AEROSPACE & AVIATION LT",X,STK,279.9,284.35,278.7,281.55,281.55,277.75,471,21882,6162106,
522231,"CONART ENGINEERS LTD.",X,STK,92.3,96,88,95.47,94.8,89.92,80,12414,1162925,
522235,"MINAL INDUSTRIES LIMITED",X,STK,2.65,2.65,2.44,2.54,2.54,2.58,98,54675,140165,
522237,"SHIVAGRICO IMPLEMENTS LTD.",X,STK,24.26,24.26,21.35,22.25,22.25,24.27,78,6675,151611,
522241,"M.M.FORGINGS LTD.",B,STK,457.95,475,457.95,463.25,463,460.8,102,1610,754383,
522249,"MAYUR UNIQUOTERS LTD.",B,STK,572.25,579.4,571.3,573.6,579.05,568.75,391,2373,1363089,
522251,"CENLUB INDUSTRIES LTD.",X,STK,230.95,239.9,220.05,236.4,239,225.5,166,6264,1455995,
522257,"RAJOO ENGINEERS LTD.",B,STK,66.91,69.23,66.15,67.67,67.67,66.14,454,62931,4248141,
522261,"DOLPHIN OFFSHORE ENTERPRISES (",B,STK,396.05,403.1,395.15,396.6,397.05,394.95,103,1172,466577,
522267,"VEEJAY LAKSHMI ENGINEERING WOR",X,STK,39.6,39.6,36,37.83,38.45,36.79,21,1876,69310,
522273,"AHMEDABAD STEELCRAFT LTD.",X,STK,179.35,179.35,170,170.7,170,171.65,59,1868,327582,
522275,"GE Vernova T&D India Limited",A,STK,4099.55,4150,4072.55,4139.7,4139.7,4072.55,2335,102398,423889808,
522281,"RAM RATNA WIRES LTD.",B,STK,350.6,411.7,346,388.85,388.85,343.1,2722,125570,50221804,
522285,"JAYASWAL NECO INDUSTRIES LTD.",B,STK,99.23,99.23,95.69,96.21,96.21,98.51,2572,392126,38129399,
522287,"KALPATARU PROJECTS INTERNATION",A,STK,1194.2,1236,1194.2,1232.9,1231,1205.5,906,9762,11929722,
522289,"NMS GLOBAL LIMITED",XT,STK,68.62,68.62,62.11,67.99,67.99,65.37,9,14,934,
522292,"CANDOUR TECHTEX LIMITED",X,STK,144.95,144.95,141.75,142.3,143,143.45,154,43414,6226494,
522294,"T & I GLOBAL LTD.",X,STK,189.1,189.1,176.05,182.55,180.7,184.35,14,1377,247831,
522295,"CONTROL PRINT LTD.",B,STK,692.85,695,667,669.45,672.65,686,204,2159,1461286,
522650,"BEMCO HYDRAULICS LTD.",X,STK,92,92,87,88.18,88.18,88.01,208,13107,1168230,
523007,"ANSAL BUILDWELL LTD.",X,STK,104.35,104.35,100.17,102.99,102.99,104.39,19,923,94906,
523011,"WEIZMANN LTD.",B,STK,83.01,85,83.01,84.24,84.15,83,14,168,14032,
523019,"B.N.RATHI SECURITIES LTD.",X,STK,16.41,17.2,15.49,16.48,16.6,16.69,346,54254,904707,
523021,"RISHI TECHTEX LTD.",X,STK,41.99,41.99,38.8,40,40,39.49,9,577,23055,
523023,"SINCLAIRS HOTELS LTD.",B,STK,82.99,82.99,79.11,80.26,80.3,78.85,32,1870,149973,
523025,"SAFARI INDUSTRIES (INDIA) LTD.",A,STK,1570.35,1650,1562.95,1579.15,1572.05,1553.8,892,9932,15855480,
523054,"BINAYAK TEX PROCESSORS LTD.",XT,STK,2185,2185,2185,2185,2185,2185,2,3,6555,
523062,"J.J.FINANCE CORPORATION LTD.",XT,STK,52.93,52.93,52.92,52.92,52.92,54,4,24,1270,
523100,"COSMO FERRITES LTD.",XT,STK,142,142,132,141.71,142,136.26,33,4626,638585,
523105,"CROPSTER AGRO LIMITED",B,STK,7.33,7.33,6.84,7.17,7.19,7.19,486,302417,2126094,
523116,"SANCO TRANS LTD.",X,STK,686.5,755.15,686.5,744.4,744.4,719.25,6,51,37263,
523120,"THRIVE FUTURE HABITATS LIMITED",X,STK,134.98,134.98,129.1,133.64,134.9,134.98,42,3263,429426,
523127,"EIH ASSOCIATED HOTELS LTD.",B,STK,324.35,334.2,321.7,328.25,328.75,325.05,135,2379,777420,
523144,"MEDI-CAPS LTD.",X,STK,31.97,31.97,29.85,29.85,29.85,30.87,29,2438,75274,
523151,"OTCO INTERNATIONAL LTD.",X,STK,9.42,9.42,9.41,9.42,9.42,8.98,15,8514,80200,
523160,"FOSECO CRUCIBLE INDIA LIMITED",X,STK,1450.05,1550,1450.05,1526.25,1519.9,1492.75,86,1117,1706149,
523186,"B&A PACKAGING INDIA LIMITED",X,STK,191.8,191.8,181.9,185.3,185.3,194.5,38,449,82142,
523207,"KOKUYO CAMLIN LTD.",B,STK,87,90,86.85,89.53,89.53,86.42,70,2084,183066,
523222,"SRM ENERGY LTD.",XT,STK,20.7,20.7,20.7,20.7,20.7,19.73,1,205,4243,
523229,"BHARAT SEATS LTD.",B,STK,185.1,186.7,182.5,183.4,183,185.55,384,16786,3090906,
523232,"CONTINENTAL PETROLEUMS LTD.",X,STK,87,88,84.2,85.05,85.52,86.99,59,10289,875896,
523242,"NB FOOTWEAR LTD.",P,STK,8.05,8.89,8.05,8.51,8.89,8.47,11,16100,135917,
523248,"MACHINO PLASTICS LTD.",X,STK,249.55,263,249.55,262.1,262.4,250.5,35,669,173104,
523260,"PEARL POLYMERS LTD.",B,STK,18.68,21.57,18.01,21.57,21.57,17.98,148,21091,443646,
523261,"VENKYS (INDIA) LTD.",B,STK,1518.9,1637,1518.9,1589.25,1589.25,1525.05,738,8641,13768431,
523269,"ADVANI HOTELS & RESORTS (INDIA",B,STK,54.75,55.17,53.8,54.69,54.55,53.71,42,4934,267442,
523283,"SUPERHOUSE LTD.",B,STK,152,152,150,150.8,150,151,10,190,28717,
523289,"RAMA VISION LTD.",X,STK,182,182,156.6,159.85,159.95,171.55,223,9746,1595757,
523301,"TCPL PACKAGING LTD.",B,STK,2681.6,2704.3,2644.65,2647,2645,2664.65,50,130,347892,
523309,"SHRI GANG INDUSTRIES AND ALLIE",X,STK,83.95,83.95,81.55,82.57,82.1,83.13,266,24551,2025568,
523319,"BALMER LAWRIE & CO.LTD.",B,STK,173.5,178.55,172.5,176.2,176.5,173.35,355,11699,2058207,
523323,"KOVAI MEDICAL CENTER & HOSPITA",B,STK,5425,5450.05,5377.7,5420.6,5420.6,5434.1,694,8695,47024822,
523329,"ELDECO HOUSING & INDUSTRIES LT",B,STK,838,869.95,838,869.95,869.95,786.55,4,50,43132,
523367,"DCM SHRIRAM LIMITED",A,STK,1196.75,1230.55,1187.5,1225.85,1223.55,1185,442,4215,5115953,
523369,"DCM SHRIRAM INDUSTRIES LTD.",B,STK,40.9,41.56,39.9,40.6,40.7,40.12,164,7025,286791,
523371,"MAWANA SUGARS LTD.",B,STK,102.94,105,100,104.34,103.97,101.38,240,7163,741721,
523373,"MINI DIAMONDS (INDIA) LTD.",X,STK,20.85,21.38,18.95,19.4,19.4,20.45,1063,441411,8812839,
523384,"MAHA RASHTRA APEX CORPORATION",B,STK,51.5,51.5,49.77,50.07,51.48,51.17,83,9625,487190,
523385,"NILKAMAL LTD.",B,STK,1325,1341.9,1304.85,1320.05,1304.85,1312.1,61,207,273064,
523387,"TRITON CORP.LTD.",XT,STK,1.72,1.72,1.72,1.72,1.72,1.64,70,126156,216988,
523391,"NAHAR POLYFILMS LTD.",B,STK,259.05,265.25,258.95,264.3,264.3,257.95,197,4637,1211542,
523395,"3M INDIA LTD.",A,STK,31796.15,31796.15,31202.65,31394.15,31400,31300.3,136,188,5897809,
523398,"BOSCH HOME COMFORT INDIA LIMIT",B,STK,1330.3,1362.4,1327.25,1347.55,1339.05,1329.45,156,1327,1782977,
523405,"JM FINANCIAL LTD.",A,STK,135.05,138.55,134.6,137.3,137.35,134.7,2178,289792,39638182,
523411,"ADC INDIA COMMUNICATIONS LIMIT",X,STK,1598,1655,1536.1,1589.8,1589.8,1579.5,317,3484,5526810,
523419,"TAMILNADU TELECOMMUNICATIONS L",B,STK,10.8,11.1,10.06,10.7,10.9,10.73,29,4789,51066,
523425,"SUNRAJ DIAMOND EXPORTS LTD.",XT,STK,17.1,17.1,16.99,16.99,16.99,17.1,2,2,34,
523445,"RELIANCE INDUSTRIAL INFRASTRUC",B,STK,814.95,823,796.5,803.3,800.4,800.65,481,8099,6565463,
523449,"SHARP INDIA LTD.",X,STK,61.75,65.28,55.31,64.26,63.71,59.47,449,145755,8815867,
523457,"Linde India Limited",A,STK,7215.1,7302.1,7211.4,7234.3,7286,7215.05,346,1256,9112553,
523465,"IND BANK HOUSING LTD.",B,STK,45.45,48,44,47,48,45.45,18,3285,149799,
523467,"JAI MATA GLASS LTD.",XT,STK,2.11,2.17,2.01,2.03,2.03,2.07,98,35857,74714,
523475,"LOTUS CHOCOLATE CO.LTD.",B,STK,755.5,785,747.7,763.7,763.7,756.4,763,12977,9946692,
523483,"PACIFIC INDUSTRIES LTD.",X,STK,131.65,143.95,127.35,133.85,133.85,136.3,82,3858,525071,
523489,"CHENNAI MEENAKSHI MULTISPECIAL",X,STK,39,47,39,43.97,43.97,41.5,24,2161,95594,
523519,"UNIVERSAL OFFICE AUTOMATION LT",XT,STK,5.92,5.92,5.91,5.92,5.92,5.64,25,32713,193566,
523537,"APM INDUSTRIES LTD.",X,STK,41,43.01,40.2,41.32,41.32,40.52,61,18892,792401,
523539,"PRECISION WIRES INDIA LTD.",B,STK,370.45,379.8,369,377.2,377.2,367.1,2541,101318,38027981,
523550,"KRYPTON INDUSTRIES LTD.",XT,STK,45.3,47,44.53,46,46,46.87,39,5727,256721,
523558,"SWISS MILITARY CONSUMER GOODS",X,STK,17.97,18.7,17.97,18.5,18.5,18.23,402,141100,2611280,
523566,"MARTIN BURN LTD.",X,STK,45.95,45.95,45.95,45.95,45.95,46,2,250,11487,
523574,"Future Enterprises Limited",Z,STK,0.49,0.5,0.49,0.5,0.5,0.49,173,292776,144601,
523586,"INDIAN TONERS & DEVELOPERS LTD",X,STK,240.5,241.9,238,240.25,240.25,240.5,78,3265,779263,
523594,"KUNSTSTOFFE INDUSTRIES LTD.",X,STK,21.5,21.69,20.72,21.09,21.39,21.71,14,1055,22161,
523598,"SHIPPING CORPORATION OF INDIA",A,STK,291.6,322.8,291.6,305.85,305.85,289.2,63359,5504623,1693119407,
523606,"SIKA INTERPLANT SYSTEMS LTD.",B,STK,990,995,960.1,975.25,976.7,979.05,1118,18396,17957098,
523610,"ITI LTD.",A,STK,291.4,307.4,291,297.35,297.35,291.25,3388,202124,60448337,
523618,"DREDGING CORPORATION OF INDIA",B,STK,971.15,995.05,964.3,976.65,973.2,972.35,1062,20102,19718657,
523620,"PHAARMASIA LTD.",X,STK,112,114,112,113.8,113.8,112,15,150,16985,
523630,"NATIONAL FERTILIZERS LTD.",B,STK,76.88,79.07,76.34,77.4,77.4,76.3,1595,158470,12348299,
523638,"IP RINGS LTD.",XT,STK,112,116.4,111,116.4,116.4,112,13,1956,218683,
523642,"P.I.INDUSTRIES LTD.",A,STK,3099.4,3179,3099.4,3144.45,3120.05,3114.6,2429,10108,31726427,
523648,"PLASTIBLENDS INDIA LTD.",B,STK,153,153,152,152.2,152.2,152.7,6,60,9163,
523650,"YASH INNOVENTURES LIMITED",XT,STK,47,50.2,45.44,50.13,50.2,47.83,60,47970,2270097,
523652,"Kkalpana Plastick Limited",X,STK,31.1,31.1,30.92,31.07,31.07,29.65,11,221,6868,
523660,"WATERBASE LTD.",XT,STK,48.7,50.95,48.25,50.78,50.95,48.53,357,79757,4024418,
523672,"FLEX FOODS LTD.",XT,STK,44,45,43,44.62,44.85,44.37,78,9428,411091,
523676,"GOLKUNDA DIAMONDS & JEWELLERY",X,STK,274.95,276,264.75,267.3,270,268.5,74,2702,724335,
523694,"APCOTEX INDUSTRIES LTD.",B,STK,385,388.9,382,385,382,386.7,31,318,122651,
523696,"FORTIS MALAR HOSPITALS LIMITED",X,STK,55.8,59.55,54.45,57.05,59.5,55.54,219,15734,887304,
523704,"MASTEK LTD.",A,STK,1700.05,1753.95,1697.55,1744.9,1749.9,1700.1,1227,9627,16605086,
523708,"EIMCO ELECON (INDIA) LTD.",B,STK,1650,1684,1626.45,1659.7,1659.7,1637.3,232,1362,2267959,
523710,"SAYAJI HOTELS LTD.",X,STK,288.95,289,288.95,289,289,282.8,2,2,577,
523716,"ASHIANA HOUSING LTD.",B,STK,333.8,337.05,332.3,336.35,337,336.15,222,3114,1046318,
523722,"SVAM SOFTWARE LTD.",XT,STK,7.59,7.96,7.59,7.96,7.96,7.59,21,4832,38443,
523732,"ECOBOARD INDUSTRIES LTD.",X,STK,71.82,72.49,68.22,72.45,72.45,71.82,53,6193,434896,
523736,"Dhunseri Ventures Limited",B,STK,243,249,241.85,249,249,244,137,2483,612028,
523752,"TRANS INDIA HOUSE IMPEX LIMITE",X,STK,5.13,5.13,5.13,5.13,5.13,4.89,85,63660,326575,
523754,"MAHINDRA EPC IRRIGATION LIMITE",B,STK,127,128.83,126,126.01,126,125.83,231,3321,421998,
523782,"Mitshi India Limited",X,STK,15.55,17,15.45,16.63,17,16.69,43,29765,490602,
523792,"MAZDA LTD.",B,STK,209,212,207.5,210,210,206,86,2086,437252,
523796,"VICEROY HOTELS LTD.",T,STK,141.45,141.45,137,137,137,137.55,28,1250,171495,
523826,"SOVEREIGN DIAMONDS LTD.",X,STK,23.11,24.26,22.06,23.12,24,23.11,42,7402,171439,
523828,"MENON BEARINGS LTD.",B,STK,127.45,127.85,125.3,125.9,125.95,127.85,239,1456,184085,
523832,"MUKAT PIPES LTD.",XT,STK,15.32,15.32,15.32,15.32,15.32,15.63,7,1210,18537,
523836,"GUJARAT RAFFIA INDUSTRIES LTD.",B,STK,39.48,40.45,39.48,39.55,39.55,39.48,19,260,10300,
523838,"SIMPLEX INFRASTRUCTURES LTD.",B,STK,227.5,229,220.2,220.9,221,228,172,3597,807766,
523840,"INNOVATIVE TECH PACK LTD.",X,STK,14.12,14.75,13.8,14,13.93,13.75,85,31204,438922,
523842,"SUPER TANNERY LIMITED",X,STK,7.49,7.49,7.2,7.38,7.4,7.21,152,53573,394426,
523844,"CONSTRONICS INFRA LIMITED",X,STK,52,54.99,52,54.61,54.61,54.84,7,160,8747,
523850,"AXTEL INDUSTRIES LTD.",X,STK,402.6,440,402.6,429.75,429.75,412.2,480,16349,6937145,
523862,"GRAND OAK CANYONS DISTILLERY L",B,STK,33.25,33.99,31.6,31.65,32.96,32.49,57,6714,214444,
523874,"East India Drums and Barrels M",XT,STK,102.38,109.9,102.38,107.78,107.97,105.27,46,2148,227029,
523888,"V R WOODART LTD.",XT,STK,187,187.7,186,187.7,187.7,178.8,103,6637,1245066,
524000,"POONAWALLA FINCORP LIMITED",A,STK,408.25,417,401.9,414,411.6,407.25,7392,179223,73450235,
524019,"Kingfa Science & Technology (I",B,STK,4700,4808,4688.35,4742.15,4740,4724.1,112,406,1923956,
524037,"RAMA PHOSPHATES LTD.",B,STK,139.5,146.4,139.2,143.7,144.35,139.8,394,14668,2111113,
524038,"VENLON ENTERPRISES LTD.",X,STK,4.5,4.85,4.26,4.42,4.42,4.65,23,806,3788,
524051,"POLYPLEX CORPORATION LTD.",B,STK,889.75,899.95,878,886.65,889.4,889.75,219,2362,2092283,
524055,"PANTHER INDUSTRIAL PRODUCTS LT",X,STK,57.36,57.36,57.36,57.36,57.36,54.63,1,63,3613,
524075,"ALBERT DAVID LTD.",B,STK,729.95,732.95,705.7,718.2,721.5,726.05,67,236,169879,
524080,"HARYANA LEATHER CHEMICALS LTD.",X,STK,62.37,66.03,61.11,63.9,63.9,62,11,127,7792,
524091,"CARYSIL LIMITED",B,STK,900,919.25,892,901.4,901.1,890.2,303,3445,3114940,
524109,"KABRA EXTRUSIONTECHNIK LTD.",B,STK,244.65,246.75,239.95,241,242.9,244.65,78,1842,443967,
524129,"VINYL CHEMICALS (INDIA) LTD.",B,STK,274.25,283.25,274.25,280.35,280.95,280.8,208,3145,879697,
524136,"PEE CEE COSMA SOPE LTD.",X,STK,341,350,326.5,336.5,339,339,95,1208,408927,
524156,"TCM LTD.",X,STK,49.87,50.89,49.87,50.89,50.89,50.89,15,2208,112215,
524164,"IOL CHEMICALS & PHARMACEUTICAL",B,STK,85.47,93.83,84.92,91.16,91.16,85.5,1744,178592,16260261,
524174,"KESAR PETROPRODUCTS LTD.",X,STK,24.06,24.44,23.7,24.17,24,24,114,26322,632052,
524200,"VINATI ORGANICS LTD.",A,STK,1292,1295.4,1265.2,1291.6,1291.6,1273.75,483,5151,6630281,
524202,"LACTOSE (INDIA) LTD.",X,STK,89.06,100.9,89.06,97.88,99,88.88,112,10105,969997,
524204,"TEESTA AGRO INDUSTRIES LTD.",X,STK,111.75,119,111.75,119,119,117,13,333,39286,
524208,"AARTI INDUSTRIES LTD.",A,STK,436.8,442.15,433.25,440.7,442,438,2534,79793,34969624,
524210,"PENTOKEY ORGANY (INDIA) LTD.",X,STK,33.03,37.69,33.03,36.79,37.4,33.08,16,518,18739,
524212,"WANBURY LTD.",T,STK,260.2,264.65,253.1,259.05,259,265.95,62,4933,1281784,
524218,"RESONANCE SPECIALTIES LTD.",X,STK,100,100.05,98.01,99,99,101.39,23,1258,124250,
524226,"GUJARAT AMBUJA EXPORTS LTD.",B,STK,154.45,154.65,147.95,148.15,148.5,152.4,883,30154,4536639,
524230,"RASHTRIYA CHEMICALS & FERTILIZ",A,STK,128.1,135.3,128.1,131.7,131.7,128.85,2922,274519,36522089,
524238,"GUJARAT INJECT (KERALA) LTD.",XT,STK,90,90,89.95,89.95,89.95,90,34,34137,3072247,
524280,"KOPRAN LTD.",B,STK,155.75,165.45,155.75,159.6,158.85,154.9,625,47690,7729313,
524288,"AIMCO PESTICIDES LTD.",X,STK,51.01,52.7,50.35,51.92,51.99,50.73,48,2113,108314,
524314,"GUJARAT TERCE LABORATORIES LTD",X,STK,35,40.68,35,40.05,40.05,33.9,345,64896,2550350,
524322,"KABRA DRUGS LTD.",X,STK,28.19,29,26.4,28.23,28.4,28.19,141,55694,1549807,
524324,"SEYA INDUSTRIES LTD.",T,STK,12.39,12.39,12.39,12.39,12.39,12.15,7,1476,18287,
524330,"JAYANT AGRO-ORGANICS LTD.",B,STK,204.2,204.8,201.8,201.85,204.8,201.75,14,217,43812,
524332,"BCL INDUSTRIES LIMITED",B,STK,33.01,33.86,32.78,33.44,33.44,32.85,416,63648,2124960,
524336,"SHREE HARI CHEMICALS EXPORT LT",X,STK,101,103,100.1,103,103,101,15,1182,120290,
524342,"INDO BORAX & CHEMICALS LTD.",B,STK,254.55,255,252.85,253.75,253.75,254.55,38,2237,566355,
524348,"AARTI DRUGS LTD.",B,STK,368.2,375.8,368.2,373.15,372.8,368,225,4691,1749434,
524370,"BODAL CHEMICALS LTD.",B,STK,66.4,68.95,66.4,67.59,67.52,67.07,327,22142,1503744,
524372,"Orchid Pharma Limited",B,STK,575.05,576.2,565,570.5,567.15,564.1,78,1011,577106,
524394,"VIMTA LABS LTD.",B,STK,479.75,481,469.4,477.65,477.65,472.85,679,14299,6807767,
524396,"BIOFIL CHEMICALS & PHARMACEUTI",B,STK,33.51,35.4,33.3,34.4,34.5,34.4,88,5037,173638,
524400,"ISHITA DRUGS & INDUSTRIES LTD.",X,STK,76.6,79.75,75,76.06,76.01,80.7,28,972,74123,
524404,"MARKSANS PHARMA LTD.",A,STK,180.5,181.5,178.25,179.55,179.55,180.5,954,23620,4246682,
524408,"UNIVERSAL STARCH-CHEM ALLIED L",X,STK,142.4,143,142,142.4,143,142.5,7,567,80742,
524412,"AAREY DRUGS & PHARMACEUTICALS",B,STK,78.68,82.61,75.32,82.15,82.15,78.68,364,31404,2516341,
524414,"NORRIS MEDICINES LTD.",X,STK,15,15,14.3,14.97,14.97,14.75,12,278,4127,
524434,"ASIAN PETROPRODUCTS & EXPORTS",X,STK,8.6,8.6,8.16,8.19,8.4,8.48,24,18076,151165,
524440,"CAMEX LTD.",X,STK,30.85,31.44,30,31.38,31.38,30.87,16,2250,70024,
524444,"EVEXIA LIFECARE LIMITED",X,STK,0.7,0.7,0.7,0.7,0.7,0.67,90,513851,359695,
524458,"INDO EURO INDCHEM LTD.",X,STK,10.55,11.2,10.5,11.01,11.01,10.86,27,6719,72684,
524470,"SYNCOM FORMULATIONS (INDIA) LT",B,STK,13.92,14.45,13.76,14.34,14.33,13.95,1098,604963,8649830,
524480,"RIDDHI SIDDHI GLUCO BIOLS LTD.",X,STK,560,560,514.45,551,551,535,67,569,309340,
524488,"SVC INDUSTRIES LIMITED",XT,STK,2.66,2.74,2.61,2.74,2.74,2.61,100,106036,288696,
524494,"IPCA LABORATORIES LTD.",A,STK,1468.05,1473.8,1457.4,1468,1473.5,1461.25,1361,16551,24234758,
524500,"KILITCH DRUGS (INDIA) LTD.",B,STK,131.4,140.3,131.2,135.1,134.7,130.55,414,5296,712659,
524502,"RAAJ MEDISAFE INDIA LTD.",P,STK,80.99,82.99,80.99,81.99,81.99,80.01,4,400,32796,
524506,"CORAL LABORATORIES LTD.",X,STK,444.9,444.9,411,430.25,430.25,422.95,47,487,208997,
524514,"TULASEE BIO-ETHANOL LTD.",ZP,STK,20.02,20.02,20.02,20.02,20.02,20.02,1,100,2002,
524516,"BACIL PHARMA LTD.",XT,STK,55.93,55.95,54,54.01,54.01,54.37,15,1291,69934,
524518,"KREBS BIOCHEMICALS & INDUSTRIE",T,STK,61.7,62,60,60.9,61,61.02,10,231,14209,
524520,"KMC SPECIALITY HOSPITALS (INDI",B,STK,89.32,89.8,87.75,89.04,89.04,89.11,650,66557,5917062,
524522,"LAFFANS PETROCHEMICALS LTD.",X,STK,32.89,32.89,32,32.74,32.74,31,8,248,8102,
524534,"BHASKAR AGROCHEMICALS LTD.",XT,STK,161.5,166,153.8,154.85,153.8,161.85,86,5227,828628,
524542,"SUKHJIT STARCH & CHEMICALS LTD",B,STK,178.45,181.4,176.65,180,181.4,180.1,24,186,33222,
524548,"SHARMA EAST INDIA HOSPITALS &",X,STK,110,110,98,107.5,107.8,106.1,30,940,102697,
524558,"NEULAND LABORATORIES LTD.",A,STK,15263.55,15414.7,14984,15301.65,15288.45,14984.9,346,1059,16066447,
524564,"GAYATRI BIOORGANICS LTD.",X,STK,18.5,19.25,18.01,18.51,18.51,18.72,98,19717,369062,
524570,"PODDAR PIGMENTS LTD.",B,STK,253.65,261.4,253.65,260.25,256.6,250.2,34,358,92346,
524572,"PHARMAIDS PHARMACEUTICALS LTD.",X,STK,30.15,35,30,31.41,30.75,30.77,84,26839,844396,
524576,"VIVID GLOBAL INDUSTRIES LTD.",X,STK,21.25,21.49,20,20.5,20.5,20.67,11,586,12061,
524580,"PRIYA LTD.",X,STK,22.77,24,22.77,23.23,23.23,23.96,9,344,7952,
524582,"TIRUPATI STARCH & CHEMICALS LT",X,STK,140,144.85,140,143.85,143.85,140,15,385,54685,
524590,"HEMO ORGANIC LIMITED",X,STK,10.2,10.55,9.71,10.34,10.34,10.22,31,5607,55081,
524592,"JAYSYNTH ORGOCHEM LIMITED",X,STK,14.19,14.43,13.01,14.4,14.43,13.75,99,18606,261344,
524594,"Aeonx Digital Technology Limit",X,STK,144.7,146,140.05,146,146,146.57,13,2735,394098,
524598,"AKSHARCHEM (INDIA) LTD.",B,STK,194.85,206,194.65,206,206,194,41,206,41279,
524602,"BANDARAM PHARMA PACKTECH LIMIT",X,STK,28.86,28.86,28,28.14,28,29,15,1637,46461,
524606,"BERYL DRUGS LTD.",XT,STK,25.4,25.7,24.25,25.46,25.46,24.52,15,756,19041,
524614,"IEL LIMITED",X,STK,6.35,6.35,6.01,6.18,6.19,6.11,176,46353,283440,
524622,"ISTREET NETWORK LIMITED",XT,STK,51,52.23,49,51.84,51.84,50.1,246,32021,1650351,
524624,"GAGAN GASES LTD.",XT,STK,14.32,15.82,14.32,14.32,14.32,15.07,61,8238,120183,
524628,"PARKER AGROCHEM EXPORTS LTD.",X,STK,15.01,15.01,15,15.01,15.01,15.01,5,649,9741,
524632,"Shukra Pharmaceuticals Limited",B,STK,36.17,36.85,35.01,36.06,36.06,35.35,1177,391089,14070683,
524634,"ALUFLUORIDE LTD.",X,STK,486.9,547.95,486.9,540.2,540.2,482.5,2505,114321,60179024,
524636,"OXYGENTA PHARMACEUTICAL LIMITE",X,STK,59.9,59.9,56,56.98,57,56.63,83,8835,505819,
524640,"ARCHIT ORGANOSYS LTD.",X,STK,45.22,51,45.21,49.03,49.03,45.22,471,77444,3746662,
524642,"SIKOZY REALTORS LIMITED",XT,STK,1.52,1.6,1.52,1.6,1.6,1.6,17,6448,9907,
524648,"INDO AMINES LTD.",B,STK,114,117.5,112.35,115.77,115.2,112.64,248,7942,911125,
524654,"NATURAL CAPSULES LTD.",B,STK,167.2,174.9,164,166.7,164.1,165.05,60,1099,186608,
524661,"WELCURE DRUGS & PHARMACEUTICAL",X,STK,0.32,0.32,0.32,0.32,0.32,0.33,1068,7379553,2361456,
524663,"BHARAT IMMUNOLOGICALS & BIOLOG",B,STK,17.48,18.34,17.16,17.89,17.89,17.16,279,62999,1122781,
524667,"SAVITA OIL TECHNOLOGIES LTD.",B,STK,365.35,373.8,361.95,363.05,367.8,365.3,95,2167,792249,
524669,"HESTER BIOSCIENCES LTD.",B,STK,1494,1513.75,1480,1492.8,1485,1472,66,261,391181,
524675,"KABSONS INDUSTRIES LTD.",X,STK,21.98,21.98,20.52,21.48,21.48,20.41,156,33937,727199,
524687,"BASANT AGRO TECH (INDIA) LTD.",X,STK,11.68,11.98,11.68,11.93,11.94,11.68,146,48482,574216,
524703,"SANDU PHARMACEUTICALS LTD.",X,STK,37.7,38.5,37.06,38.45,38.49,37.95,23,695,26386,
524709,"NACL Industries Limited",B,STK,177.7,178.5,173.7,175,174,176.85,548,29452,5196212,
524711,"VISTA PHARMACEUTICALS LTD.",X,STK,7.3,8.15,7,7.51,7.5,7.67,57,17656,129492,
524715,"SUN PHARMACEUTICAL INDUSTRIES",A,STK,1696.1,1696.15,1670.6,1675.2,1675.2,1693.15,7874,181661,306543706,
524717,"TITAN BIOTECH LTD.",XT,STK,464.9,474.6,456.5,474.6,474.6,452,630,80593,37787343,
524731,"JENBURKT PHARMACEUTICALS LTD.",X,STK,1027.75,1037,1021,1025.6,1037,1019.25,53,599,614349,
524735,"HIKAL LTD.",B,STK,190,193.5,188.45,192.15,191.9,188.55,631,24273,4642401,
524742,"CAPLIN POINT LABORATORIES LTD.",A,STK,1793.3,1799.75,1749.75,1772.5,1772,1766.45,1144,9355,16626252,
524743,"FISCHER MEDICAL VENTURES LIMIT",B,STK,40.99,41.48,40.44,40.8,41.19,40.58,1812,43568,1788227,
524748,"LINK PHARMA CHEM LTD.",X,STK,29.5,29.5,29,29.49,29.49,28,12,389,11417,
524752,"DECIPHER LABS LIMITED",XT,STK,7.51,7.51,7.51,7.51,7.51,7.51,22,1884,14148,
524768,"EMMESSAR BIOTECH & NUTRITION L",X,STK,27.5,27.5,26,26.29,26.98,26.99,24,1504,39255,
524774,"NGL FINE-CHEM LTD.",B,STK,2255.5,2302.9,2201,2229.75,2211,2255.05,199,693,1562534,
524790,"EVEREST ORGANICS LTD.",X,STK,262,267.9,252.05,267.75,267.9,250.1,68,5388,1419093,
524804,"AUROBINDO PHARMA LTD.",A,STK,1392.8,1394.1,1376.8,1385.65,1384.45,1386.1,1587,24210,33554305,
524808,"PHYTO CHEM (INDIA) LTD.",X,STK,24.74,24.74,24.5,24.5,24.5,24.62,4,175,4318,
524816,"NATCO PHARMA LTD.",A,STK,1081.6,1129.1,1081.6,1118.95,1118.95,1087.7,5180,100873,112727932,
524818,"DYNAMIC INDUSTRIES LTD.",X,STK,105.97,106.6,105.97,106.6,106.6,106.62,3,237,25177,
524820,"PANAMA PETROCHEM LTD.",B,STK,277.25,278,272.2,274.85,276.5,274.8,115,1829,502500,
524824,"BAL PHARMA LTD.",B,STK,78,79,77.3,78.1,77.3,77.3,21,917,71381,
524828,"BDH INDUSTRIES LTD.",X,STK,386,386,377.05,384.95,384.9,383.8,19,1344,518464,
526001,"JAUSS POLYMERS LTD.",XT,STK,27.67,27.67,27.67,27.67,27.67,28.23,14,18527,512642,
526025,"GLOBUS CONSTRUCTORS & DEVELOPE",X,STK,15.5,15.5,14.51,14.78,14.52,14.53,100,12825,194812,
526027,"CUBEX TUBINGS LTD.",B,STK,94.77,96.91,94.31,95.22,95.1,94.55,103,3336,317234,
526071,"STELLANT SECURITIES (INDIA) LT",XT,STK,568.1,571.45,540.2,563.75,563.75,568.6,121,3419,1866642,
526073,"GALAXY BEARINGS LTD.",X,STK,494,509,471.1,487.45,489.7,493.7,66,530,255920,
526075,"REKVINA LABORATORIES LTD.",XT,STK,43.13,43.13,43.13,43.13,43.13,42.29,17,5752,248083,
526081,"SC Agrotech Limited",X,STK,32,32,29.7,30.5,30.5,32,17,436,13579,
526095,"RAVILEELA GRANITES LTD.",X,STK,38.5,40.3,38,40.3,40.3,39,7,5219,201125,
526113,"UNIROYAL MARINE EXPORTS LTD.",X,STK,15.51,15.51,15.51,15.51,15.51,14.78,3,24,372,
526115,"KARAN WOO-SIN LTD.",X,STK,12.4,12.4,12.4,12.4,12.4,11.28,1,5,62,
526117,"SHERVANI INDUSTRIAL SYNDICATE",X,STK,335,344.8,335,342,342,332.1,14,213,72628,
526125,"BN AGROCHEM LIMITED",B,STK,226,235,225.55,234.9,234.9,226,55,2163,500094,
526133,"SUPERTEX INDUSTRIES LTD.",X,STK,5.9,5.99,5.89,5.89,5.89,5.99,17,1084,6390,
526137,"SHETRON LTD.",X,STK,103.12,106.99,103.12,105.56,106.99,107.49,12,279,29181,
526139,"TRANSGENE BIOTEK LTD.",X,STK,3.2,3.2,2.94,3.1,3.12,2.88,75,98128,300124,
526143,"MPL PLASTICS LTD.",X,STK,6.1,6.2,6.08,6.2,6.2,6.09,22,5070,30948,
526159,"NIKHIL ADHESIVES LTD.",X,STK,83.89,83.89,81.06,82.89,82.89,82.5,170,12298,1014530,
526161,"SPENTA INTERNATIONAL LTD.",X,STK,94.99,95,94.99,94.99,94.99,95,9,206,19568,
526169,"MULTIBASE INDIA LTD.",X,STK,205.9,207.55,196.5,206.65,206.9,202.6,215,6252,1281273,
526173,"ANDREW YULE & COMPANY LTD.",B,STK,20.55,21.6,20.53,21.18,21.18,20.53,775,229400,4880110,
526179,"LUDLOW JUTE & SPECIALITIES LTD",X,STK,273.75,277.5,258.4,262.1,262,267.55,108,3463,922035,
526187,"ASHRAM ONLINE.COM LTD.",X,STK,4.28,4.72,4.28,4.72,4.72,4.5,6,403,1815,
526193,"ROYAL CUSHION VINYL PRODUCTS L",X,STK,17.3,17.96,16.08,17.96,17.96,17.31,6,102,1651,
526211,"SURAJ INDUSTRIES LTD.",X,STK,44.65,48,44.65,45.5,45.5,44.97,42,6875,321824,
526217,"Hitech Corporation Limited",B,STK,149.7,149.7,141.1,145.75,145.8,143.7,52,2795,405481,
526225,"BLOOM DEKOR LTD.",XT,STK,10.13,10.13,10.13,10.13,10.13,9.65,3,5,50,
526227,"FILATEX INDIA LTD.",B,STK,45.49,45.49,44.31,44.94,44.99,44.54,208,23948,1070489,
526231,"STANDARD SURFACTANTS LTD.",X,STK,47.99,56.72,47.99,55.95,55.95,50.98,34,4484,239266,
526237,"MORGAN VENTURES LTD.",X,STK,51.3,54.19,50.5,51.56,52.98,51.25,46,2210,114840,
526241,"AMRAPALI INDUSTRIES LTD.",X,STK,17.85,18.78,17.3,17.53,17.53,17.35,37,2035,35960,
526247,"PREMIER EXPLOSIVES LTD.",A,STK,498.25,506.15,495,501.5,502,494.45,538,14432,7244705,
526251,"MID EAST PORTFOLIO MANAGEMENT",X,STK,24.9,24.9,24.9,24.9,24.9,24.9,3,220,5478,
526263,"MOLD-TEK TECHNOLOGIES LTD.",B,STK,139.95,142.8,137.25,140.5,142.8,137.9,303,6139,855443,
526269,"CRESTCHEM LTD.",X,STK,94.89,96.95,93,95.5,95.5,94.9,37,1598,152009,
526299,"MPHASIS LTD.",A,STK,2424.95,2466.7,2402.55,2461.95,2460,2442.5,6480,74110,180507558,
526315,"DIVYASHAKTI LIMITED",X,STK,53.92,55.98,52.02,54.88,54.88,54.73,51,2979,162159,
526325,"ORIENT PRESS LTD.",B,STK,69,69,62.11,63.57,63.6,63.85,34,497,31335,
526335,"SHREYAS INTERMEDIATES LTD.",X,STK,7.82,7.94,7.41,7.78,7.89,7.67,21,1465,11349,
526345,"PANJON LTD.",X,STK,25,25.8,23.52,25.13,25.17,25.11,98,12859,318140,
526355,"DUROPACK LTD.",X,STK,50,50,47.1,48.84,48.84,50,47,2803,135123,
526365,"SWARNSARITA JEWELS INDIA LIMIT",X,STK,35.2,35.2,34.12,34.56,34.55,34.66,88,10305,357760,
526367,"GANESH HOUSING LIMITED",A,STK,667.95,671.75,636,639.4,643.5,651.1,457,6288,4098963,
526371,"NMDC LTD.",A,STK,87.39,90.11,87.27,89.78,89.78,87.18,19108,3399138,302956426,
526373,"CINDRELLA HOTELS LTD.",X,STK,56,59.31,55,59.31,59.31,56.5,7,262,14585,
526381,"PATEL INTEGRATED LOGISTICS LTD",B,STK,11.58,11.58,11.11,11.49,11.5,11.27,44,2261,25982,
526397,"ALPHAGEO (INDIA) LTD.",B,STK,228.1,234.95,226.2,228.7,230.15,226.35,104,658,150804,
526407,"HAMPTON SKY REALTY LIMITED",XT,STK,11.9,12,11.31,11.47,11.37,11.9,215,52482,613212,
526409,"KKALPANA INDUSTRIES (INDIA) LT",X,STK,8.68,8.75,8.05,8.58,8.7,8.03,144,58482,499129,
526415,"OK PLAY INDIA LTD.",XT,STK,5.11,5.12,5.05,5.12,5.12,4.88,115,195555,999740,
526423,"KRITI INDUSTRIES (INDIA) LTD.",B,STK,82.51,87.03,82,83.78,82,81.88,351,4901,415478,
526431,"WELTERMAN INTERNATIONAL LTD.",X,STK,24.13,24.13,24.13,24.13,24.13,24.13,2,9,217,
526433,"ASM TECHNOLOGIES LTD.",B,STK,3200,3272.55,3150.8,3272.55,3272.55,3116.75,1249,35389,115369327,
526435,"PERFECTPAC LTD.",X,STK,82.1,86,78.78,83.45,83.45,81.05,11,925,73842,
526439,"AMBITIOUS PLASTOMAC COMPANY LT",X,STK,10.09,11.5,10.09,11.5,11.5,11.19,12,1715,17347,
526441,"VISION CINEMAS LTD.",X,STK,1.19,1.27,1.13,1.2,1.25,1.19,43,73261,86523,
526443,"Artificial Electronics Intelli",X,STK,116.8,120.2,116.8,118.4,118.6,117.45,413,35546,4209101,
526445,"INDRAYANI BIOTECH LTD.",XT,STK,12.55,12.55,12,12.14,12.11,12.01,174,95324,1154630,
526468,"EURO LEDER FASHION LTD.",X,STK,18.5,18.9,18.5,18.83,18.85,18.9,16,138,2573,
526471,"WINSOME BREWERIES LTD.",X,STK,21.66,24,21.66,23.62,23.6,23.22,175,14869,351514,
526473,"ELEGANT FLORICULTURE & AGROTEC",X,STK,4.34,4.72,4.34,4.7,4.7,4.58,111,102747,478909,
526477,"SOUTH ASIAN ENTERPRISES LTD.",X,STK,39.65,39.65,39.65,39.65,39.65,37.77,5,267,10586,
526479,"SKY INDUSTRIES LTD.",X,STK,85.28,87,85.28,86.37,86.31,88.03,28,2119,181895,
526481,"PHOENIX INTERNATIONAL LTD.",X,STK,31.1,34,31.1,32.2,32.2,31.82,26,1790,59496,
526488,"BHUDEVI INFRA PROJECTS LIMITED",XT,STK,216.15,216.15,216.15,216.15,216.15,227.5,2,210,45391,
526490,"PRATIK PANELS LTD.",X,STK,6.83,6.83,6.5,6.73,6.73,6.68,62,40007,264109,
526492,"Rishiroop Limited",X,STK,100.12,105.49,100.12,102.1,103.4,98.16,56,2002,204052,
526506,"SYSTEMATIX CORPORATE SERVICES",B,STK,68.61,73.14,68.61,73.02,73.03,69.66,175,10267,744199,
526508,"Shahi Shipping Limited",X,STK,14.25,14.25,13.6,13.99,13.99,13.97,49,4596,63912,
526519,"ALPINE HOUSING DEVELOPMENT COR",X,STK,92,94.99,87.04,91.99,94.99,91.73,10,299,27455,
526525,"WORLDWIDE ALUMINIUM LIMITED",XT,STK,20.84,20.84,19.5,20.5,20.5,19.85,16,745,15479,
526530,"IIRM HOLDINGS INDIA LIMITED",X,STK,87.94,87.94,80.73,82.59,82.49,82.14,62,13311,1097496,
526532,"SQUARE FOUR PROJECTS INDIA LIM",X,STK,7.82,7.84,7.3,7.33,7.33,7.67,23,2219,16290,
526544,"SGL RESOURCES LIMITED",XT,STK,3.07,3.39,3.07,3.38,3.39,3.23,176,431996,1433693,
526546,"CHOKSI LABORATORIES LTD.",X,STK,97.2,103.35,96.7,103,103,103.35,19,670,68693,
526550,"COUNTRY CLUB HOSPITALITY AND H",B,STK,15.14,15.28,14.38,15.25,15.25,14.8,54,3603,54169,
526554,"SALGUTI INDUSTRIES LTD.",X,STK,27,27,27,27,27,27.39,1,100,2700,
526570,"MIDWEST GOLD LTD.",T,STK,4337,4450,4290,4313.3,4291,4459.2,341,1965,8529852,
526574,"ENTERPRISE INTERNATIONAL LTD.",X,STK,19.96,21.98,19.96,21.98,21.1,21,9,1067,23447,
526582,"TPL PLASTECH LTD.",B,STK,70.27,73,69.04,71.53,71.61,70.45,140,5238,373164,
526586,"WIM PLAST LTD.",X,STK,387,396,380,391.15,391,385.45,175,4681,1825420,
526588,"PHOTOQUIP INDIA LTD.",X,STK,15.9,16,15.26,15.26,15.26,15.9,8,346,5436,
526596,"LIBERTY SHOES LTD.",B,STK,268.8,274.7,265,269.65,269.9,263.7,134,2172,584273,
526604,"LIPPI SYSTEMS LTD.",XT,STK,48.95,49.41,48.95,49.41,49.41,47.06,33,9730,480367,
526608,"ELECTROTHERM (INDIA) LTD.",B,STK,755,755,716,744.95,745,724,74,780,579576,
526612,"BLUE DART EXPRESS LTD.",A,STK,5240,5420.45,5240,5407.2,5390,5269.25,455,2260,12156667,
526614,"EXPO ENGINEERING AND PROJECTS",X,STK,68.7,72,68.15,71.09,71.1,68.69,72,7878,557866,
526616,"NATIONAL PLASTIC INDUSTRIES LT",X,STK,46.65,49.45,46.65,48.04,48,46.68,42,5719,275740,
526622,"MFL INDIA LTD.",X,STK,0.45,0.45,0.43,0.45,0.44,0.45,308,566811,251862,
526638,"TEXEL INDUSTRIES LTD.",X,STK,82,82.5,79,81.36,81.42,81.45,143,21136,1702131,
526640,"ROYALE MANOR HOTELS & INDUSTRI",X,STK,31,31.99,30.76,31.06,31.98,31.2,11,876,27260,
526642,"MIRZA INTERNATIONAL LTD.",B,STK,32.82,33.9,32.82,33.77,33.77,33.12,421,41432,1392626,
526650,"TOURISM FINANCE CORPORATION OF",B,STK,71.45,73.84,70.65,73.16,73.16,70.59,312,59028,4263476,
526654,"THAKKERS DEVELOPERS LTD.",X,STK,116.5,123,116.5,123,122.9,117.17,6,472,57728,
526666,"BHARTIYA INTERNATIONAL LTD.",B,STK,791.95,805.4,769.2,785,805.4,770,23,72,56555,
526668,"KAMAT HOTELS (INDIA) LTD.",B,STK,173.5,174.05,168.8,171.8,171.25,170.8,195,8050,1380671,
526675,"TIRTH PLASTIC LTD.",XT,STK,24,24.58,23.39,23.49,23.5,24.58,16,3254,79635,
526677,"DSJ KEEP LEARNING LIMITED",B,STK,2,2.05,1.8,2.03,2.04,1.99,41,5532,10967,
526703,"ECOPLAST LTD.",X,STK,469.95,484.95,469.95,482.65,483,470.1,12,196,92763,
526705,"ELEGANT MARBLES & GRANI INDUST",X,STK,197.95,203.7,197.95,200.7,203.7,198.45,13,92,18303,
526709,"BITS LTD.",XT,STK,10.27,10.27,9.53,9.83,9.87,9.89,503,93732,914896,
526711,"ADARSH PLANT PROTECT LTD.",X,STK,34.5,34.5,31.56,34.27,34.28,33,30,1459,49551,
526717,"HCP PLASTENE BULKPACK LIMITED",X,STK,182.85,185.5,176,176.95,176.5,182.85,83,9069,1634786,
526721,"NICCO PARKS & RESORTS LTD.",X,STK,73.78,73.8,72.01,72.8,73.78,72.55,44,1966,143646,
526723,"NTC INDUSTRIES LTD.",X,STK,162.95,177,162.95,172,171,159.75,226,23555,3986990,
526725,"SANDESH LTD.",B,STK,1078,1078,999.1,999.1,999.1,973,17,48,49197,
526727,"GARNET CONSTRUCTION LTD.",XT,STK,88.99,89.9,86.5,89.54,89.73,88.48,41,4220,374037,
526729,"GOLDIAM INTERNATIONAL LTD.",A,STK,385,416.7,382.95,406.05,406.05,385.75,2018,91717,36425380,
526731,"BRIGHT BROTHERS LTD.",X,STK,250.2,250.2,241.75,246,245.9,250.2,32,1259,309933,
526739,"NARMADA GELATINES LTD.",X,STK,369.8,429.4,366.65,399.9,399.9,366.6,679,27241,11005420,
526747,"PG FOILS LTD.",X,STK,216.65,219,214.25,216.4,216.5,215.25,77,7103,1538531,
526755,"VELAN HOTELS LTD.",X,STK,6.56,6.56,6.13,6.13,6.13,6.27,11,720,4561,
526761,"HOWARD HOTELS LTD.",X,STK,24.03,24.85,23.6,24.21,24.21,25.99,33,2401,58194,
526775,"VALIANT COMMUNICATIONS LTD.",XT,STK,1007.5,1007.6,980,997.55,999.95,1003.35,292,9968,9920063,
526783,"DR.AGARWALS EYE HOSPITAL LTD.",B,STK,4801.7,4894.9,4612.5,4768.8,4770,4846.4,364,1819,8659411,
526795,"MAHASAGAR TRAVELS LTD.",ZP,STK,6.06,6.06,6.06,6.06,6.06,6.37,1,100,606,
526797,"GREENPLY INDUSTRIES LTD.",B,STK,226.05,235.8,225.05,234.45,235,230.65,423,8083,1866581,
526807,"SEAMEC LTD.",B,STK,1550,1563.1,1522.7,1556,1554,1548.85,204,1484,2295037,
526813,"RAGHUNATH INTERNATIONAL LTD.",X,STK,11.2,11.98,10.98,11.98,11.98,11.25,27,4627,53106,
526817,"CHEVIOT CO.LTD.",B,STK,1098.3,1109,1077.6,1082.1,1085,1097.2,56,164,179716,
526821,"DAI-ICHI KARKARIA LTD.",X,STK,260.95,261,252,255.35,254.75,257.4,94,2460,632513,
526823,"RAJESWARI INFRASTRUCTURE LIMIT",Z,STK,4.15,4.35,3.95,4.35,4.35,4.15,23,11293,44817,
526827,"SPICE ISLANDS INDUSTRIES LIMIT",XT,STK,306.9,306.9,293.85,298.95,299.45,298.75,162,9158,2741678,
526829,"CONFIDENCE PETROLEUM INDIA LTD",B,STK,51.53,53.66,51.53,52.67,52.64,52.62,479,105695,5584844,
526839,"SHELTER INFRA PROJECTS LTD.",X,STK,16.03,16.12,16.03,16.11,16.11,16.03,20,1198,19240,
526841,"SHAKTI PRESS LTD.",X,STK,24.9,24.9,23.5,23.82,23.8,24.86,62,13987,335597,
526847,"ASHIRWAD STEELS & INDUSTRIES L",X,STK,24,24.79,23.78,24.54,24.77,23.5,34,4541,111723,
526849,"BANARAS BEADS LTD.",B,STK,115,116,115,116,116,113,5,215,24825,
526851,"AREX INDUSTRIES LTD.",X,STK,108,113.9,108,113.9,113.9,108.5,3,13,1465,
526853,"BILCARE LTD.",X,STK,61.69,63.99,61.5,61.88,61.88,61.69,139,16704,1040233,
526859,"ISF LIMITED",X,STK,0.97,0.97,0.95,0.95,0.95,0.97,28,8127,7746,
526861,"RISHI LASER LTD.",X,STK,116.5,116.5,110,111.38,113,113.16,48,7163,804291,
526865,"JAINCO PROJECTS (INDIA) LTD.",X,STK,5.1,5.12,5.1,5.12,5.12,5.1,4,418,2139,
526869,"KUMBHAT FINANCIAL SERVICES LTD",X,STK,20.41,20.41,20.41,20.41,20.41,20.51,1,1,20,
526873,"RAJASTHAN SECURITIES LIMITED",X,STK,47.1,47.1,46.9,46.9,46.9,47.03,34,6490,304401,
526881,"63 Moons Technologies Limited",A,STK,650,665,645,663.3,664.2,650.3,734,15132,9936828,
526883,"SHIKHAR CONSULTANTS LTD.",XT,STK,14.11,14.11,12.82,13.81,13.81,13.44,39,12834,169500,
526885,"SARLA PERFORMANCE FIBERS LTD.",B,STK,91.45,91.45,88.5,90.34,90.31,89.38,362,14830,1335856,
526887,"INDO CREDIT CAPITAL LTD.",XT,STK,11.08,11.08,11.08,11.08,11.08,10.87,6,2575,28531,
526891,"MARKET CREATORS LTD.",X,STK,13.5,13.5,13.5,13.5,13.5,13.44,2,10,135,
526899,"HIMALAYA FOOD INTERNATIONAL LI",X,STK,10.59,10.98,10.53,10.62,10.61,10.52,261,94617,1019166,
526901,"SONAL ADHESIVES LTD.",X,STK,36.62,38.44,35,38.36,38.36,36.62,22,3873,145843,
526905,"Padmanabh Industries Ltd",XT,STK,10.33,10.33,10.25,10.26,10.28,9.84,13,1695,17378,
526931,"HARIYANA SHIP BREAKERS LTD.",X,STK,101,106.01,101,104.03,103,100.8,78,7694,802692,
526935,"Kalind Limited",XT,STK,100.99,102.5,97.5,100.33,100.33,98.83,566,489345,48938504,
526941,"VAISHNO CEMENT CO.LTD.",P,STK,3.87,3.87,3.87,3.87,3.87,3.69,2,200,774,
526945,"TYROON TEA CO.LTD.",X,STK,97.89,97.89,96.59,96.59,96.59,90.09,3,41,3961,
526947,"LA OPALA RG LTD.",B,STK,182.55,183.1,179.05,180.45,180.45,179.6,97,1577,285441,
526951,"STYLAM INDUSTRIES LIMITED",B,STK,2269.25,2269.25,2236,2244.15,2245,2241.65,168,658,1476846,
526953,"VENUS REMEDIES LTD.",B,STK,1074.95,1074.95,1032.75,1042.35,1038,1039.1,151,1496,1558370,
526961,"LAST MILE ENTERPRISES LIMITED",X,STK,4.66,4.66,4.66,4.66,4.66,4.44,11,6966,32461,
526965,"GUJARAT CRAFT INDUSTRIES LTD.",X,STK,103.5,121.71,103.1,117.02,117.02,101.43,506,26596,3101015,
526967,"HEERA ISPAT LTD.",X,STK,8.15,8.15,8.15,8.15,8.15,7.77,8,2010,16381,
526971,"DHOOT INDUSTRIAL FINANCE LTD.",X,STK,185,186.85,178.1,186.85,186.85,184.85,75,7682,1386415,
526981,"SHRI BAJRANG ALLIANCE LIMITED",X,STK,167.5,171.95,164.35,171.85,171.5,167.4,39,2643,449188,
526987,"URJA GLOBAL LTD.",B,STK,10.61,11.04,10.61,10.94,10.94,10.7,929,310166,3382208,
527001,"ASHAPURA MINECHEM LTD.",A,STK,617.2,628,596.65,617.75,616.3,615.4,2609,85147,52372447,
527005,"SHREE PACETRONIX LTD.",X,STK,149.46,149.46,135.01,143.34,146.9,138.21,53,2073,293007,
530001,"GUJARAT ALKALIES & CHEMICALS L",B,STK,701.25,731,693,723.35,723.35,692.4,3808,132868,94701132,
530005,"INDIA CEMENTS LTD.",A,STK,408.05,420,408.05,415.5,413.45,410.7,921,7833,3253120,
530007,"JK TYRE & INDUSTRIES LTD.",A,STK,413.1,441.55,413.1,428.3,428.3,419.95,5173,155049,66770064,
530017,"STANDARD INDUSTRIES LTD.",B,STK,15.8,16.07,15.21,15.82,15.82,15.8,75,6101,95483,
530019,"JUBILANT PHARMOVA LIMITED",A,STK,918.25,918.25,905.3,911.6,914.5,905.05,291,1303,1186689,
530023,"THE INVESTMENT TRUST OF INDIA",B,STK,106,106,106,106,106,105.18,1,10,1060,
530025,"SAMYAK INTERNATIONAL LTD.",XT,STK,17.5,17.99,16.91,17.43,17.47,17.8,96,4839,83412,
530027,"AADI INDUSTRIES LTD.",X,STK,8.96,8.96,8.31,8.31,8.31,8.15,14,534,4530,
530037,"SPARKLE GOLD ROCK LIMITED",X,STK,88.45,88.45,79.57,79.57,79.57,88.41,30,4552,367222,
530043,"ACKNIT INDUSTRIES LTD.",X,STK,290,299,290,290.8,299,299.9,3,12,3489,
530045,"TITAN SECURITIES LTD.",X,STK,52,52.99,50.33,51.18,51.16,51.8,177,16407,844302,
530053,"REAL ECO-ENERGY LIMITED",X,STK,4.86,5.13,4.86,4.98,4.92,4.99,137,28220,139227,
530057,"Vivanza Biosciences Limited",X,STK,2.1,2.1,2.1,2.1,2.1,2.1,21,9049,19002,
530063,"YASHRAJ CONTAINEURS LTD.",XT,STK,4.57,4.79,4.36,4.7,4.7,4.57,28,8928,41951,
530065,"LORDS ISHWAR HOTELS LIMITED",X,STK,14.7,14.7,14.5,14.5,14.5,14.7,3,107,1572,
530067,"CSL Finance Limited",B,STK,240.5,252,240.1,241.85,241.7,236.85,81,1279,313053,
530073,"SANGHVI MOVERS LTD.",B,STK,300.65,310.25,297.45,304.25,310,300.95,617,18084,5463080,
530075,"Antelopus Selan Energy Limited",B,STK,596.75,619.3,596.75,617.25,617.25,594.7,466,9165,5600625,
530077,"PURETROP FRUITS LIMITED",X,STK,174.75,174.75,164.1,168.75,168.75,172.85,163,9128,1562283,
530079,"FAZE THREE LTD.",T,STK,502,502,480,493.9,492.65,480.4,31,1295,629715,
530109,"ANUPAM FINSERV LIMITED",X,STK,2.3,2.35,2.25,2.29,2.29,2.29,286,333538,766667,
530111,"RAJ PACKAGING INDUSTRIES LTD.",X,STK,29.5,29.55,28.5,28.5,28.5,29.5,23,738,21733,
530117,"PRIVI SPECIALITY CHEMICALS LIM",A,STK,2979.55,3150,2945,3126.55,3145.85,2941.75,1929,11505,35362366,
530119,"NATRAJ PROTEINS LTD.",X,STK,37.51,38.98,37.5,37.5,37.5,37.5,21,1748,66031,
530125,"SAMRAT PHARMACHEM LTD.",X,STK,224.5,228.95,220,224.75,224.75,219.9,50,1942,436201,
530129,"NILE LTD.",X,STK,1672.05,1757,1652.9,1722.45,1722.45,1670.8,378,5437,9274567,
530133,"AMCO INDIA LTD.",X,STK,69,74.5,69,73.88,70.38,67.99,24,1132,82446,
530135,"OPTIEMUS INFRACOM LTD",B,STK,410,416,400.45,413.55,411.05,407.3,542,12753,5209893,
530139,"KREON FINNANCIAL SERVICES LTD.",X,STK,31.5,32.29,29.05,31.73,31.73,30.2,20,3429,104703,
530141,"GYAN DEVELOPERS & BUILDERS LTD",X,STK,41.33,41.33,35.03,40.87,40.87,41.98,15,1686,68426,
530145,"KISAN MOULDINGS LTD.",X,STK,27.51,31,27.51,29.86,29.86,27.44,1642,1290145,37686502,
530163,"KERALA AYURVEDA LTD.",XT,STK,241,248.3,240.1,245.35,246.65,242.25,95,4285,1042698,
530167,"MOONGIPA CAPITAL FINANCE LTD.",X,STK,16.5,16.5,15.02,16.16,16.16,16.42,78,15181,241120,
530169,"MOHIT PAPER MILLS LTD.",X,STK,30,30.5,29.5,30.5,30.5,30.75,8,263,7925,
530171,"DAULAT SECURITIES LTD.",X,STK,31.99,31.99,30.1,31.07,31.13,30.56,21,447,13889,
530175,"ODYSSEY TECHNOLOGIES LTD.",X,STK,47.69,47.84,45.2,45.99,45.22,45.82,76,8697,403288,
530179,"RSC INTERNATIONAL LTD.",X,STK,25.28,26.49,24.1,24.55,24.55,25.28,22,1599,39829,
530185,"Surat Trade and Mercantile Lim",X,STK,4.35,4.69,4.35,4.58,4.61,4.55,271,110723,506896,
530187,"ATHARV ENTERPRISES LTD.",X,STK,3.9,4.35,3.9,3.99,3.99,3.9,11,1290,5181,
530197,"FUNDVISER CAPITAL (INDIA) LIMI",XT,STK,402.3,440,402.05,438.7,440,421.15,34,1050,447740,
530199,"THEMIS MEDICARE LTD.",B,STK,85.43,90.92,85.43,90.25,90.56,85.28,312,9507,847714,
530201,"KALLAM TEXTILES LTD",XT,STK,2.74,2.74,2.55,2.7,2.71,2.65,63,24886,67055,
530213,"FORTUNE INTERNATIONAL LTD.",X,STK,75,76.99,75,75,75,75.93,23,2540,190746,
530215,"KINGS INFRA VENTURES LIMITED",X,STK,126.95,131.5,126.5,128.65,129.35,125.75,229,17327,2225859,
530217,"SWOJAS FOODS LIMITED",X,STK,7.8,7.8,7.32,7.35,7.35,7.7,260,297440,2221717,
530219,"Nutricircle Limited",X,STK,301.35,301.35,301.35,301.35,301.35,307.45,2,5,1506,
530231,"SUBHASH SILK MILLS LTD.",X,STK,57.33,57.33,57,57,57,54.6,2,2,114,
530233,"AURO LABORATORIES LTD.",XT,STK,258,267.45,257.3,261,264.85,268.65,77,2119,549270,
530235,"KJMC FINANCIAL SERVICES LTD.",X,STK,55,55,52,53.6,53.6,55,25,632,34301,
530239,"SUVEN LIFE SCIENCES LTD.",B,STK,198.2,201.35,194.05,195.9,195.95,196,571,37976,7475724,
530245,"ARYAMAN FINANCIAL SERVICES LTD",X,STK,615,640,599.9,622.95,628,608,47,667,409452,
530249,"BRIDGE SECURITIES LTD.",XT,STK,16.45,17.2,15.93,16.66,16.62,16.61,109,63286,1029070,
530251,"RISA INTERNATIONAL LTD.",XT,STK,0.52,0.53,0.49,0.51,0.51,0.51,82,113331,57821,
530253,"RAJASTHAN TUBE MANUFACTURING C",X,STK,16.76,16.76,15.34,15.49,15.49,15.97,197,77218,1217881,
530255,"KAY POWER AND PAPER LTD.",XT,STK,11.94,12.25,11.72,12.2,12.23,11.91,31,3794,46200,
530259,"INTER STATE OIL CARRIER LTD.",X,STK,32.75,34.32,32.75,32.75,34.32,34.75,15,833,27292,
530263,"GLOBAL CAPITAL MARKETS LTD.",X,STK,0.53,0.54,0.51,0.54,0.54,0.53,147,272071,145976,
530265,"SAINIK FINANCE & INDUSTRIES LT",X,STK,40.35,40.9,40.35,40.88,40.9,40.35,11,1211,49465,
530267,"ARIGATO UNIVERSE LIMITED",X,STK,49,53.93,49,53.62,51,51.37,10,125,6701,
530271,"RICH UNIVERSE NETWORK LTD.",X,STK,6.47,6.47,6.18,6.18,6.18,6.17,3,11,70,
530281,"QUANTUM DIGITAL VISION (INDIA)",X,STK,16.51,16.51,16.51,16.51,16.51,16.51,2,11,181,
530289,"SP CAPITAL FINANCING LTD.",X,STK,56,63.28,55.99,60.97,60.99,54.71,47,4453,261308,
530291,"PAOS INDUSTRIES LIMITED",XT,STK,47,47,47,47,47,47,2,522,24534,
530299,"KOTHARI PRODUCTS LTD.",B,STK,74.58,76,72.78,74.93,74.93,72.75,418,6591,492117,
530305,"PICCADILY AGRO INDUSTRIES LTD.",B,STK,574,595,573.5,584.9,584.9,574.35,846,22077,12990188,
530307,"CHAMAN LAL SETIA EXPORTS LTD.",B,STK,270,287.1,269.05,285.7,286,271.5,799,22626,6264635,
530309,"CHANDRA PRABHU INTERNATIONAL L",XT,STK,15.62,15.73,15.05,15.27,15.45,15.62,61,27183,417585,
530313,"KIMIA BIOSCIENCES LIMITED",X,STK,37.68,38.5,37.31,37.97,37.4,37.68,37,3715,141431,
530315,"HINDUSTAN TIN WORKS LTD.",X,STK,117,117,112,115.12,116.2,114.29,233,17940,2064234,
530317,"GODAVARI DRUGS LTD.",X,STK,117.68,129.85,117,125.15,124,117.71,492,87506,10767811,
530331,"PREMCO GLOBAL LTD.",X,STK,420.75,429,419.55,423.05,422.35,417.4,49,754,317989,
530343,"GENUS POWER INFRASTRUCTURES LT",A,STK,299.95,304.2,292.55,293.35,293.35,296.75,1260,33604,9999334,
530355,"ASIAN ENERGY SERVICES LTD",B,STK,296.95,308,293.25,306.05,304.45,295.25,361,11963,3631501,
530357,"KBS INDIA LIMITED",X,STK,1.31,1.31,1.26,1.28,1.28,1.26,83,76137,96836,
530361,"PRABHHANS INDUSTRIES LIMITED",X,STK,29.29,29.69,28,28.99,28.99,29.29,45,4208,121826,
530363,"UGAR SUGAR WORKS LTD.",B,STK,40.9,40.9,35.31,40.38,40.38,39.74,104,11777,468277,
530365,"ORIENT BELL LIMITED",B,STK,321,321,312,315.2,316.35,312.2,170,2803,892104,
530367,"NRB BEARINGS LTD.",B,STK,281.05,305.95,281.05,294.3,294.3,281.4,1127,37226,10933711,
530369,"VAMSHI RUBBER LTD.",X,STK,42.53,47.98,41.35,44,44,42.53,15,640,29567,
530377,"NILA INFRASTRUCTURES LTD.",B,STK,8.6,8.85,8.11,8.65,8.6,8.42,121,76195,652646,
530393,"DB (INTERNATIONAL) STOCK BROKE",B,STK,27.2,27.2,27.2,27.2,27.2,27.19,2,26,707,
530401,"VINYOFLEX LTD.",X,STK,54,56.95,50.5,53.95,53.95,52.99,27,1228,63667,
530405,"JINDAL CAPITAL LTD.",XT,STK,38.18,39.3,37.85,39.04,39.04,38.18,22,1099,42351,
530407,"EPIC ENERGY LTD.",X,STK,43.15,45.29,41.42,42.5,43.17,43.98,124,17541,748937,
530419,"SUMEDHA FISCAL SERVICES LTD.",X,STK,38.43,39.74,37.41,37.99,37.75,38.43,92,16769,642727,
530421,"KUWER INDUSTRIES LTD.",X,STK,10.81,12.99,10.81,12.99,12.99,13.4,23,20189,231342,
530427,"CHOKSI ASIA LIMITED",X,STK,181.9,212.9,176.25,207.75,195.15,181.95,397,75621,15275526,
530429,"ASHISH POLYPLAST LTD.",X,STK,34.4,34.4,30.35,30.81,31.95,31.8,18,878,28550,
530433,"SHIVA GLOBAL AGRO INDUSTRIES L",X,STK,40.7,41,38.25,39.16,38.25,39.05,38,11347,453787,
530439,"SIDDHA VENTURES LTD.",X,STK,4.66,4.66,4.25,4.65,4.65,4.66,15,1363,6165,
530443,"KIRAN SYNTEX LTD.",XT,STK,18.62,18.62,18.15,18.15,18.15,19.1,3,51,926,
530445,"SUMERU INDUSTRIES LTD.",X,STK,1.87,1.87,1.8,1.86,1.86,1.87,42,2699,4993,
530449,"RUNGTA IRRIGATION LTD.",X,STK,56.49,56.49,52.01,55.97,55.97,55.54,30,799,43522,
530457,"GTT DATA SOLUTIONS LIMITED",X,STK,61.42,61.5,59,60.54,60.88,61.42,71,8133,495396,
530459,"VALSON INDUSTRIES LTD.",X,STK,30.7,31.18,27.8,30.03,31,28.36,50,10617,329017,
530461,"SABOO SODIUM CHLORO LTD.",X,STK,14.8,15.5,14.11,14.31,14.31,14.8,468,159479,2356763,
530469,"GSL SECURITIES LTD.",X,STK,44.71,44.71,44.71,44.71,44.71,42.59,2,250,11177,
530475,"TINNA RUBBER AND INFRASTRUCTUR",B,STK,705.9,750,686.6,731.1,725.35,688.7,518,6096,4418646,
530477,"VIKRAM THERMO (INDIA) LTD.",X,STK,158.05,162,157.25,160.3,160.35,156.6,87,6302,1012555,
530495,"STRATMONT INDUSTRIES LIMITED",XT,STK,59.28,59.28,59.28,59.28,59.28,58.12,7,484,28691,
530499,"A.K.CAPITAL SERVICES LTD.",X,STK,1581.4,1581.4,1525,1569.65,1565,1573.5,51,2596,4056287,
530517,"RELAXO FOOTWEARS LTD.",A,STK,309.95,311,305.55,309.2,311,304.7,814,17957,5543889,
530521,"VIRAT INDUSTRIES LTD.",X,STK,529.95,529.95,499.95,500.85,519.95,510.05,118,5474,2776630,
530525,"RAJNISH RETAIL LIMITED",X,STK,2.87,2.93,2.86,2.89,2.89,2.87,312,220157,639098,
530533,"TERAI TEA CO.LTD.",X,STK,104.65,104.66,101.95,101.96,101.95,104.67,12,83,8494,
530537,"MANRAJ HOUSING FINANCE LTD.",X,STK,35.9,35.9,35.87,35.87,35.87,37.75,6,88,3156,
530545,"COSCO (INDIA) LTD.",X,STK,189.9,200,187.25,190.3,190.3,187.35,43,1115,213354,
530547,"KEN FINANCIAL SERVICES LTD.",X,STK,10.5,10.5,10.5,10.5,10.5,10.5,1,5,52,
530549,"SHILPA MEDICARE LTD.",A,STK,416.95,416.95,407.3,411.55,411.55,411.25,606,11370,4683583,
530555,"PARAMOUNT COMMUNICATIONS LTD.",B,STK,38.9,41.14,38.1,40.42,40.43,38.5,1287,211005,8425322,
530557,"NCL RESEARCH & FINANCIAL SERVI",X,STK,0.47,0.48,0.46,0.48,0.48,0.47,897,3172584,1501072,
530571,"EXPLICIT FINANCE LTD.",X,STK,9.89,9.89,8.99,8.99,8.99,9.46,7,296,2661,
530577,"LADDERUP FINANCE LTD.",X,STK,54,54,53.5,53.62,53.5,54,10,68,3666,
530579,"U. Y. FINCORP LIMITED",B,STK,14.5,14.75,14.34,14.41,14.35,14.67,35,2408,34878,
530581,"EKAM LEASING & FINANCE CO.LTD.",X,STK,6.1,6.1,6.1,6.1,6.1,6.1,2,6,36,
530585,"SWASTIKA INVESTMART LTD.",X,STK,64.15,64.15,63.1,63.68,63.68,63.98,61,5177,329322,
530589,"PRIMA PLASTICS LTD.",XT,STK,128,128,121.6,121.74,121.74,142.31,298,25107,3089861,
530595,"TELECANOR GLOBAL LTD.",XT,STK,39.75,39.95,36.31,36.31,36.31,38.22,105,57292,2114712,
530601,"JAGSONPAL SERVICES LIMITED",X,STK,53,55.03,53,53,53,55.3,7,778,41773,
530615,"GARG FURNACE LTD.",X,STK,150.95,157,149,150.95,151,150.95,48,3548,536476,
530617,"SAMPRE NUTRITIONS LTD.",X,STK,17,17.14,16.5,17.14,17.14,16.33,765,1920836,32720181,
530621,"Akar Auto Industries Limited",X,STK,92.99,92.99,90,92.68,92.68,91.69,21,665,60836,
530627,"Vipul Organics Limited",X,STK,193.45,197,190,196.75,197,193.4,48,3407,660836,
530643,"ECO RECYCLING LTD.",B,STK,396,410,396,398.75,399,399.9,888,23223,9291635,
530655,"Goodluck India Limited",B,STK,1214.55,1239,1196.8,1233.1,1231.8,1190.1,883,13341,16262950,
530663,"GOYAL ASSOCIATES LTD.",X,STK,1.01,1.01,0.9,0.91,0.91,0.85,52,85226,82327,
530665,"ZENITH HEALTH CARE LTD.",X,STK,3.37,3.37,3.16,3.28,3.29,3.29,93,10508,34260,
530675,"YORK EXPORTS LTD.",X,STK,63,65.99,63,65.99,65.99,63,6,22,1391,
530677,"SUPREME HOLDINGS & HOSPITALITY",B,STK,57.97,59.1,57.25,57.78,57.35,57.8,243,29592,1731282,
530689,"LYKIS LIMITED",X,STK,48,49.2,47,48.12,48.12,47.91,191,52788,2534739,
530695,"PRIME PROPERTY DEVELOPMENT COR",X,STK,20.99,22.85,20.62,20.81,21,20.2,89,7781,163377,
530697,"Zenlabs Ethica Limited",X,STK,24,24,23,23,23,22.56,9,751,17288,
530699,"RAJ RAYON INDUSTRIES LIMITED",T,STK,21.67,21.67,21.49,21.49,21.49,21.53,15,818,17692,
530705,"ANIRIT VENTURES LIMITED",XT,STK,64.53,64.53,64,64.53,64.53,61.46,40,9231,595548,
530709,"GOWRA LEASING & FINANCE LTD.",X,STK,81.6,85,81.6,85,85,84.28,15,1604,134525,
530711,"JAGAN LAMPS LTD.",X,STK,53.99,56.55,51.43,54.88,56.55,51.43,61,5138,278796,
530723,"ASIT C.MEHTA FINANCIAL SERVICE",X,STK,119,124.9,119,124.9,124.9,126.61,3,101,12319,
530733,"ENCODE PACKAGING INDIA LIMITED",X,STK,12.17,12.7,12.16,12.16,12.16,12.16,11,461,5740,
530735,"SUPER BAKERS (INDIA) LTD.",X,STK,30.01,30.01,30.01,30.01,30.01,30,1,1,30,
530741,"OVOBEL FOODS LTD.",X,STK,145,145,141.1,142,142.55,141.4,71,2324,331028,
530745,"ACS TECHNOLOGIES LIMITED",X,STK,40.26,41,39.71,40.75,40.75,40.26,212,49402,1993237,
530747,"CHALLANI CAPITAL LIMITED",X,STK,22.35,22.35,21.94,21.94,21.94,21.25,5,1301,28632,
530755,"CORAL NEWSPRINTS LTD.",X,STK,12.12,12.12,12.1,12.1,12.1,11.55,7,926,11218,
530759,"STERLING TOOLS LTD.",B,STK,242.8,246.45,240.55,242.8,242.75,242.8,106,2903,705161,
530779,"DYNAMIC PORTFOLIO MANAGEMENT &",X,STK,21.15,21.98,21.15,21.84,21.84,21.15,3,35,745,
530787,"INLAND PRINTERS LTD.",XT,STK,49.74,51.5,49.74,51.5,51.5,49.3,6,94,4832,
530797,"SHREE GANESH ELASTOPLAST LTD.",X,STK,15.9,15.94,15.9,15.94,15.94,15.9,2,2,31,
530799,"ANNA INFRASTRUCTURES LTD.",X,STK,32.89,32.89,29.7,32.76,32.87,30.85,16,811,26464,
530803,"Bhageria Industries Limited",B,STK,165,165.6,163.15,164.65,165,162.9,39,528,86853,
530805,"ONESOURCE INDUSTRIES AND VENTU",X,STK,6.92,7,6.75,6.9,6.9,6.78,161,29070,199483,
530809,"BNR UDYOG LTD.",X,STK,30.04,32.27,30.02,30.23,30.23,29.77,16,1476,44961,
530813,"KRBL LTD.",A,STK,350.35,355,347.7,351.35,350.45,354.15,823,21314,7483479,
530821,"SSPDL LTD.",XT,STK,15.56,15.56,14.08,15.48,15.48,14.82,21,3280,48758,
530825,"DAIKAFFIL CHEMICALS INDIA LTD.",XT,STK,44.05,47.94,44.05,46,46,45.66,13,1563,72092,
530829,"CIL SECURITIES LTD.",X,STK,39.38,43.8,38.95,39.08,39.15,38.42,50,4634,185948,
530839,"CLIO INFOTECH LTD.",X,STK,7.25,7.25,7.25,7.25,7.25,6.91,11,5596,40571,
530843,"CUPID LTD.",B,STK,96.39,103.6,95.61,102.68,102.68,95.5,29554,1811169,183673792,
530845,"SUNSHIELD CHEMICALS LTD.",X,STK,898,917,875,897,898.5,893.1,124,1233,1109599,
530853,"HIPOLIN LTD.",X,STK,57.1,58.99,55.11,56.46,55.11,57.79,8,1103,63555,
530855,"GDL LEASING & FINANCE LTD.",XT,STK,82.27,82.27,78,82.27,82.27,78.36,25,10787,857074,
530871,"Chembond Material Technologies",B,STK,151.95,155.4,148.1,148.1,148.1,147.45,39,381,57512,
530879,"CAPITAL INDIA FINANCE LIMITED",B,STK,28,29.5,27,28.33,29,27.18,282,77035,2161486,
530881,"Arunjyoti Bio Ventures Limited",XT,STK,10.83,10.99,10.62,10.9,10.9,10.62,4972,3825572,41498966,
530883,"SUPER CROP SAFE LTD.",X,STK,9.04,9.39,8.9,9.31,9.35,8.95,97,96996,897292,
530897,"N.G.INDUSTRIES LTD.",X,STK,130,136.95,125.5,136.15,136.95,130,24,1066,136962,
530899,"ASIA PACK LTD.",X,STK,56,58.75,54,58.75,58.75,56,19,1818,103883,
530907,"SI CAPITAL & FINANCIAL SERVICE",X,STK,41.5,41.5,39.5,39.5,39.5,41.5,5,87,3550,
530909,"ERP SOFT SYSTEMS LTD.",X,STK,55.87,60.99,55.87,60.99,60.99,58.8,5,58,3322,
530919,"REMSONS INDUSTRIES LTD.",B,STK,97.32,99.54,95.86,99.29,99.54,97.32,100,6401,625124,
530925,"RAMSONS PROJECTS LTD.",XT,STK,89,90,85.72,89.5,90,90,33,2908,256727,
530931,"STANPACKS (INDIA) LTD.",X,STK,12.16,12.16,11.05,12.16,12.16,11.59,7,1037,12569,
530943,"Aqylon Nexus Limited",B,STK,46.31,48.55,44,45.74,45.74,46.24,6877,473482,22409497,
530951,"RAMINFO LIMITED",X,STK,61,63,60,61.47,61.49,60.59,66,3302,202046,
530953,"SUNIL AGRO FOODS LTD.",X,STK,88,88,83.75,83.81,87.48,88.13,16,685,58674,
530959,"DIANA TEA CO.LTD.",X,STK,26.9,27.49,26.37,26.42,27.22,26.85,16,3073,81802,
530961,"Vikas EcoTech Limited",T,STK,1.45,1.49,1.42,1.44,1.44,1.44,327,697615,1006738,
530965,"INDIAN OIL CORPORATION LTD.",A,STK,144.65,146.3,143.3,145.85,145.85,144.15,4779,515782,74906931,
530973,"ALFA ICA (INDIA) LTD.",X,STK,76.6,76.6,76.6,76.6,76.6,76.6,1,9,689,
530977,"Shri Keshav Cements and Infra",X,STK,165,170,157.5,160.6,162,157.4,34,728,118641,
530979,"INDIA HOME LOAN LTD.",X,STK,31.3,31.3,30.25,30.91,30.9,30.9,52,6910,210997,
530991,"ROOPA INDUSTRIES LTD.",X,STK,57.5,57.75,53.7,54,54,54,9,1309,71310,
530993,"SARTHAK GLOBAL LTD.",XT,STK,40.62,40.62,40.62,40.62,40.62,42.75,8,368,14948,
530997,"UNIQUE ORGANICS LTD.",X,STK,91.99,92,88.1,89.03,88.1,90.46,55,1679,151319,
530999,"BALAJI AMINES LTD.",B,STK,1149.55,1159.15,1135.75,1139.85,1139.85,1145.95,660,5328,6105075,
531015,"VENMAX DRUGS AND PHARMACEUTICA",X,STK,25.99,28.25,23.73,26.05,26.22,24.66,25,1789,45878,
531017,"ARIHANTS SECURITIES LTD.",X,STK,18.55,19.76,18,19.56,19.56,18.54,82,11716,221929,
531025,"VISAGAR FINANCIAL SERVICES LTD",X,STK,0.38,0.41,0.38,0.41,0.41,0.38,509,2170483,869955,
531033,"REGAL ENTERTAINMENT & CONSULTA",X,STK,21.7,21.7,19.72,20.9,20.9,20.75,38,14194,295488,
531035,"ERAAYA LIFESPACES LIMITED",X,STK,33.7,34.07,33.05,34.07,34.07,32.45,250,130791,4442546,
531041,"COMPETENT AUTOMOBILES CO.LTD.",X,STK,374,378.6,373,374.55,378.6,374.3,7,65,24330,
531043,"DHANVANTRI JEEVAN REKHA LTD.",XT,STK,26.32,26.32,26.32,26.32,26.32,27.52,2,553,14554,
531067,"CONTIL INDIA LTD.",X,STK,29.7,29.7,27.51,27.61,28.4,28.3,39,5412,152344,
531069,"VIJAY SOLVEX LTD.",X,STK,599,599,578.25,593.2,590,594.3,16,141,82235,
531080,"SHRI KRISHNA DEVCON LTD.",X,STK,32,39.5,32,39.32,39.49,38.89,11,2010,78998,
531082,ALANKIT,B,STK,9.87,9.87,9.16,9.5,9.5,9.2,105,25720,244798,
531083,"NIHAR INFO GLOBAL LTD.",XT,STK,7.56,7.87,7.53,7.74,7.85,7.92,9,3127,24095,
531091,"UNITED CREDIT LTD.",X,STK,24.05,29,24.05,26,26,24.71,10,548,15206,
531092,"OM INFRA LIMITED",B,STK,97,97,93.7,95.54,95.54,94.87,84,4692,446661,
531099,"Checkpoint Trends Limited",X,STK,61.36,61.36,61.36,61.36,61.36,58.44,51,8120,498243,
531109,"Ishan Dyes and Chemicals Limit",B,STK,68.11,69.34,66.6,67.04,66.6,65.18,61,3335,226657,
531112,"BALU FORGE INDUSTRIES LIMITED",A,STK,486.25,493.95,481.05,486.2,488,484.85,1126,36448,17713567,
531119,"CEENIK EXPORTS (INDIA) LTD.",X,STK,278.9,278.9,275.15,276,276,276.4,19,204,56368,
531120,"PATEL ENGINEERING LTD.",A,STK,28.61,28.97,28.37,28.49,28.49,28.3,1384,326771,9357923,
531126,"KATI PATANG LIFESTYLE LIMITED",X,STK,19.95,21.11,19.12,19.12,19.4,20.12,110,101027,2044387,
531129,"INANI MARBLES & INDUSTRIES LTD",X,STK,11,11.1,10.5,10.68,10.95,10.71,21,4270,45920,
531137,"GEMSTONE INVESTMENTS LTD.",X,STK,1.77,1.82,1.67,1.73,1.73,1.78,174,61144,107058,
531144,"EL FORGE LTD.",X,STK,15,15,14.58,14.85,14.85,14.53,67,20830,308736,
531146,"MEDICAMEN BIOTECH LTD.",B,STK,253.55,261.1,252.15,258.5,258.5,248.5,51,790,203510,
531147,"ALICON CASTALLOY LIMITED",B,STK,690,702,662.9,684.7,684.7,678.05,356,2056,1391989,
531153,"DILIGENT INDUSTRIES LTD.",X,STK,2.5,2.62,2.5,2.58,2.59,2.52,193,110193,283971,
531155,"EPSOM PROPERTIES LTD.",X,STK,9.59,9.59,8.7,8.7,8.7,9.15,11,624,5785,
531156,"ALFAVISION OVERSEAS (INDIA) LT",XT,STK,16.2,16.2,16.2,16.2,16.2,15.89,25,63794,1033462,
531157,"ORGANIC COATINGS LTD.",X,STK,23.38,24.54,23.38,23.5,23.5,23.38,12,400,9678,
531158,"CATVISION  LIMITED",X,STK,20.7,20.7,19.09,19.83,20.1,20.29,91,3106,61003,
531161,"ABM KNOWLEDGEWARE LTD.",X,STK,242,248,236,240.65,239.25,248.35,42,1238,298899,
531162,"EMAMI LTD.",A,STK,424.9,454,424.9,451.45,451.45,425.95,2559,76097,34054292,
531163,"KEMISTAR CORPORATION LIMITED",X,STK,67.5,67.5,60,63.32,63.32,67.5,41,1237,78514,
531168,"ASSOCIATED CERAMICS LTD.",X,STK,180,180,180,180,180,180,1,28,5040,
531169,"SKP SECURITIES LTD.",X,STK,105.87,113.87,105.87,106.94,109.46,108.01,16,249,27892,
531173,"SYSCHEM (INDIA) LTD.",X,STK,52.02,53.48,51.71,52.87,52.5,52.13,166,49084,2588650,
531176,"MEFCOM CAPITAL MARKETS LTD.",X,STK,11.01,11.65,11,11.62,11.5,11.3,40,2861,32949,
531178,"HEMANG RESOURCES LIMITED",XT,STK,18.34,18.34,17.5,17.6,17.6,17.9,14,2244,40101,
531179,"ARMAN FINANCIAL SERVICES LTD.",B,STK,1542.55,1567.95,1540,1552.95,1540,1551.85,134,779,1205897,
531190,"EFORU ENTERTAINMENT LIMITED",X,STK,98.45,103.05,93.53,93.54,93.53,98.45,28,630,60527,
531201,"SHILCHAR TECHNOLOGIES LTD.",B,STK,4800.4,4833.95,4651,4715.95,4734,4779.25,1236,5378,25468359,
531205,"SPRIGHT AGRO LIMITED",XT,STK,0.49,0.5,0.49,0.5,0.5,0.49,391,2099023,1042357,
531209,"NUCLEUS SOFTWARE EXPORTS LTD.",B,STK,822.5,825.4,810,812.8,810,813.65,104,885,723859,
531210,"COLINZ LABORATORIES LTD.",XT,STK,47.79,47.8,47.79,47.79,47.79,47.8,10,522,24951,
531212,"NALIN LEASE FINANCE LTD.",X,STK,41.73,41.73,41.53,41.54,41.55,39.9,7,613,25485,
531213,"Manappuram Finance Ltd",A,STK,267.4,270.8,266,269.1,268.9,268.15,1776,139357,37451932,
531215,"RTS POWER CORPORATION LTD.",X,STK,139.39,143,134,142,143,137.58,174,14017,1961535,
531216,"COMFORT INTECH LTD.",X,STK,7.38,7.38,7.25,7.28,7.28,7.25,413,180379,1312362,
531221,"MAYUR FLOORINGS LTD.",X,STK,10.27,10.27,10.27,10.27,10.27,9.79,2,28,287,
531223,"ANJANI SYNTHETICS LTD.",X,STK,28.44,28.44,27.03,27.99,27.99,28,41,4504,125957,
531225,"XTGLOBAL INFOTECH LIMITED",B,STK,30.98,34.5,30.95,33.88,34.5,30.29,301,9666,312770,
531227,"DECO-MICA LTD.",X,STK,61.8,61.8,61.8,61.8,61.8,60,2,13,803,
531228,"RANDER CORPORATION LTD.",X,STK,9.68,9.99,9.68,9.99,9.99,9.8,5,1637,16065,
531233,"RASI ELECTRODES LTD.",X,STK,14.26,14.5,14,14.29,14,13.98,116,18572,264553,
531234,"SCOOBEE DAY GARMENTS (INDIA) L",X,STK,68.44,68.44,67.06,67.12,67.12,66.59,21,1243,83941,
531235,"CITIPORT FINANCIAL SERVICES LT",XT,STK,34.5,35,33.74,34.01,34.01,34.42,13,832,28578,
531237,"DHRUVA CAPITAL SERVICES LTD.",XT,STK,324.6,324.6,324,324,324,318.25,6,1266,410527,
531241,"LINC LIMITED",B,STK,106.8,106.8,99.25,100.66,100.85,99.69,55,1535,153600,
531246,"PRIMA INDUSTRIES LTD.",X,STK,19,19,18.85,18.98,18.98,18.2,10,59,1120,
531253,"INDIA GELATINE & CHEMICALS LTD",X,STK,351.5,372.4,333,362.7,365,341.15,272,10184,3669435,
531254,"Optimus Finance Limited",X,STK,12.57,12.57,12.17,12.38,12.44,12.32,110,33826,419939,
531255,"PARAGON FINANCE LTD.",X,STK,54.9,55.55,54.9,55,55,53.84,11,695,38422,
531257,"PRATIKSHA CHEMICALS LTD.",X,STK,18.85,18.85,17.85,18.52,18.58,17.91,18,2645,49566,
531260,"Refex Renewables & Infrastruct",XT,STK,290.6,296.4,290.6,296.4,296.4,290.6,11,282,83422,
531262,"EQUILATERAL ENTERPRISES LIMITE",X,STK,23.39,24.31,22.23,22.4,22.4,23.39,10,2173,48330,
531266,"V.S.T.TILLERS TRACTORS LTD.",B,STK,5339.95,5340,5220.85,5277,5275,5257.4,197,685,3610786,
531268,"B2B SOFTWARE TECHNOLOGIES LTD.",XT,STK,31.01,32.03,29.5,30.46,30.46,30.51,407,83601,2637680,
531273,"RADHE DEVELOPERS (INDIA) LTD.",X,STK,1.86,1.9,1.82,1.87,1.87,1.87,216,119398,223806,
531274,"KINETIC TRUST LTD.",X,STK,38.51,40.35,38.51,40.35,40.35,38.51,5,202,7961,
531278,"Elixir Capital Limited",X,STK,108.9,109.5,102.25,106.33,107.4,104.21,71,1382,147627,
531279,"Trishakti Industries Limited",X,STK,151.5,161,151.5,159.7,159.7,151.45,320,39024,6167926,
531280,"PANKAJ POLYMERS LTD.",XT,STK,62.25,62.25,56.95,59.88,60,59.47,45,18044,1065695,
531281,"MARBLE CITY INDIA LIMITED",X,STK,101.8,101.8,94,97.62,97.62,99.74,59,8297,798016,
531283,"CINDRELLA FINANCIAL SERVICES L",X,STK,9.4,9.42,9.4,9.42,9.42,9.78,2,58,545,
531286,"ADHATA GLOBAL LIMITED",X,STK,23.8,23.8,23.8,23.8,23.8,23.8,1,10,238,
531287,"NATIONAL PLASTIC TECHNOLOGIES",X,STK,229.7,233.65,225,228,226.1,226.25,60,4411,1003499,
531288,"LEAD FINANCIAL SERVICES LTD.",X,STK,18,18,18,18,18,18,3,929,16722,
531289,"NATIONAL FITTINGS LIMITED",X,STK,160.35,168.5,160,162.8,162.6,168.9,37,1375,222762,
531297,"ARTEFACT PROJECTS LTD.",X,STK,61.51,62.9,61.5,62.1,62.1,61.24,49,5343,332117,
531301,"TUSALDAH LIMITED",X,STK,157.2,157.35,157,157.35,157.35,149.9,5,116,18231,
531304,"NUTECH GLOBAL LTD.",X,STK,20.57,20.57,20.57,20.57,20.57,21.65,1,10,205,
531306,"DHP INDIA LTD.",X,STK,543.3,568.5,543.3,556,556,540.6,55,670,372154,
531307,"RRIL LIMITED",X,STK,15.41,15.9,15.26,15.61,15.6,15.67,85,16529,256279,
531310,"AVAILABLE FINANCE LTD.",X,STK,156.7,156.75,150.3,153.8,154,150.8,108,12520,1911650,
531314,"INTEGRA CAPITAL LIMITED",X,STK,14.25,14.25,14.25,14.25,14.25,14.25,1,1,14,
531319,"MARUTI GLOBAL INDUSTRIES LIMIT",X,STK,42.14,42.14,39.5,41,41,42.14,46,2173,88107,
531322,"SRI HAVISHA HOSPITALITY INFRAS",T,STK,1.61,1.71,1.61,1.64,1.64,1.63,14,6010,10226,
531323,"JAYATMA INDUSTRIES LIMITED",X,STK,13.01,13.04,13.01,13.04,13.04,13.69,3,1497,19520,
531324,"ROSELABS FINANCE LTD.",X,STK,24.67,24.67,22.33,23.94,23.94,23.5,9,108,2427,
531328,"KRETTO SYSCON LIMITED",X,STK,0.52,0.52,0.51,0.51,0.51,0.53,706,3971330,2026161,
531335,"ZYDUS WELLNESS LTD.",A,STK,501.1,521.6,493.15,499.2,502.5,503.15,2236,95863,48734540,
531338,"MILESTONE GLOBAL LTD.",X,STK,17.01,17.01,17.01,17.01,17.01,17,2,4,68,
531341,"GUJARAT INVESTA LTD.",X,STK,23.08,23.08,20.9,20.9,20.9,21.99,7,353,7379,
531344,"CONTAINER CORPORATION OF INDIA",A,STK,505.95,511.7,499.8,502.8,504,502.05,3408,104990,52999968,
531346,"EASTERN TREADS LTD.",X,STK,28.98,28.98,28,28.9,28.98,28.64,3,13,375,
531349,"PANACEA BIOTEC LTD.",B,STK,350.25,360.75,350.25,358,358.3,352.7,277,3801,1354296,
531357,"MERCURY EV-TECH LIMITED",X,STK,35.46,35.46,33.25,35.39,35.39,33.78,2326,887268,31350250,
531358,"CHOICE INTERNATIONAL LTD.",A,STK,726.45,728.4,719.75,725.5,722.55,719.9,1301,26257,19058633,
531359,"SHRIRAM ASSET MANAGEMENT CO.LT",X,STK,324.85,343.15,319.35,329.75,330,319,105,9824,3261085,
531364,"Ekansh Concepts Limited",X,STK,191.45,199.75,190,196.8,196.75,190.7,183,38414,7558908,
531370,"SPARC ELECTREX LIMITED",XT,STK,7.2,7.22,7.2,7.22,7.22,6.88,30,34729,250598,
531373,"THE BYKE HOSPITALITY LTD.",T,STK,43.39,45.4,42.6,43.67,43.9,43.39,61,15309,668620,
531380,"CENTENIAL SURGICAL SUTURE LTD.",XT,STK,100,100.3,100,100.3,100.3,95.54,6,62,6206,
531381,"ARIHANT FOUNDATIONS & HOUSING",B,STK,979.95,990,972,982.05,989.95,980,71,1569,1540681,
531387,"HASTI FINANCE LTD.",X,STK,8.3,8.3,8.3,8.3,8.3,8.3,2,2,16,
531390,"UPSURGE INVESTMENT & FINANCE L",X,STK,67,67.75,64.5,66.41,66.41,66.79,89,14781,978460,
531395,"PADAM COTTON YARNS LTD.",X,STK,1.43,1.43,1.43,1.43,1.43,1.5,953,1895477,2710532,
531396,"WOMEN NETWORKS LTD.",X,STK,8.01,8.01,7.61,7.61,7.61,8.01,7,718,5722,
531397,"POLYCON INTERNATIONAL LTD.",XT,STK,18.9,19.84,18,18,18,18.9,12,1379,27333,
531398,"SOURCE NATURAL FOODS & HERBAL",X,STK,139.5,139.5,130,130.3,131,132.8,30,1064,139152,
531399,"G.G.AUTOMOTIVE GEARS LTD.",X,STK,185.75,194,174,179.35,180.75,184.8,476,32725,5962686,
531400,"ALMONDZ GLOBAL SECURITIES LTD.",B,STK,15.01,16.5,15.01,16.34,16.22,15.17,127,18049,288785,
531402,"LWS KNITWEAR LTD.",X,STK,16.7,17.98,16,17,17,16.17,47,6870,118374,
531411,"TUNI TEXTILE MILLS LTD.",X,STK,1.26,1.28,1.23,1.25,1.26,1.19,337,810155,1019991,
531412,"RADIX INDUSTRIES (INDIA) LIMIT",XT,STK,185,195.3,183.2,184.15,184,186,23,487,90701,
531416,"NARENDRA PROPERTIES LTD.",X,STK,36.5,36.5,33.71,36.49,36.49,33.58,18,2106,75826,
531417,"MEGA CORPORATION LTD.",X,STK,2.89,3.42,2.82,3.41,3.42,2.85,549,1355620,4580580,
531426,"TAMIL NADU NEWSPRINT & PAPERS",B,STK,142.2,142.2,138.75,140.05,140.05,140,71,3701,516015,
531431,"SHAKTI PUMPS (INDIA) LTD.",A,STK,542,583.6,533.7,573.95,573.95,534.35,5472,182684,103141626,
531432,"SYSTEMATIX SECURITIES LTD.",XT,STK,11.8,11.8,11.8,11.8,11.8,12.42,2,231,2725,
531433,"SUNGOLD CAPITAL LTD.",XT,STK,3.38,3.54,3.38,3.4,3.4,3.38,10,131,451,
531436,"SAFFRON INDUSTRIES LIMITED",X,STK,30.01,31.59,30.01,31.24,31.24,30.16,44,6149,189807,
531437,"Prakash Woollen & Synthetic Mi",X,STK,24.3,24.3,22.35,23.5,23.5,22.79,46,6202,144035,
531439,"AION-TECH SOLUTIONS LIMITED",B,STK,39.38,41.5,39.38,41.11,40.97,39.61,169,6088,249473,
531449,"GRM OVERSEAS LTD.",B,STK,164.05,164.05,159.65,161.5,161.6,162.95,275,19586,3161553,
531453,"MOHIT INDUSTRIES LTD.",B,STK,23.02,24.25,23.01,23.89,23.75,24.05,9,382,8844,
531454,"POLYLINK POLYMERS (INDIA) LTD.",X,STK,20.25,20.25,19.6,20.21,20.24,19.81,28,4161,83902,
531456,"MINAXI TEXTILES LTD.",X,STK,1.59,1.65,1.59,1.65,1.65,1.6,20,9237,14795,
531458,"BOSTON COMMERCE LIMITED",XT,STK,7.14,7.14,7.14,7.14,7.14,6.8,16,1982,14151,
531460,"CONTINENTAL CONTROLS LTD.",XT,STK,9.72,9.73,9.72,9.72,9.72,9.91,12,11033,107240,
531463,"GLOBAL INFRATECH & FINANCE LIM",XT,STK,22.4,22.4,22.4,22.4,22.4,21.97,6,83,1859,
531465,"NOUVEAU GLOBAL VENTURES LTD.",X,STK,0.49,0.49,0.49,0.49,0.49,0.49,17,6683,3274,
531471,"DUKE OFFSHORE LTD.",XT,STK,18.99,18.99,18.11,18.16,18.35,18.99,103,13162,241297,
531472,"CYBELE INDUSTRIES LTD.",XT,STK,43.99,44.1,43,44.1,44.1,42,58,17196,749371,
531486,"FILMCITY MEDIA LTD.",XT,STK,3,3,2.97,2.97,2.97,3.03,9,1231,3683,
531489,"CG-VAK SOFTWARE & EXPORTS LTD.",X,STK,225,225,216,217.8,221.4,220,78,2135,471447,
531494,"NAVKAR URBANSTRUCTURE LIMITED",B,STK,0.89,0.92,0.86,0.89,0.91,0.89,102,740729,658798,
531495,"BLUE COAST HOTELS LTD.",B,STK,24.98,25.12,24.49,25.11,25.12,25.18,30,13541,338894,
531497,"MADHUCON PROJECTS LTD.",T,STK,5.52,5.52,5.09,5.09,5.09,5.34,34,24488,131946,
531499,"SYBLY INDUSTRIES LTD.",X,STK,1.99,1.99,1.98,1.98,1.98,1.93,7,5355,10605,
531500,"RAJESH EXPORTS LTD.",Z,STK,133.03,133.03,120.51,125.34,125.34,126.7,1250,130081,16747495,
531502,"ESAAR (INDIA) LTD.",X,STK,9.82,9.82,9.82,9.82,9.82,9.63,15,5845,57397,
531503,"MARIS SPINNERS LTD.",X,STK,27.55,28.4,27.55,28.39,28.39,27.68,23,1504,42483,
531505,"INDERGIRI FINANCE LTD.",X,STK,27.56,27.56,26.3,27.5,27.5,26.25,3,70,1916,
531508,"EVEREADY INDUSTRIES INDIA LTD.",B,STK,302.2,303.1,299.05,302.45,303,297.2,69,1512,454594,
531509,"STEP TWO CORPORATION LTD.",X,STK,31.9,32.99,31.9,32.99,32.99,31.99,2,35,1152,
531512,"ORIENT TRADELINK LTD.",X,STK,18.88,18.88,17.99,18.27,18.49,18.64,320,138182,2559912,
531518,"VIKAS PROPPANT & GRANITE LTD.",Z,STK,0.3,0.31,0.3,0.3,0.31,0.31,74,114143,35003,
531525,"ACE SOFTWARE EXPORTS LTD.",X,STK,158.85,161.9,155.2,160.55,160.55,158.85,245,41352,6592652,
531529,"SOFTRAK VENTURE INVESTMENT LTD",X,STK,1.82,1.84,1.76,1.79,1.79,1.78,82,15710,28465,
531531,"HATSUN AGRO PRODUCT LTD.",A,STK,937.8,997.45,936.15,979.2,975.2,939.65,513,5022,4877466,
531533,"ACCEDERE LIMITED",XT,STK,58.8,60.3,56.99,57.13,58.4,59.98,72,3148,180758,
531537,"MIZZEN VENTURES LIMITED",XT,STK,165.5,165.6,165.5,165.5,165.5,165.5,17,1462,241976,
531539,"RISHABH DIGHA STEEL & ALLIED P",X,STK,34,37.5,34,36.5,36.5,35.69,7,108,3925,
531540,"MARUTI INFRASTRUCTURE LTD.",XT,STK,12.24,12.8,11.64,12.37,12.69,12.25,169,42300,512465,
531541,"KOBO BIOTECH LIMITED",Z,STK,2.74,2.74,2.74,2.74,2.74,2.62,9,15495,42456,
531543,"JINDAL WORLDWIDE LTD.",B,STK,26.76,26.82,25.8,26.48,26.49,25.73,352,109487,2871790,
531548,"SOMANY CERAMICS LTD.",B,STK,441,451.8,437.05,441.15,441.55,438.55,248,3246,1442828,
531550,"JHAVERI CREDITS & CAPITAL LTD.",X,STK,179.95,180,173,176,180,175.95,47,2538,446037,
531552,"RAGHUNATH TOBACCO CO.LTD.",X,STK,15.12,15.35,14.51,14.83,14.83,15.12,40,4307,63686,
531553,"DISHA RESOURCES LIMITED",XT,STK,20.1,22.19,20.09,21.13,22.19,21.14,33,69099,1458443,
531556,"CORAL INDIA FINANCE & HOUSING",B,STK,36.58,37,35.72,36.09,36.5,35.47,86,3222,118284,
531557,"AMIT SECURITIES LTD.",XT,STK,56,56,54.15,55.94,55.94,57,11,195,10711,
531569,"SANJIVANI PARANTERAL LTD.",X,STK,186,186,175,179.95,180,180.2,61,4136,745455,
531572,"RANJIT SECURITIES LTD.",XT,STK,66.99,66.99,66.88,66.88,66.88,70.4,5,206,13778,
531574,"VAS INFRASTRUCTURE LTD.",XT,STK,11.24,11.24,10.71,10.84,10.9,10.71,23,3399,38018,
531578,"KMF BUILDERS & DEVELOPERS LTD.",XT,STK,7.7,8.02,7.67,8.02,8.02,7.64,3,12,92,
531582,"BERYL SECURITIES LTD.",XT,STK,29.5,29.5,29.5,29.5,29.5,29.08,2,301,8879,
531583,"RAP CORP LIMITED",X,STK,35.01,37.69,34.95,34.95,34.95,36.78,17,452,16016,
531585,"DEVINE IMPEX LTD.",X,STK,8.53,8.53,8.53,8.53,8.53,8.53,1,2,17,
531591,"BAMPSL SECURITIES LTD.",X,STK,19.49,19.99,18.15,19.95,19.95,19.42,47,9732,186226,
531592,"GENPHARMASEC LIMITED",XT,STK,1.11,1.15,1.11,1.13,1.15,1.13,262,381144,430723,
531594,"INCON ENGINEERS LTD.",X,STK,17.1,18,17.1,17.1,17.1,18,9,398,6806,
531595,"CAPRI GLOBAL CAPITAL LIMITED",A,STK,185.6,186,181,182.15,182.3,185.55,1230,68904,12641385,
531599,"FDC LTD.",B,STK,351.1,361.8,351.1,358.65,357.2,356.05,217,5066,1811618,
531608,"GORANI INDUSTRIES LTD.",X,STK,55.35,55.35,50.5,52.91,53.49,54,33,1367,72722,
531609,"KG PETROCHEM LTD.",X,STK,231,231,209.05,209.05,209.05,220,8,95,19949,
531624,"COUNTRY CONDOS LTD.",B,STK,5.22,5.69,5.22,5.57,5.56,5.27,189,19951,109569,
531626,"OROSIL SMITHS INDIA LTD.",X,STK,6.35,6.45,5.55,6.04,6.04,6.34,114,50043,307917,
531628,"TEJASSVI AAHARAM LIMITED",XT,STK,32.48,32.48,32.48,32.48,32.48,33.14,5,43,1396,
531633,"LINCOLN PHARMACEUTICALS LTD.",B,STK,592,592,584.3,586.6,584.75,592.4,94,533,313581,
531635,"SILVER OAK (INDIA) LTD.",X,STK,95,95,84.64,92,92,89.09,31,589,51606,
531637,"PRAVEG LIMITED",X,STK,247.9,280,240.3,274.25,274.25,244.1,3294,180159,48130091,
531638,"SURAJ LTD.",B,STK,258,262,253.7,257.6,257.6,253.7,38,1079,278501,
531642,"MARICO LTD.",A,STK,746.85,761,741.2,757.05,755.4,744.85,4637,178913,135237106,
531644,"TOKYO FINANCE LTD.",X,STK,20.61,22.67,20.61,21.4,21.39,20.61,58,13682,300729,
531651,"NATIONAL GENERAL INDUSTRIES LT",X,STK,69.45,69.45,69.45,69.45,69.45,66.15,30,3223,223837,
531652,"UVS HOSPITALITY AND SERVICES L",X,STK,82.89,90,82.38,89.52,89.52,83.75,53,5836,512994,
531658,"ABATE AS INDUSTRIES LIMITED",X,STK,11.99,12.15,11.02,11.72,11.74,11.82,113,43603,508156,
531661,"HITTCO TOOLS LTD.",X,STK,11.5,11.5,11.44,11.44,11.44,11.5,8,1111,12710,
531663,"YUVRAAJ HYGIENE PRODUCTS LTD.",X,STK,7.5,7.5,7.5,7.5,7.5,7.15,33,46453,348397,
531667,"RR METALMAKERS INDIA LIMITED",X,STK,29.99,29.99,28.6,28.85,28.6,29.24,8,1008,29496,
531668,"VISION CORPORATION LTD.",X,STK,2.8,2.8,2.8,2.8,2.8,2.77,16,11634,32575,
531671,"Karnawati Innovation Limited",X,STK,1.58,1.73,1.5,1.72,1.73,1.58,185,123467,207170,
531672,"INANI SECURITIES LTD.",X,STK,24.47,24.47,24.34,24.34,24.34,22.78,4,510,12442,
531673,"ANKA INDIA LTD.",XT,STK,30.56,30.56,30.56,30.56,30.56,29.11,8,782,23897,
531676,"EMROCK CORPORATION LIMITED",XT,STK,256.8,256.8,245,248.5,250,250,38,2303,573184,
531680,"MAYUR LEATHER PRODUCTS LTD.",X,STK,22.6,23.64,21.41,23.37,23.37,22.53,16,211,4929,
531681,"AMERISE BIOSCIENCES LIMITED",X,STK,0.69,0.72,0.69,0.72,0.72,0.69,27,58233,41283,
531685,"FRONTLINE FINANCIAL SERVICES L",X,STK,3.6,3.6,3.6,3.6,3.6,3.43,1,5,18,
531688,"Prithvi Exchange (India) Limit",X,STK,131.8,134.7,127,127.89,127.06,128.76,52,1053,137882,
531692,"KHYATI MULTIMEDIA-ENTERTAINMEN",X,STK,2.45,2.55,2.45,2.55,2.55,2.43,4,629,1582,
531694,"RAINBOW FOUNDATIONS LTD.",XT,STK,48.02,48.99,47.1,47.99,48.48,49.01,32,2161,102790,
531716,"TRICOM FRUIT PRODUCTS LIMITED",XT,STK,1.78,1.78,1.62,1.78,1.78,1.7,18,2931,5057,
531717,"Vidhi Specialty Food Ingredien",B,STK,334,334,314,315.2,315,316.95,59,692,219891,
531719,"BHAGIRADHA CHEMICALS & INDUSTR",B,STK,213.5,220.2,213.5,220.2,220.2,213.25,36,1286,278970,
531723,"GACM Technologies Limited",B,STK,0.49,0.5,0.48,0.48,0.49,0.49,156,297108,144208,
531726,"PANCHSHEEL ORGANICS LTD.",X,STK,115,125,115,123.46,124.4,113.68,179,9723,1186693,
531727,"MENON PISTONS LTD.",X,STK,58.2,59.2,58.05,58.4,58.9,57.67,164,18798,1101435,
531737,"GREENCREST FINANCIAL SERVICES",X,STK,0.52,0.52,0.5,0.52,0.52,0.51,142,254997,132283,
531739,"GENNEX LABORATORIES LTD.",X,STK,10.35,10.39,10.05,10.3,10.33,10.16,555,314555,3215746,
531744,"GINI SILK MILLS LTD.",X,STK,58.09,61,56.56,61,61,58.09,8,116,6619,
531746,"PRAJAY ENGINEERS SYNDICATE LTD",B,STK,22.2,24,22.2,23.39,23.16,22.43,75,6023,141762,
531752,"BIOGEN PHARMACHEM INDUSTRIES L",X,STK,0.52,0.53,0.47,0.48,0.48,0.52,2631,16697348,8303436,
531758,"G.K.CONSULTANTS LTD.",X,STK,13.45,13.45,11.55,11.8,11.65,12.99,20,2372,30229,
531761,"APOLLO PIPES LIMITED",B,STK,462,472.25,453.25,466.15,466.15,456,599,27853,12910432,
531762,"UNJHA FORMULATIONS LTD.",X,STK,21,21,20.01,20.95,20.95,21,3,37,763,
531768,"POLY MEDICURE LTD.",A,STK,1497.25,1502.9,1464,1468.25,1475,1497.15,828,7697,11415319,
531769,"PFL INFOTECH LTD.",XT,STK,4.74,4.74,4.74,4.74,4.74,4.52,8,11588,54927,
531771,"SHRADDHA PRIME PROJECTS LTD",X,STK,168,171.65,166,167.55,167.7,167.15,130,36321,6093176,
531778,"KACHCHH MINERALS LTD.",XT,STK,31,31,30.38,30.38,30.38,31,10,2620,80848,
531779,"PADMANABH ALLOYS & POLYMERS LT",X,STK,15.32,15.32,15.32,15.32,15.32,16.1,9,532,8150,
531780,"KAISER CORPORATION LIMITED",X,STK,5.78,5.78,5.61,5.74,5.77,5.69,154,114555,653569,
531784,"KCL Infra Projects Limited",X,STK,1.38,1.47,1.38,1.41,1.42,1.41,140,135801,191914,
531795,"ATUL AUTO LTD.",B,STK,471.35,471.35,463.15,466.3,468,466.1,596,22579,10550648,
531797,"SCAN PROJECTS LTD.",XT,STK,129,129,125.95,125.95,125.95,122.9,2,51,6426,
531802,"PRERNA INFRABUILD LTD.",X,STK,25.5,25.5,23.58,23.99,23.99,24,41,12289,293916,
531810,"METAL COATINGS (INDIA) LTD.",X,STK,57,57.28,52,53.05,53,54.56,49,4292,229625,
531812,"SGN TELECOMS LTD.",X,STK,0.6,0.6,0.6,0.6,0.6,0.59,29,20765,12459,
531814,"TIRUPATI SARJAN LTD.",X,STK,9.45,9.5,8.6,9.3,9.3,9.16,73,11399,104565,
531821,"MUNOTH FINANCIAL SERVICES LTD.",X,STK,19.87,21.95,19.87,21.95,21.95,20.91,2,2,41,
531822,"RODIUM REALTY LIMITED",X,STK,171.95,190,170,170,170,173.7,21,1412,243481,
531834,"NATURA HUE CHEM LTD.",X,STK,12.58,13.8,11.33,13.8,13.8,12.58,17,971,12201,
531840,"IEC EDUCATION LTD.",XT,STK,26.53,27.49,26.27,27.22,27.3,26.27,35,3249,88076,
531841,"Indus Finance Limited",X,STK,68.56,75,68,69.85,70,70.29,160,8995,634861,
531842,"LAHOTI OVERSEAS LTD.",X,STK,44,44.9,43,44.09,43.85,43.09,58,16062,706975,
531845,"ZENITH STEEL PIPES AND  INDUST",B,STK,6.94,7.18,6.6,7.09,7.13,6.84,123,48001,333831,
531846,"TRINITY LEAGUE INDIA LTD.",X,STK,13.94,13.94,13.87,13.87,13.87,13.4,5,2025,28181,
531847,"ASIAN STAR CO.LTD.",B,STK,623,623,620,620,620,623.9,5,6,3725,
531859,"ORIENTAL RAIL INFRASTRUCTURE L",B,STK,142.9,142.9,139,139.9,139.65,140,598,54803,7689612,
531861,"JOINDRE CAPITAL SERVICES LTD.",X,STK,47.55,48,46.6,47.91,47.5,46.87,49,3012,143238,
531862,"BHARAT AGRI FERT & REALTY LTD.",X,STK,28.8,31.85,28.45,29.31,29.31,27.7,455,120365,3591748,
531867,"UNITECH INTERNATIONAL LTD.",Z,STK,3.23,3.46,3.23,3.41,3.41,3.3,16,3797,12718,
531869,"SACHETA METALS LTD.",X,STK,3.96,4.04,3.95,3.96,3.95,4,205,197068,784622,
531870,"POPULAR ESTATE MANAGEMENT LTD.",X,STK,17.47,17.47,17.47,17.47,17.47,17.47,1,22,384,
531878,"ANJANI FINANCE LTD.",X,STK,10.35,10.35,10,10.32,10.32,10.35,11,383,3925,
531888,"REXNORD ELECTRONICS & CONTROLS",X,STK,70.76,71,69.5,71,71,69.37,41,2530,178487,
531889,"NURTURE WELL INDUSTRIES LIMITE",X,STK,37.4,37.9,36.9,37.02,37.2,37.65,1561,663514,24633220,
531892,"KHANDWALA SECURITIES LTD.",B,STK,15.85,16.35,15.55,16,16.35,14.87,57,2882,46272,
531893,"SAWACA ENTERPRISES LIMITED",XT,STK,0.39,0.4,0.38,0.4,0.4,0.39,423,555989,221410,
531900,"CCL INTERNATIONAL LTD.",X,STK,27,27,26.05,26.98,26.98,27.89,22,622,16460,
531902,"GALLOPS ENTERPRISE LTD.",XT,STK,26.99,26.99,25.59,25.59,25.59,26.93,9,1725,44563,
531909,"CROISSANCE LIMITED",X,STK,2.23,2.23,2.06,2.06,2.06,2.16,302,548134,1151980,
531910,"JOJO LIMITED",X,STK,241.95,241.95,232,234.3,234.3,236.55,46,15362,3620481,
531911,"GALAXY AGRICO EXPORTS LTD.",X,STK,48.22,52.75,48.22,52.75,52.75,50.24,48,29125,1535324,
531913,"GOPAL IRON & STEELS CO.(GUJARA",XT,STK,15,15.55,14.73,15.45,15.53,15.5,56,15993,237221,
531918,"HINDUSTAN APPLIANCES LTD.",X,STK,99.17,99.17,99.17,99.17,99.17,99.17,2,5,495,
531921,"AGARWAL INDUSTRIAL CORPORATION",B,STK,485.25,485.25,460.2,466.25,465.4,464.8,380,7465,3487269,
531923,"DHAMPURE SPECIALITY SUGARS LTD",X,STK,136.95,136.95,127,133.7,135,131.55,74,4534,592680,
531925,"SHANTANU SHEOREY AQUAKULT LTD.",X,STK,1.3,1.3,1.23,1.23,1.23,1.3,9,7799,10072,
531928,"GOLDEN CARPETS LTD.",X,STK,9.7,10,9.7,9.7,9.7,9.96,4,139,1348,
531930,"SARTHAK INDUSTRIES LTD.",X,STK,27.98,27.98,26.02,27.2,27.2,26.68,24,1508,40436,
531931,"SAI CAPITAL LTD.",X,STK,154.95,163.95,150.4,152.95,152.55,151.85,50,1228,188485,
531944,"LEXORAA INDUSTRIES LIMITED",X,STK,17.05,18.5,17.05,18.49,18.49,17.05,15,1688,31211,
531950,"VERTEX SECURITIES LTD.",X,STK,3.11,3.45,3,3.3,3.3,3.24,138,190045,617637,
531952,"RIBA TEXTILES LTD.",X,STK,63.28,63.28,61.8,62.58,62.6,62.47,26,1412,88252,
531959,"NEWTIME INFRASTRUCTURE LIMITED",X,STK,1.99,2.02,1.97,2,2,2.01,262,219445,435105,
531962,"SHREE METALLOYS LTD.",X,STK,42.5,43.5,40.01,42.95,43.5,42.63,84,1143,48666,
531968,"IITL PROJECTS LIMITED",X,STK,41.79,41.79,36.6,39.84,36.6,40.15,7,18,740,
531977,"CHARTERED LOGISTICS LTD.",X,STK,6.98,7.27,6.98,7.14,7.19,7.13,98,167177,1190724,
531978,"AMBIKA COTTON MILLS LTD.",B,STK,1425,1444.95,1414,1437.2,1433.95,1425,33,188,269506,
531979,"HIND ALUMINIUM INDUSTRIES LTD.",X,STK,110.95,111.9,106,106.93,107.11,109.61,366,20837,2245980,
531982,"SPECTRUM FOODS LTD.",X,STK,14.5,14.5,13,13.92,13.95,14.23,125,63446,878514,
531991,"AMRAWORLD AGRICO LTD.",X,STK,0.58,0.59,0.58,0.58,0.58,0.58,59,85696,49804,
531994,"AUTO PINS (INDIA) LTD.",X,STK,177,180,176,177,177,174.7,11,28,4959,
531996,"ODYSSEY CORPORATION LTD.",X,STK,9.45,9.75,8.8,9.04,9.04,9.4,176,83826,781542,
531997,"IKOMA TECHNOLOGIES LIMITED",XT,STK,39,39.27,39,39.27,39.27,37.4,94,15530,607696,
532001,"INDUCTO STEEL LTD.",X,STK,49,52,48,52,52,52,10,708,36798,
532005,"SAM INDUSTRIES LTD.",X,STK,41.5,44,40,43.21,44,43.24,18,179,7447,
532007,"SHREEVATSAA FINANCE & LEASING",X,STK,35.8,35.8,35.49,35.49,35.49,34.2,6,63,2238,
532011,"VASHU BHAGNANI INDUSTRIES LIMI",X,STK,114.8,116.35,107,114.15,115,105.78,504,64418,7414572,
532015,"GRAVITY (INDIA) LTD.",X,STK,11.46,11.9,11.11,11.65,11.82,11.65,164,35419,406127,
532016,"ESPIRE HOSPITALITY LIMITED",X,STK,223.45,223.45,209,210.2,216.85,213.7,117,24551,5173739,
532019,"LCC INFOTECH LTD.",T,STK,4.81,5.1,4.68,5.1,5.1,4.86,16,12620,64101,
532022,"FILATEX FASHIONS LTD.",T,STK,0.25,0.25,0.24,0.25,0.25,0.24,823,12320544,3073847,
532029,"SINDHU TRADE LINKS LIMITED",B,STK,22.86,24,22.86,23.81,24,22.95,219,152738,3619397,
532039,"ZENOTECH LABORATORIES LTD.",XT,STK,48,49.55,48,49.37,49.55,48.03,50,6874,333736,
532041,"HINDUSTAN BIO SCIENCES LTD.",XT,STK,8.67,9.24,8.67,9.24,9.24,8.8,75,13789,127198,
532042,"FRONTLINE CORPORATION LTD.",X,STK,30,30.89,29.45,29.45,29.45,29.45,7,1985,59712,
532051,"SWELECT ENERGY SYSTEMS LIMITED",B,STK,652.75,657.7,639.85,650.5,650.35,639.95,242,3277,2120377,
532053,"WALLFORT FINANCIAL SERVICES LT",X,STK,82,82,75.5,79.89,79.89,78.75,17,365,29139,
532054,"KDDL LTD.",B,STK,2400,2450,2400,2443.4,2430.65,2386.75,41,409,998630,
532056,"Trustedge Capital Limited",XT,STK,166,170,163.25,167.05,168,166,30,2475,409942,
532057,"ABHINAV CAPITAL SERVICES LTD.",X,STK,120,120,112,112,112,112.85,16,84,9453,
532067,"3B BlackBio Dx Limited",B,STK,1251.1,1317.7,1241.05,1309.9,1315,1246.3,725,23536,30549600,
532070,"Sumuka Agro Industries Limited",X,STK,168.5,168.5,160,161.45,162,164.55,230,104946,16935158,
532078,"MONIND LIMITED",XT,STK,30.23,30.23,30.23,30.23,30.23,30.23,3,62,1874,
532090,"Atvo Enterprises Limited",XT,STK,24.24,24.85,24.24,24.29,24.29,23.76,94,57322,1403293,
532092,"EPUJA SPIRITECH LIMITED",XT,STK,1.9,1.96,1.87,1.92,1.93,1.92,73,80821,154678,
532100,"INDO-CITY INFOTECH LTD.",X,STK,11.7,11.84,11.34,11.8,11.8,11.7,12,999,11743,
532102,"SBEC SUGAR LTD.",X,STK,31.47,31.47,29.75,29.89,30.84,30.76,25,1176,35440,
532113,"BRIJLAXMI LEASING & FINANCE LT",X,STK,11.77,12.38,11.77,12.38,12.38,11.82,5,325,3842,
532123,"BSEL ALGO LIMITED",X,STK,5.17,5.23,5.05,5.15,5.15,5.05,368,137657,708075,
532124,"RELIABLE VENTURES INDIA LTD.",X,STK,24.3,24.3,21.92,21.95,21.95,21.8,21,3362,74560,
532131,"TRIUMPH INTERNATIONAL FINANCE",X,STK,21.57,25,20,24.61,24.7,21.56,138,9589,224593,
532134,"BANK OF BARODA",A,STK,279.7,282.25,276.55,280,279.55,279.2,2999,414818,116112785,
532140,"MOHITE INDUSTRIES LIMITED",X,STK,2.7,2.7,2.54,2.63,2.65,2.68,153,65366,171587,
532141,"ANDHRA CEMENTS LTD.",B,STK,58.23,58.29,57.73,57.96,58,57.81,37,1064,61717,
532143,"SKM EGG PRODUCTS EXPORT (INDIA",B,STK,178.7,182,176,178.7,178.85,177.35,205,5630,1004214,
532144,"WELSPUN CORP LIMITED",A,STK,1076.55,1095.7,1069.1,1077.35,1077.35,1077.15,2442,40951,44252268,
532145,"H.S.INDIA LTD.",X,STK,11.49,11.99,11.1,11.95,11.95,11,14,828,9666,
532149,"BANK OF INDIA",A,STK,149.15,149.5,146.6,148.1,148.1,148.9,3201,378558,56043328,
532150,"INDRAPRASTHA MEDICAL CORP.LTD.",B,STK,431,431.2,413,427.05,427.5,424.65,1362,46241,19642138,
532154,"JOHNSON PHARMACARE LIMITED",X,STK,0.58,0.65,0.57,0.62,0.62,0.58,1172,3049381,1851467,
532155,"GAIL (INDIA) LTD.",A,STK,160.3,160.3,157.2,157.8,157.8,158.9,7065,489017,77462495,
532156,"VAIBHAV GLOBAL LTD",B,STK,220.25,227.2,220.25,223.45,223.1,220.1,677,19297,4324148,
532159,"TRESCON LIMITED",X,STK,9.44,9.99,9.35,9.98,9.98,9.35,24,9030,86586,
532160,"GUJARAT STATE FINANCIAL CORPOR",B,STK,11.2,11.48,10.95,11.14,11.1,11.21,123,16745,187256,
532162,"JK PAPER LTD.",A,STK,378,382.9,372.4,375.2,374.45,378.85,576,10427,3939150,
532163,"SAREGAMA INDIA LTD.",A,STK,343,350.85,342.6,344.55,344.7,343.6,1107,534617,183955676,
532167,"OMKAR PHARMACHEM LTD.",X,STK,29.5,29.5,29.5,29.5,29.5,29.5,1,40,1180,
532172,"Adroit Infotech Limited",B,STK,10,10.75,9.7,9.79,9.7,9.9,120,16862,169332,
532173,"CYBERTECH SYSTEMS AND SOFTWARE",B,STK,130.9,134,129.17,131,131.1,128.81,225,8500,1110519,
532174,"ICICI BANK LTD.",A,STK,1346.85,1353,1334.55,1347.5,1347.5,1345.45,6257,157520,211411855,
532175,"CYIENT LIMITED",A,STK,963.7,989.85,958.05,961.6,961.3,967.7,2263,29029,28131437,
532178,"ENGINEERS INDIA LTD.",A,STK,229.15,247.5,229.15,241.55,241.55,228.5,20652,1709433,412470894,
532180,"DHANLAXMI BANK LIMITED",B,STK,26.67,27.65,26.53,26.92,26.78,26.67,444,76990,2082147,
532181,"GUJARAT MINERAL DEVELOPMENT CO",A,STK,750,771.5,714.5,733.4,733.4,747,68177,2605692,1927620003,
532183,"GAYATRI SUGARS LTD.",X,STK,9.85,9.85,9.35,9.63,9.6,9.56,182,34370,329130,
532187,"INDUSIND BANK LTD.",A,STK,847.4,857.2,838.45,853.15,853.15,848.55,3753,50443,42833625,
532189,"INDIA TOURISM DEVELOPMENT CORP",B,STK,632.2,645,614.6,617,617,639.45,1108,31922,20052528,
532209,"JAMMU & KASHMIR BANK LTD.",A,STK,132.8,133.2,130.75,131.2,131.2,132.4,3049,413745,54590566,
532210,"CITY UNION BANK LTD.",A,STK,248.8,260.15,248.5,258,259.5,249.7,963,52188,13274267,
532212,"ARCHIES LTD.",B,STK,14.99,15.19,14.48,14.96,15.19,14.99,50,2318,34726,
532215,"AXIS BANK LTD.",A,STK,1355,1363.4,1344,1359.15,1359.15,1349.9,5492,120070,162432212,
532216,"HB STOCKHOLDINGS LTD.",B,STK,60.26,62.97,58.4,62.97,62.97,57.25,18,593,37184,
532217,"CMX HOLDINGS LIMITED",X,STK,36.49,36.78,34.5,36.65,36.7,35.03,81,22016,799171,
532218,"SOUTH INDIAN BANK LTD.",A,STK,38.82,39.03,38.6,38.95,38.95,38.78,4851,1218760,47260811,
532219,"ENERGY DEVELOPMENT COMPANY LTD",B,STK,17.5,18.37,17.2,17.51,17.61,17.48,84,4371,76670,
532221,"SONATA SOFTWARE LTD.",A,STK,278.45,282.35,272.7,280.5,280.5,279.3,2631,80507,22276574,
532230,"BENGAL TEA & FABRICS LTD.",X,STK,146.35,146.35,146.35,146.35,146.35,154,2,25,3658,
532234,"NATIONAL ALUMINIUM CO.LTD.",A,STK,432.95,439.95,422.75,438.7,438.7,432.75,11684,686688,297685656,
532240,"INDIA NIPPON ELECTRICALS LTD.",B,STK,779.6,794.35,779.55,788.05,789.75,782.7,72,843,662373,
532256,"NALWA SONS INVESTMENTS LTD.",B,STK,5893.85,5915.95,5797.3,5832.4,5883.85,5824,66,168,982869,
532259,"APAR INDUSTRIES LTD.",A,STK,11388.75,11775.65,11260.85,11474.15,11454,11268.55,4224,21947,254566943,
532262,"TCI INDUSTRIES LTD.",X,STK,1450,1450,1444,1444,1444,1385,2,6,8694,
532268,"ACCELYA SOLUTIONS INDIA LIMITE",B,STK,1177.9,1207.95,1168.65,1200.95,1207,1167.6,208,2397,2856897,
532271,"ORCHASP LIMITED",B,STK,2.12,2.18,2.11,2.12,2.11,2.16,77,59859,127401,
532275,"LANDMARC LEISURE CORPORATION L",X,STK,2.3,2.38,2.22,2.24,2.27,2.32,144,99714,228240,
532281,"HCL TECHNOLOGIES LTD.",A,STK,1450.05,1457.3,1430,1442.5,1442.5,1450.7,5205,289513,415339724,
532284,"TCFC FINANCE LTD.",X,STK,29.4,30.78,27.9,30.49,30.49,29.52,17,1863,55157,
532285,"Geojit Financial Services Limi",B,STK,68.48,68.48,65.6,67.71,66.71,64.85,852,35888,2392133,
532286,"JINDAL STEEL LIMITED",A,STK,1225,1284.35,1208.25,1269.5,1269.5,1223.85,5410,122106,153686247,
532290,"BLB LTD.",T,STK,17.25,17.94,16.9,17.35,17.3,17.25,48,32174,558874,
532296,"GLENMARK PHARMACEUTICALS LTD.",A,STK,2249.9,2274.95,2241.8,2247.9,2245.25,2249.55,2353,17508,39457429,
532300,"WOCKHARDT LTD.",A,STK,1358.05,1410,1358.05,1396.8,1396.8,1359.1,2197,36799,51049073,
532303,"INTEGRATED HITECH LTD.",XT,STK,3.98,4.1,3.98,4.03,4.04,4.18,32,9782,39593,
532304,"KJMC CORPORATE ADVISORS (INDIA",X,STK,59.69,63.75,56.5,57,57,59.98,7,146,8392,
532305,"IND-SWIFT LABORATORIES LTD.",B,STK,139,143.25,127.3,132,132,145.3,3629,574097,77268464,
532309,"GE Power India Ltd",T,STK,504.9,508,491.15,498.4,498.4,505.65,371,8256,4119977,
532310,"SHREE RAMA MULTI-TECH LTD.",B,STK,49,50.34,47.8,48.29,48.85,49.04,280,27076,1321713,
532313,"MAHINDRA LIFESPACE DEVELOPERS",A,STK,335,335,322.9,327.3,328.35,328.05,598,21820,7123528,
532315,"GROARC INDUSTRIES INDIA LIMITE",X,STK,7.2,7.2,6.06,7,7,6.64,49,21395,145245,
532320,"VAARAD VENTURES LTD",X,STK,9.46,10.07,8.77,9.97,9.97,9.46,29,2355,22052,
532321,"Zydus Lifesciences Limited",A,STK,935.15,948,935.1,942.55,942.55,939.2,1878,29854,28152590,
532323,"SHIVA CEMENT LTD.",X,STK,19.47,19.84,19.03,19.78,19.8,19.27,323,96587,1886101,
532324,"CINEVISTA LTD.",B,STK,15.27,16,15.27,16,16,15.25,5,870,13433,
532326,"INTENSE TECHNOLOGIES LTD.",B,STK,107.8,111.66,107.8,109.98,110.3,109.99,262,5772,630187,
532329,"DANLAW TECHNOLOGIES INDIA LTD.",X,STK,748,779,740,770.5,770.5,755.3,159,1764,1346140,
532331,"AJANTA PHARMA LTD.",A,STK,2825.05,2863.85,2785,2790.15,2790.15,2828.1,798,4483,12675117,
532333,"HB PORTFOLIO LTD.",X,STK,58.5,59.85,57.5,59.26,59.26,58.5,31,792,46881,
532334,"HB ESTATE DEVELOPERS LTD.",X,STK,73.8,75,68,73.77,73.77,70.35,16,447,32170,
532335,"AMBICA AGARBATHIES & AROMA IND",B,STK,24,24.74,23.1,24.19,24.7,24,15,1408,33590,
532339,"COMPUCOM SOFTWARE LTD.",B,STK,14.05,14.9,14.05,14.22,14.15,14.21,88,13116,192559,
532340,"OMNI AXS SOFTWARE LTD.",XT,STK,3.61,3.79,3.45,3.69,3.7,3.61,21,7549,27042,
532341,"IZMO Limited",T,STK,703,752.95,703,748.85,745,717.1,377,19458,14563375,
532343,"TVS MOTOR COMPANY LTD.",A,STK,3786,3786,3724,3743.6,3749.95,3750.6,2131,18451,69214528,
532344,"MADALA HOLDINGS LIMITED",X,STK,196,199,196,199,199,194,3,257,50738,
532348,"SUBEX LTD.",B,STK,9.58,9.85,9.53,9.73,9.77,9.57,692,382091,3698826,
532349,"TRANSPORT CORPORATION OF INDIA",B,STK,989.5,1010,989.5,1004.1,1005,988.55,145,804,808597,
532350,"PADMALAYA TELEFILMS LTD.",Z,STK,5.28,5.28,4.78,4.9,5.01,5.03,27,1241,5982,
532351,"AKSH OPTIFIBRE LTD.",T,STK,5.38,5.67,5.32,5.67,5.67,5.4,143,80883,448872,
532354,"Virgo Global Limited",XT,STK,5.56,5.56,5.45,5.56,5.56,5.3,32,1965,10921,
532355,"PICTUREHOUSE MEDIA LTD.",XT,STK,7.92,8.41,7.61,8.37,8.41,8.01,10,385,3217,
532356,"TRIVENI ENGINEERING & INDUSTRI",A,STK,387.05,399.95,387.05,393,390.5,389.05,588,17127,6777365,
532357,"MUKTA ARTS LTD.",B,STK,50,50,44,47.8,47.8,47.8,8,128,6033,
532359,"HIT KIT GLOBAL SOLUTIONS LTD.",XT,STK,2.92,2.92,2.92,2.92,2.92,3.07,116,132237,386132,
532362,"NAGPUR POWER & INDUSTRIES LTD.",X,STK,169.05,171.5,168,170.45,171.5,171.5,51,4347,734989,
532365,"DYNACONS SYSTEMS & SOLUTIONS L",B,STK,1061.25,1061.25,1034.95,1057.9,1057.9,1049.65,205,1772,1863384,
532366,"PNB GILTS LTD.",B,STK,75.15,77.4,74.6,75.15,75.42,76.13,485,35195,2675053,
532368,"BRIGHTCOM GROUP LIMITED",T,STK,9.92,9.98,9.37,9.67,9.67,9.86,764,555390,5444609,
532369,"RAMCO INDUSTRIES LTD.",B,STK,272.2,281.95,272.2,278.75,279.8,273.7,335,8830,2460286,
532370,"RAMCO SYSTEMS LTD.",B,STK,435.7,446.6,435.7,439.7,439.6,437.85,175,1965,865715,
532371,"TATA TELESERVICES (MAHARASHTRA",A,STK,43.94,48.25,43.94,45.65,45.65,43.84,6813,1702773,78786658,
532372,"Virinchi Limited",T,STK,19.25,19.29,18.75,18.8,18.8,19.05,20,5568,105949,
532373,"WEP SOLUTIONS LTD.",XT,STK,22.55,23.22,21.1,23.22,23.2,22.12,121,22389,505663,
532374,"STERLITE TECHNOLOGIES LTD.",A,STK,260.35,268.4,256.05,262.45,262.45,255.65,5197,282886,74683187,
532375,"TIPS MUSIC LIMITED",A,STK,593.8,593.8,560.1,585.75,586.75,574.4,562,10716,6151474,
532376,"UMIYA BUILDCON LIMITED",B,STK,88,88,85.57,86.8,87.15,88,194,4502,390334,
532378,"UNIVERSAL ARTS LTD.",X,STK,5.5,5.5,5.5,5.5,5.5,5.5,5,755,4152,
532379,"FIRST FINTEC LIMITED",XT,STK,7.54,7.9,7.54,7.9,7.9,7.58,12,1775,13395,
532380,"BABA ARTS LTD.",XT,STK,13.81,13.81,13.81,13.81,13.81,14.53,72,61718,852325,
532382,"BALAJI TELEFILMS LTD.",B,STK,95.5,96.4,92.69,94.39,93.79,95.26,401,16544,1565865,
532384,"TYCHE INDUSTRIES LTD.",X,STK,127.01,134.49,124.39,129,128,127.91,97,14476,1848790,
532386,"CALIFORNIA SOFTWARE CO.LTD.",B,STK,12,12.35,11.7,12.3,12.25,12.01,115,6102,74294,
532387,"PRITISH NANDY COMMUNICATIONS L",T,STK,22.4,22.4,21.49,22.33,22.33,22.49,16,957,21219,
532388,"INDIAN OVERSEAS BANK",A,STK,34.85,35.2,34.85,34.97,34.97,34.94,1748,408256,14297852,
532390,"TAJGVK HOTELS & RESORTS LTD.",B,STK,328.75,334.5,328.75,333.2,333.2,330.35,218,3114,1033769,
532392,"CREATIVE EYE LTD.",B,STK,7.02,7.5,6.88,7.44,7.44,7.16,46,8765,63295,
532395,"AXISCADES TECHNOLOGIES LIMITED",B,STK,1824,1886.25,1802.1,1882.85,1885,1796.45,1421,25588,47866475,
532397,"KONNDOR INDUSTRIES LIMITED",X,STK,11.8,11.8,11.8,11.8,11.8,12.39,7,320,3776,
532398,"USHA MARTIN EDUCATION & SOLUTI",T,STK,6.13,6.54,6.13,6.41,6.41,6.37,9,1135,7230,
532400,"BIRLASOFT LIMITED",A,STK,389.15,395.6,385.65,390.6,391.7,388.1,1064,26975,10544320,
532402,"USG TECH SOLUTIONS LTD.",X,STK,8.2,8.6,7.62,8.44,8.5,7.84,85,14853,122946,
532404,"SAVEN TECHNOLOGIES LTD.",X,STK,37.98,38.23,37,37.01,37.01,37.54,137,5948,223792,
532406,"AVANTEL LTD.",A,STK,155.65,162.3,155,160.15,160.15,154.95,2470,246886,39069290,
532407,"MOSCHIP TECHNOLOGIES LIMITED",A,STK,194.75,200,194.7,197.9,197.85,192.3,4626,284755,56319292,
532408,"SIGMA ADVANCED SYSTEMS LIMITED",B,STK,198,200.05,192.25,195.9,195.9,190.55,2036,245431,48775762,
532410,"TRANSCORP INTERNATIONAL LTD.",X,STK,27.2,28.89,27.01,28.03,28.25,27.51,49,3639,101703,
532413,"CEREBRA INTEGRATED TECHNOLOGIE",Z,STK,5.05,5.15,5,5.15,5.15,5,14,1583,8032,
532416,"NEXT MEDIAWORKS LTD.",B,STK,4.55,4.56,4.28,4.28,4.28,4.55,12,711,3194,
532419,"Smartlink Holdings Limited",B,STK,143.5,144.8,123.25,141.45,142.5,123.45,74,3079,435699,
532424,"GODREJ CONSUMER PRODUCTS LTD.",A,STK,1089.95,1114.9,1069.7,1108.2,1100.55,1081.1,7045,68513,75585009,
532425,"GENUS PRIME INFRA LIMITED",XT,STK,24.5,25.14,23.05,24.98,25,24.25,61,12982,317248,
532430,"BF UTILITIES LTD.",Z,STK,501,520.95,501,520.2,520.95,496.15,152,4924,2522270,
532432,"UNITED SPIRITS LTD.",A,STK,1258,1306.85,1254.7,1303,1303,1254.65,7225,168516,217479502,
532435,"SANMIT INFRA LIMITED",XT,STK,8.2,8.2,7.75,7.93,7.95,8.04,282,58743,469710,
532439,"OLECTRA GREENTECH LIMITED",A,STK,1228.5,1238.7,1214,1226.25,1225,1213.25,1529,29684,36380557,
532440,"MPS LTD.",B,STK,1839,1851.95,1806.85,1812.85,1807.9,1833.35,175,927,1701035,
532443,"CERA SANITARYWARE LTD.",A,STK,5354.8,5354.8,5281.65,5332.2,5340,5263,188,934,4960009,
532454,"BHARTI AIRTEL LTD.",A,STK,1840.35,1851.55,1830.2,1846.55,1846.55,1840.35,4920,120423,222029585,
532455,"SHALIMAR WIRES INDUSTRIES LTD.",X,STK,18.13,19,17.54,18.97,18.97,18.14,55,5375,100088,
532456,"COMPUAGE INFOCOM LTD.",Z,STK,1.21,1.27,1.21,1.24,1.23,1.21,10,6860,8611,
532457,"GULSHAN POLYOLS LTD.",B,STK,174.5,182.45,174.5,181.45,181.45,170.45,1172,45886,8184873,
532460,"PONNI SUGARS (ERODE) LTD.",B,STK,287.9,294.2,287.9,292.1,290,283.2,59,601,175101,
532461,"PUNJAB NATIONAL BANK",A,STK,114.95,114.95,112.85,114.5,114.5,113.5,3172,589559,67334200,
532466,"ORACLE FINANCIAL SERVICES SOFT",A,STK,7777.15,8019.1,7732.1,7996.05,7996.05,7786.9,2873,14369,114034680,
532467,"HAZOOR MULTI PROJECTS LTD.",B,STK,30.94,31.39,30.11,30.53,30.53,30.95,756,572008,17647918,
532468,"KAMA HOLDINGS LIMITED",A,STK,2483.65,2534.7,2461.05,2516.75,2525,2508.75,428,7999,19928418,
532475,"APTECH LTD.",B,STK,93.98,94.48,91.5,92.33,91.99,92.75,520,16606,1533006,
532477,"UNION BANK OF INDIA",A,STK,189.5,189.5,186.45,188.9,188.9,188.45,2647,359041,67385131,
532478,"UNITED BREWERIES LTD.",A,STK,1477.6,1515.15,1457.05,1494.1,1494.1,1459.15,778,12176,18129454,
532481,"NOIDA TOLL BRIDGE COMPANY LTD.",B,STK,3.65,3.75,3.56,3.67,3.67,3.74,97,17386,63933,
532482,"GRANULES INDIA LTD.",A,STK,650,660,646.8,654.4,658.8,650.8,1240,31131,20383379,
532483,"CANARA BANK",A,STK,140.9,142.8,139.85,142.35,142.35,141.05,7286,1336499,189368533,
532485,"BALMER LAWRIE INVESTMENTS LTD.",B,STK,72.99,73.3,72,73.19,73.19,72.48,2206,118382,8614540,
532486,"POKARNA LTD.",B,STK,930,990.15,920.15,928.6,934.05,924.05,905,10321,9776476,
532488,"DIVIS LABORATORIES LTD.",A,STK,6301.2,6324.65,6214,6228.95,6230.6,6297.5,1672,8990,56328631,
532493,"ASTRA MICROWAVE PRODUCTS LTD.",A,STK,1089.1,1098.1,1072,1092.1,1093.15,1074.6,1173,36738,39938739,
532497,"RADICO KHAITAN LTD.",A,STK,3055.55,3225.05,3018.5,3188.25,3192.7,3035.7,4479,33398,105683547,
532500,"MARUTI SUZUKI INDIA LTD.",A,STK,13399.95,13645.4,13260,13452.25,13470,13333.95,6743,66877,902331534,
532503,"RAJAPALAYAM MILLS LTD.",X,STK,787.9,810,787.9,804.5,805,788,42,1172,940974,
532504,"NAVIN FLUORINE INTERNATIONAL L",A,STK,6328.95,6335,6266,6285.65,6285.65,6253.25,464,2875,18112716,
532505,"UCO BANK",A,STK,26.76,26.9,26.55,26.76,26.76,26.55,1582,414803,11091796,
532507,"B.A.G.FILMS & MEDIA LTD.",B,STK,6.2,6.2,5.32,5.54,5.54,5.26,92,12689,70431,
532508,"JINDAL STAINLESS LTD.",A,STK,794.05,794.05,780,787.9,780,789.45,1701,24630,19402700,
532509,"SUPRAJIT ENGINEERING LTD.",B,STK,408.65,427.4,408.65,425,424.6,410.55,903,9450,3978998,
532513,"TVS ELECTRONICS LTD.",B,STK,453,502,449.6,475,475,440.85,2695,71447,34136854,
532514,"INDRAPRASTHA GAS LTD.",A,STK,166.55,171.35,166.55,169.25,169.25,166.1,4855,262568,44430313,
532515,"TV TODAY NETWORK LTD.",B,STK,119.67,119.67,114,114.27,115.5,114.67,151,6491,742531,
532522,"PETRONET LNG LTD.",A,STK,273.45,275.1,270.2,273.05,273,271.55,3054,132949,36292345,
532523,"BIOCON LTD.",A,STK,354.25,358.65,349.55,358.2,358,350.55,2071,71832,25501829,
532524,"PTC INDIA LTD.",A,STK,186.25,187.8,182.1,184.8,184.8,182.8,3261,129963,24051129,
532525,"BANK OF MAHARASHTRA",A,STK,71.45,72.97,71.24,72.72,72.72,71.24,6963,723770,52500036,
532527,"RAMKRISHNA FORGINGS LTD.",A,STK,541.7,545,532.75,535.3,535,533.75,873,16675,8936124,
532528,"DATAMATICS GLOBAL SERVICES LTD",B,STK,734.1,768,734.1,747.7,747.95,734.05,622,11464,8635445,
532529,"NEW DELHI TELEVISION LTD.",B,STK,83.17,84.89,81.47,81.84,81.91,81.05,295,25547,2110785,
532531,"STRIDES PHARMA SCIENCE LIMITED",A,STK,993.9,1012,993.9,1000.7,1002.85,993.9,335,5141,5169152,
532538,"ULTRATECH CEMENT LTD.",A,STK,11750.6,11930,11742.75,11887.3,11887.3,11828.2,2246,5684,67466192,
532539,"UNO Minda Limited",A,STK,1116.55,1116.55,1084,1097.3,1097.3,1109.6,4909,50530,55317234,
532540,"TATA CONSULTANCY SERVICES LTD.",A,STK,2576.85,2589,2556.1,2581.65,2581.65,2577.1,11628,154121,397224740,
532541,"COFORGE LIMITED",A,STK,1320.2,1328.7,1292.9,1316.7,1316.7,1312.65,5638,91559,120321168,
532543,"GP PETROLEUMS LTD",B,STK,33.99,34,33.4,33.85,33.59,33.38,54,7252,243822,
532548,"CENTURY PLYBOARDS (I) LTD.",A,STK,755.95,764,745,761.4,756,751.55,630,2291,1735722,
532553,"WELSPUN ENTERPRISES LIMTED",A,STK,471.1,485.05,466,483.65,483,465.95,280,9298,4448641,
532555,"NTPC LTD.",A,STK,392.25,396.25,388.5,393.65,393.65,390.8,13786,615388,241386546,
532604,"S.A.L.STEEL LTD.",B,STK,56.8,57.43,55.4,56.64,56.64,56.64,451,23946,1358648,
532605,"JBM AUTO LTD.",A,STK,628.15,631.75,622.7,623.95,626,623.95,845,49411,30907207,
532610,"DWARIKESH SUGAR INDUSTRIES LTD",B,STK,47.25,48.59,47.2,47.42,47.42,47.49,291,43316,2076607,
532612,"INDOCO REMEDIES LTD.",B,STK,213,221.95,213,219.85,219.85,217.25,153,2332,512756,
532613,"VIP Clothing Limited",B,STK,22.8,23.49,21.9,23.06,23.08,21.91,156,28855,648642,
532614,"IMPEX FERRO TECH LTD.",Z,STK,1.76,1.76,1.65,1.75,1.75,1.68,18,1022,1703,
532616,"XCHANGING SOLUTIONS LTD.",B,STK,66.9,66.9,64.45,65.57,65.8,65.67,374,20360,1325473,
532624,"JINDAL PHOTO LTD.",B,STK,1164,1182.55,1153,1170.55,1170.55,1143.65,28,116,135056,
532626,"PONDY OXIDES & CHEMICALS LTD.",B,STK,1260,1267.4,1229.85,1236.75,1238,1250.9,758,7983,9911719,
532627,"JAIPRAKASH POWER VENTURES LIMI",A,STK,19.9,20.33,19.1,19.19,19.19,19.65,17854,15646675,308104541,
532628,"3I INFOTECH LTD.",B,STK,17.75,17.75,17.09,17.4,17.5,17.31,374,83867,1451260,
532630,"GOKALDAS EXPORTS LTD.",A,STK,705.55,733.3,698.75,726.95,726.95,704.3,1107,32176,23113221,
532633,"Alldigi Tech Limited",B,STK,854.8,862.35,842.1,854.9,860.95,843.6,116,1240,1052306,
532636,"IIFL FINANCE LIMITED",A,STK,478.95,478.95,464.1,473.15,474.45,465.95,2105,70339,33256702,
532637,"MANGALAM DRUGS & ORGANICS LTD.",T,STK,29.15,29.75,29.15,29.75,29.75,29.73,17,4906,143945,
532638,"SHOPPERS STOP LTD.",B,STK,295,303.35,293,299.4,299,293,98,52431,15725613,
532640,"CYBER MEDIA (INDIA) LTD.",B,STK,15.61,15.61,15.21,15.55,15.21,15.59,10,1006,15647,
532641,"NANDAN DENIM LIMITED",B,STK,2.62,2.7,2.62,2.69,2.69,2.64,334,147475,394246,
532642,"JSW HOLDINGS LIMITED",A,STK,13499.55,13499.55,13200,13327.35,13327.35,13219.15,424,919,12220625,
532644,"J.K.CEMENT LTD.",A,STK,5496.95,5561.5,5475.05,5527.25,5538.2,5504.8,454,1821,10062780,
532645,"BEEYU OVERSEAS LTD.",XT,STK,2.72,2.9,2.72,2.78,2.78,2.84,21,5441,15044,
532648,"YES BANK LTD.",A,STK,20.13,20.42,19.83,20.2,20.2,19.95,39988,10328439,206927336,
532649,"NECTAR LIFESCIENCES LTD.",B,STK,12.41,13,12.41,12.66,12.66,12.41,437,42792,544064,
532650,"MSP STEEL & POWER LTD.",B,STK,36.97,36.97,35.3,35.58,35.58,35.85,221,28962,1038331,
532651,"SPL INDUSTRIES LTD.",B,STK,30.63,33,30.63,31.38,31.99,31.61,32,1367,44232,
532652,"KARNATAKA BANK LTD.",A,STK,247,248.25,242.75,246.6,246.6,246.45,2296,124051,30415917,
532654,"MCLEOD RUSSEL INDIA LTD.",T,STK,52.84,52.84,52.84,52.84,52.84,50.33,130,88435,4672905,
532656,"FACOR ALLOYS LTD.",X,STK,2.95,3.15,2.81,3.15,3.15,2.87,401,629605,1910140,
532660,"VIVIMED LABS LTD.",T,STK,7.42,7.79,7.1,7.79,7.79,7.42,87,34044,259079,
532661,"RANE (MADRAS) LTD.",B,STK,762.6,782,761.35,767.6,766,766.45,60,718,549906,
532662,"HT MEDIA LTD.",B,STK,23.2,23.96,23.2,23.96,23.96,23.1,28,5021,118646,
532663,"Sasken Technologies Limited",B,STK,1324,1355.95,1303.85,1346.8,1354,1310.4,110,727,969646,
532666,"FCS SOFTWARE SOLUTIONS LTD.",T,STK,1.7,1.8,1.7,1.79,1.79,1.76,317,304987,540266,
532667,"SUZLON ENERGY LTD.",A,STK,50.54,53.7,50.54,52.94,52.94,50.26,59669,22523092,1176890718,
532668,"AURIONPRO SOLUTIONS LTD.",A,STK,947.65,947.65,914.3,923.35,920.45,923.55,669,4852,4473042,
532670,"SHREE RENUKA SUGARS LTD.",A,STK,27.99,28.76,27.9,28.14,28.14,27.92,1778,514385,14602658,
532673,"K.M.SUGAR MILLS LTD.",B,STK,24.6,28.25,24.6,27.85,27.9,27.35,108,3289,91320,
532674,"BANNARI AMMAN SPINNING MILLS L",B,STK,22,24,21.5,23.84,23.42,22.4,148,16201,374007,
532676,"PBA INFRASTRUCTURE LTD.",X,STK,9.5,9.65,9,9.1,9.1,9.42,29,6233,56757,
532683,"AIA ENGINEERING LTD.",A,STK,3925.1,4011,3885,3958.2,3958.25,3924.15,215,660,2622595,
532684,"EVEREST KANTO CYLINDER LTD.",B,STK,118.33,121,117.97,119.4,119.4,117.97,291,14552,1736690,
532686,"KERNEX MICROSYSTEMS (INDIA) LT",B,STK,1138.05,1190,1138.05,1171.9,1171.9,1148.1,559,9548,11166419,
532687,"REPRO INDIA LTD.",B,STK,361.95,368.95,355.6,359.15,355.6,361.45,208,6772,2425153,
532689,"PVR INOX LIMITED",A,STK,950.55,960,935.5,938.05,938.05,950.8,864,10346,9776088,
532694,"BARTRONICS INDIA LTD.",B,STK,9,9.58,8.78,8.86,8.89,8.85,2674,2469453,22769492,
532695,"CELEBRITY FASHIONS LTD.",B,STK,7.95,8.4,7.83,8.2,8.21,7.8,38,12333,99331,
532698,"NITIN SPINNERS LTD.",B,STK,415,424.4,399.7,419.7,422,409.95,577,9467,3900502,
532699,"ROYAL ORCHID HOTELS LTD.",B,STK,361.75,365.6,360,360.25,360.1,359.1,37,334,120930,
532700,"ENTERTAINMENT NETWORK (INDIA)",B,STK,117,117.65,114.56,115.2,115.28,117.07,152,2318,266910,
532701,"CELLA SPACE LIMITED",Z,STK,14.99,15.49,14.15,15.4,15.4,14.89,24,3215,48179,
532702,"GUJARAT STATE PETRONET LTD.",A,STK,255.3,289.15,255.3,272.35,272.35,252.75,19583,1155513,320903959,
532705,"JAGRAN PRAKASHAN LTD.",B,STK,68.2,68.2,66.76,67,67.25,67.33,341,25500,1713800,
532707,"DYNEMIC PRODUCTS LTD.",B,STK,270,270,247.95,248,248,250,83,354,88719,
532708,"GVK POWER & INFRASTRUCTURE LTD",T,STK,2.81,2.86,2.81,2.86,2.86,2.81,265,225789,643423,
532710,"SADBHAV ENGINEERING LTD.",T,STK,10.3,10.3,10.3,10.3,10.3,10.1,16,397,4089,
532712,"RELIANCE COMMUNICATIONS LTD.",T,STK,1.05,1.08,1.04,1.05,1.06,1.04,417,956465,1011918,
532713,"SAKUMA EXPORTS LTD.",T,STK,1.99,2.07,1.95,2.01,2.04,2.01,213,165869,335435,
532714,"KEC INTERNATIONAL LTD.",A,STK,567.85,593.4,567.85,580.1,580.1,569.25,2880,113051,65815114,
532716,"GILLANDERS ARBUTHNOT & CO.LTD.",B,STK,93.31,94.57,92,94.29,93.66,93,15,632,58909,
532717,"INDO TECH TRANSFORMERS LTD.",B,STK,1690,1888.75,1689.5,1855.45,1855.45,1681.85,1007,7772,13915858,
532719,"B.L.KASHYAP AND SONS LTD.",B,STK,50.29,55.5,50.29,54.6,54.58,50.44,731,94202,5006232,
532720,"MAHINDRA & MAHINDRA FINANCIAL",A,STK,299.95,301.45,297.2,299.75,300.2,297.3,5303,114183,34172521,
532721,"VISA STEEL LTD.",B,STK,34.01,35.52,34.01,35.52,35.52,33.83,17,3749,132550,
532722,"NITCO LTD.",B,STK,90.55,91.45,88.75,90.81,90.52,90.12,214,20252,1832846,
532723,"MPDL LIMITED",X,STK,36.9,36.9,35.7,35.95,35.7,36.9,11,675,24453,
532725,"SOLAR INDUSTRIES INDIA LTD.",A,STK,15058.5,15165,14949.6,15086.85,15067,14987,2048,6580,99036251,
532726,"GALLANTT ISPAT LIMITED",B,STK,890.55,925,841.3,850.25,850.25,934.75,31962,1799930,1606065147,
532728,"MALU PAPER MILLS LTD.",B,STK,33.99,33.99,33.41,33.88,33.88,33.79,44,636,21563,
532729,"UTTAM SUGAR MILLS LTD.",B,STK,246.6,250.5,245.5,246.2,246.2,246.6,121,4880,1207161,
532730,"STL GLOBAL LTD.",B,STK,11.75,11.82,11.72,11.82,11.82,12,3,93,1091,
532732,"KEWAL KIRAN CLOTHING LTD.",B,STK,475.25,485.85,471.5,479.65,480.75,480.05,154,812,388436,
532733,"SUN TV NETWORK LTD.",A,STK,632.05,645.5,625.3,641.25,640.35,632.5,1255,20959,13411324,
532734,"GODAWARI POWER & ISPAT LTD.",A,STK,300.5,306.9,296.25,305.6,305.6,300.5,2927,536604,162981187,
532735,"R SYSTEMS INTERNATIONAL LTD.",B,STK,281.95,282,276.75,277.6,277.45,278.4,611,16811,4686707,
532737,"EMKAY GLOBAL FINANCIAL SERVICE",B,STK,233.55,255.5,232.95,242.7,239.75,231,259,2606,635732,
532738,"TwamevConstruction and Infrast",B,STK,21.27,21.85,21.2,21.62,21.62,21,173,59592,1284629,
532740,"LOKESH MACHINES LTD.",B,STK,267.7,282.85,267.15,276.65,276.65,262.45,413,7765,2132697,
532741,"Kamdhenu Limited",B,STK,23,23.17,22.66,22.97,22.95,22.64,158,33784,774716,
532742,"PAUSHAK LTD.",B,STK,517.15,519.05,503.85,508.75,508.75,513,135,1567,797552,
532748,"PRIME FOCUS LTD.",B,STK,352.2,367.25,342.5,344.5,347,347.15,3100,184459,65979120,
532749,"ALLCARGO LOGISTICS LTD.",B,STK,9.72,9.86,9.42,9.58,9.64,9.65,1371,890523,8560872,
532754,"GMR Airports Limited",A,STK,96.76,97.95,95.84,96.87,96.87,96.76,4090,380311,36936696,
532755,"TECH MAHINDRA LTD.",A,STK,1499.35,1522.15,1476,1511.85,1511.85,1490.9,2518,32085,48262727,
532756,"CIE Automotive India Limited",A,STK,488.85,501.1,482,490.15,489.15,482.4,1121,22555,11062798,
532757,"VOLTAMP TRANSFORMERS LTD.",A,STK,9997.55,10212.95,9950,10139.25,10120,9817.45,907,2930,29708753,
532759,"ATLANTAA LIMITED",B,STK,41.9,43.99,41.9,42.52,42.52,42.75,177,14421,619847,
532761,"HANDSON GLOBAL MANAGEMENT (HGM",B,STK,56.85,58.4,54.51,55.03,54.52,55.88,293,4474,246864,
532762,"ACTION CONSTRUCTION EQUIPMENT",A,STK,924.35,924.35,913.5,916.35,915.1,914.3,681,16882,15493838,
532764,"GEECEE VENTURES LIMITED",B,STK,304.7,306.85,300.25,304.6,304.65,296,14,188,56981,
532767,"GAYATRI PROJECTS LTD.",T,STK,19.69,19.69,17.83,19.69,19.69,18.76,283,330569,6363396,
532768,"FIEM INDUSTRIES LTD.",B,STK,2261.65,2262.9,2239,2258.8,2258.85,2231.25,132,929,2093417,
532771,"JHS SVENDGAARD LABORATORIES LT",T,STK,9.6,9.6,9.16,9.5,9.5,9.36,17,5979,56303,
532772,"DCB BANK LIMITED",A,STK,184.25,191.3,184.25,190.05,190.05,188.6,1048,62705,11870804,
532773,"GLOBAL VECTRA HELICORP LTD.",B,STK,214,214,197.95,203.85,205,198.15,350,10096,2074305,
532774,"Inspirisys Solutions Limited",T,STK,85,85.7,82.52,83.99,83.99,83.73,14,729,61058,
532775,"GTL INFRASTRUCTURE LTD.",B,STK,1.24,1.3,1.24,1.26,1.26,1.24,8953,9255729,11757535,
532776,"SHIVAM AUTOTECH LTD.",B,STK,20.39,20.72,19.85,19.96,20.4,20.39,69,5817,118233,
532777,"INFO EDGE (INDIA) LTD.",A,STK,1055.2,1056.95,1040,1054.5,1054.4,1047.4,1807,22953,24064905,
532779,"TORRENT POWER LTD.",A,STK,1516.85,1570.6,1516.85,1565.3,1570,1522,3712,43660,67757984,
532780,"PARSVNATH DEVELOPERS LTD.",B,STK,9.12,9.15,8.87,9.02,8.98,9.03,236,74947,672657,
532782,"SUTLEJ TEXTILES & INDUSTRIES L",B,STK,36.8,36.9,36.43,36.86,36.66,37.09,53,3904,142993,
532783,"LT FOODS LTD.",A,STK,418.55,423.5,418.55,422.1,421.75,419.2,1981,52754,22216144,
532784,SOBHA,A,STK,1342.35,1342.35,1315.15,1332.5,1332.1,1319.8,417,2064,2745373,
532785,"RUCHIRA PAPERS LTD.",B,STK,114,117.33,114,115.69,115.5,115.73,83,2731,316272,
532790,"TANLA PLATFORMS LIMITED",A,STK,491.55,496.5,485.05,491.1,493.45,487.55,1097,22559,11099262,
532794,"ZEE MEDIA CORPORATION LIMITED",T,STK,8.09,8.18,7.95,8.08,8.08,8.01,235,256180,2054404,
532795,"Siti Networks Ltd.",Z,STK,0.49,0.49,0.49,0.49,0.49,0.49,126,186183,91229,
532796,"LUMAX AUTO TECHNOLOGIES LTD.",A,STK,1800,1807.4,1782.1,1792.75,1792,1797.45,636,5569,10004224,
532797,"AUTOLINE INDUSTRIES LTD.",B,STK,68,69,66.49,66.96,66.96,67.78,250,9783,663496,
532798,"NETWORK18 MEDIA & INVESTMENTS",A,STK,35.65,37.3,35.6,36.38,36.33,35.66,1785,263787,9537979,
532799,"HUBTOWN LTD.",B,STK,210,212.7,206,209.05,208.3,210,475,12438,2597152,
532801,"CAMBRIDGE TECHNOLOGY ENTERPRIS",T,STK,31.59,32.43,29.45,30.44,30,30.93,25,4072,125487,
532804,"TECHNOCRAFT INDUSTRIES (INDIA)",B,STK,2526.4,2549.5,2431.55,2460.2,2450.35,2526.2,109,336,831644,
532805,"Redington Limited",A,STK,229,242.55,229,234.9,234.9,228,8718,640906,151031611,
532806,"AI CHAMPDANY INDUSTRIES LTD.",XT,STK,37.22,37.22,36.44,36.44,36.44,38.35,48,7677,280610,
532807,"CINELINE INDIA LIMITED",B,STK,89,95.3,89,91.35,91,89,129,4425,409920,
532808,"PEARL GLOBAL INDUSTRIES LIMITE",A,STK,1625.95,1653.5,1600.5,1642.6,1645.5,1618.3,269,2460,3996891,
532809,"FIRSTSOURCE SOLUTIONS LTD.",A,STK,247.85,251.55,238.05,239.25,239.25,244.15,7108,566238,139085355,
532810,"POWER FINANCE CORPORATION LTD.",A,STK,459,467.3,455.6,464.85,464.85,459,9078,629208,290981053,
532811,"AHLUWALIA CONTRACTS (INDIA) LT",B,STK,828.65,840.75,826.25,832.9,832.3,825.75,160,1444,1204059,
532814,"INDIAN BANK",A,STK,938.25,944.95,930.05,938.95,938.25,940.7,5415,146644,137330912,
532815,"SMS PHARMACEUTICALS LTD.",B,STK,428.95,433.7,425.8,427.6,429.55,424.15,261,7356,3153992,
532817,"ORIENTAL TRIMEX LTD.",B,STK,7.11,7.39,7.01,7.12,7.12,7.24,149,19971,143336,
532820,"E-Land Apparel Limited",XT,STK,14.25,14.96,14.25,14.52,14.4,14.25,18,1067,15652,
532822,"VODAFONE IDEA  LIMITED",A,STK,9.52,9.68,9.48,9.62,9.62,9.53,58877,19122961,183592073,
532825,"JAGJANANI TEXTILES LTD.",X,STK,5.23,5.4,5.23,5.4,5.4,5.23,20,8388,44996,
532826,"RAJ TELEVISION NETWORK LTD.",B,STK,24.27,24.33,23.09,23.23,23.24,24.04,253,23302,553782,
532827,"PAGE INDUSTRIES LTD.",A,STK,37671.45,38285.7,37119.65,37935.7,37895,36971.45,639,1026,38916076,
532828,"AMD INDUSTRIES LTD.",B,STK,44.95,46.1,44.54,46.09,46.04,44.07,33,813,37114,
532829,"LEHAR FOOTWEARS LIMITED",X,STK,219.3,219.35,217,219.15,219.35,217.45,132,17062,3728887,
532830,"ASTRAL LIMITED",A,STK,1580.05,1634.05,1561.65,1612.85,1612.85,1578.8,4261,85865,137311242,
532834,"Camlin Fine Sciences Ltd",A,STK,106.71,110,106.2,106.38,106.21,106.61,932,62350,6683441,
532835,"ICRA LTD.",B,STK,5397.7,5498,5397.7,5461.3,5453,5434.9,75,246,1345756,
532839,"DISH TV INDIA LTD.",B,STK,3.89,4.08,3.89,4.08,4.08,3.71,1615,2463302,9953399,
532841,"SAHYADRI INDUSTRIES LTD.",B,STK,246.35,254.45,243,244.5,244.5,245,12,504,123750,
532842,"SREE RAYALASEEMA HI-STRENGTH H",B,STK,494.1,500,483.5,499.15,500,489.95,124,2455,1221461,
532843,"FORTIS HEALTHCARE LTD.",A,STK,873,897.6,866.05,889.75,890.9,874.3,2119,29080,25846184,
532845,"TGB BANQUETS AND HOTELS LTD.",B,STK,9.81,11.22,9.55,10.11,10.13,9.81,204,115583,1225317,
532847,"HILTON METAL FORGING LTD.",B,STK,27.39,27.59,25.8,26.03,26.3,26.73,987,302132,8081767,
532848,"DELTA CORP LTD.",A,STK,61.73,61.88,60.25,60.87,60.87,61.2,532,60257,3674581,
532850,"MIC ELECTRONICS LTD.",B,STK,41.96,43.18,41.96,42.75,42.7,41.87,1070,144408,6174636,
532851,"INSECTICIDES (INDIA) LTD.",B,STK,726.2,727.95,712.05,722.05,718.85,711.95,149,1935,1394503,
532853,"ASAHI SONGWON COLORS LTD.",B,STK,230.1,239.95,224.9,230.45,232.15,230.8,52,1019,233548,
532855,"HARYANA CAPFIN LTD.",X,STK,144.55,164.9,144.5,162.7,164,152,66,3578,570452,
532856,"TIME TECHNOPLAST LTD.",A,STK,196.2,198,193.65,195.65,196.25,195.7,1607,63857,12480083,
532859,"HINDUJA GLOBAL SOLUTIONS LTD.",B,STK,420,430.85,415.95,426.9,426.2,418.35,139,1498,635220,
532864,"NELCAST LTD.",B,STK,138.45,142.45,135.15,141.1,141.1,137.05,585,25624,3584961,
532867,"V2 RETAIL LTD.",B,STK,196.4,196.4,190,193.7,193.4,194.4,1091,75324,14557088,
532868,"DLF LTD.",A,STK,590.15,604.55,586.4,601.8,602.15,589.7,3556,913111,544421621,
532869,"TARMAT LTD.",T,STK,53.45,53.89,53.01,53.32,53.83,54.75,19,908,48636,
532870,"ANKIT METAL & POWER LTD.",Z,STK,1.63,1.63,1.55,1.58,1.58,1.62,12,2603,4181,
532872,"SUN PHARMA ADVANCED RESEARCH C",B,STK,153.5,153.5,146.95,147.9,147.9,152.15,998,98946,14748432,
532873,"HOUSING DEVELOPMENT & INFRASTR",Z,STK,2.4,2.47,2.26,2.38,2.39,2.37,93,133375,311135,
532875,"ALLIED DIGITAL SERVICES LTD.",B,STK,121.01,123.72,121.01,122.33,122.64,121.36,431,11201,1366621,
532878,"ALPA LABORATORIES LTD.",B,STK,68.5,70.28,67,68.75,68.75,69.05,80,825,57380,
532879,"SIR SHADI LAL ENTERPRISES LTD.",X,STK,268.55,268.55,252.65,268,268,257.95,28,4222,1132561,
532880,"OMAXE LTD.",B,STK,78.35,80.95,76.53,80.32,79.34,78.09,539,5322,422472,
532884,"REFEX INDUSTRIES LTD.",A,STK,244.45,252,242.5,244.75,244.75,244.4,1074,46792,11516970,
532885,"CENTRAL BANK OF INDIA",A,STK,35.81,36.16,35.61,36.07,36.07,35.84,1793,572667,20619956,
532886,"SEL MANUFACTURING COMPANY LTD.",B,STK,33.13,33.99,30.75,33,33,32.27,117,18366,584217,
532888,"ASIAN GRANITO INDIA LTD.",B,STK,72.71,77,72.71,75.34,74.83,73.08,1041,185799,14016191,
532889,"K.P.R.MILL LIMITED",A,STK,904.35,933,886.75,926.4,926.4,894.6,1888,26243,23833660,
532890,"TAKE SOLUTIONS LTD.",T,STK,48.91,48.91,48.85,48.91,48.91,47.96,83,153242,7493942,
532891,"Puravankara Limited",B,STK,226.55,230.35,223.05,225.55,225.55,225.4,396,26983,6114909,
532892,"MOTILAL OSWAL FINANCIAL SERVIC",A,STK,789.35,818.25,783,815.95,815,781.95,2615,51223,41009240,
532893,"VTM LTD.",X,STK,79.49,81.7,73.98,75.65,75.65,79.49,847,228933,17268983,
532894,"INDOWIND ENERGY LTD.",B,STK,10.08,10.69,10,10.63,10.63,10.19,729,280884,2899949,
532895,"NAGREEKA CAPITAL & INFRASTRUCT",B,STK,25.8,30.54,25.8,30.54,30.54,25.45,133,32466,976405,
532896,"MAGNUM VENTURES LTD.",T,STK,22.49,22.49,21.5,22.3,22.3,21.5,4,427,9205,
532898,"POWER GRID CORPORATION OF INDI",A,STK,312.8,318.95,311.65,318.05,318.05,312.25,11350,600646,189829388,
532899,"KAVERI SEED COMPANY LTD.",A,STK,917.7,931.25,912.55,924.5,920,920.65,217,3292,3036642,
532900,"PAISALO DIGITAL LIMITED",A,STK,44.04,44.43,43.53,43.81,43.81,44.03,1570,478377,21053973,
532902,"CONSOLIDATED CONSTRUCTION CONS",B,STK,17.57,19.18,17.5,18.57,18.62,18.42,261,96820,1777510,
532904,"SUPREME INFRASTRUCTURE INDIA L",Z,STK,75.79,75.81,71.2,73.99,73.95,74.9,26,1843,136874,
532906,"MAAN ALUMINIUM LTD.",B,STK,145.65,148.55,142.4,144.15,144.15,144.65,327,13401,1935351,
532907,"IL&FS ENGINEERING AND CONSTRUC",Z,STK,28.43,28.43,27,28,28,27.87,10,258,7132,
532911,"PARLE INDUSTRIES LIMITED",X,STK,5.4,5.4,5.05,5.14,5.14,5.26,753,752246,3874474,
532915,"RELIGARE ENTERPRISES LTD.",A,STK,220.45,224.9,219,223.6,223.6,220.4,611,38825,8638061,
532916,"BARAK VALLEY CEMENTS LTD.",B,STK,43.66,44.99,42.1,44.54,44.99,44.51,63,4882,213114,
532918,"RATHI BARS LTD.",X,STK,24.84,25.3,24.53,24.57,24.99,24.85,26,1964,48773,
532921,"ADANI PORTS AND SPECIAL ECONOM",A,STK,1563.85,1578.15,1550.1,1573.1,1569.7,1549.45,8344,246335,386206499,
532922,"EDELWEISS FINANCIAL SERVICES L",A,STK,118.52,121.06,117.07,119.09,119.35,117.33,2469,203058,24312685,
532923,"RENAISSANCE GLOBAL LIMITED",B,STK,109.87,109.87,106,107.38,107.38,108.1,285,21137,2281418,
532924,"KOLTE-PATIL DEVELOPERS LTD.",B,STK,346.15,398.4,346.15,366.9,366.9,346.15,5947,333837,128773831,
532925,"KAUSHALYA INFRASTRUCTURE DEVEL",B,STK,885,889,885,889,889,832.25,5,55,48730,
532926,"JYOTHY LABS LIMITED",A,STK,231.65,239.15,230.15,238.45,238.45,229.05,2126,53688,12664544,
532927,"ECLERX SERVICES LTD.",A,STK,1579.95,1650,1557.55,1631.05,1630,1549.85,1975,19371,31349815,
532928,"TRANSFORMERS AND RECTIFIERS (I",A,STK,322,327.5,317,322.2,322.2,319.95,5989,425112,136720286,
532929,"BRIGADE ENTERPRISES LTD.",A,STK,736.95,769,736.95,760.8,760.8,738.7,2699,50035,37833111,
532930,"BGR ENERGY SYSTEMS LTD.",T,STK,355,364,336.8,350.35,354.9,353.2,331,22168,7772543,
532932,"MANAKSIA LTD.",B,STK,58.9,62.68,58.9,61.46,62.3,59.8,794,11391,703993,
532933,"PORWAL AUTO COMPONENTS LTD.",X,STK,50.11,53.45,50.11,52.27,52.7,51.5,37,4667,243419,
532934,PPAP,B,STK,201.3,214.6,201.3,212.15,212.5,207.1,40,2379,499359,
532935,"ARIES AGRO LTD.",B,STK,391.15,395.2,386.15,388.45,391.35,390.4,69,1736,679602,
532937,"KUANTUM PAPERS LTD.",B,STK,84,86.38,84,85.23,85.59,85.05,179,11957,1017649,
532939,"RELIANCE POWER LTD.",A,STK,28.87,29.48,28.51,28.69,28.69,28.9,13177,6982250,202409151,
532940,"J.KUMAR INFRAPROJECTS LTD.",A,STK,505.95,528.5,499.3,519.85,519.85,498.35,575,13749,7100025,
532941,"CORDS CABLE INDUSTRIES LTD.",B,STK,164.5,185.3,164.5,179.6,175.2,164.5,267,2641,461423,
532942,"KNR CONSTRUCTIONS LTD.",A,STK,123.95,126.35,123.05,123.9,124.5,124.15,1322,115660,14439229,
532944,ONMOBILE,B,STK,47.62,48.06,47.2,47.65,47.66,47.2,143,11439,544414,
532945,"SEPC LIMITED",B,STK,7.69,7.78,7.59,7.65,7.65,7.66,1237,1280955,9830501,
532946,"BANG OVERSEAS LTD.",B,STK,39.15,40.29,38.11,39.9,39.9,38.7,45,4491,177737,
532947,"IRB INFRASTRUCTURE DEVELOPERS",A,STK,22.09,22.54,22.05,22.26,22.26,22.11,6975,2032882,45366882,
532951,"GSS INFOTECH LTD.",T,STK,16,16,15.21,15.9,15.9,15.73,23,3014,47217,
532952,"NAHAR CAPITAL & FINANCIAL SERV",B,STK,253.4,254.4,251,251,251,251,23,858,217746,
532953,"V-GUARD INDUSTRIES LTD.",A,STK,329.15,333.2,325,328.8,328.6,325.15,362,5154,1697633,
532955,"REC LIMITED",A,STK,364.95,377.7,362.8,373.35,373.35,364.15,8556,585995,217970358,
532957,"GOKAK TEXTILES LTD.",XT,STK,66.02,68.4,66,68.4,68.4,65.15,6,672,45837,
532966,"TITAGARH RAIL SYSTEMS LIMITED",A,STK,742.75,758.1,739.5,741.05,742,737.2,2390,73807,55101680,
532967,"KIRI INDUSTRIES LTD.",A,STK,430.05,432.6,417.05,419,419,420.95,447,19739,8350275,
532974,"ADITYA BIRLA MONEY LTD.",B,STK,141.29,144.4,139.75,140.82,140.39,138.78,289,13419,1901781,
532975,"TELOGICA LIMITED",X,STK,10.69,11.84,10.69,11.63,11.7,10.69,103,152345,1740929,
532976,"JAI BALAJI INDUSTRIES LTD.",A,STK,71,74.16,68.96,72.59,72.59,68.62,1308,168357,11981828,
532977,"BAJAJ AUTO LTD.",A,STK,9818,9843.75,9722.5,9777.15,9777.15,9823.75,1556,9989,97585601,
532978,"BAJAJ FINSERV LTD.",A,STK,1830.9,1843,1812.45,1838.55,1838.55,1830.6,2701,25008,45807564,
532980,"GOKUL REFOILS & SOLVENT LTD.",B,STK,37,40.2,37,39.82,39.98,39.5,39,1212,47463,
532983,"RPG LIFE SCIENCES LTD.",B,STK,1902.1,2033.35,1879.5,2025.85,2033.35,1899.8,342,77164,146741542,
532985,"KOTAK MAHINDRA MUTUAL FUND",A,STK,83.99,85.45,83.99,85.4,85.4,84.84,90,4523,385654,
532986,"NIRAJ CEMENT STRUCTURALS LTD.",B,STK,30,30.55,29.7,30.15,30.15,29.37,80,7558,229596,
532989,"BAFNA PHARMACEUTICALS LTD.",T,STK,129.25,135.7,129.25,135.7,135.7,129.25,5,220,29432,
532992,"CHL LTD.",X,STK,34.95,34.95,30.53,31.95,31.95,31.48,24,1017,32147,
532993,"SEJAL GLASS LIMITED",B,STK,630.05,695.65,630.05,667.55,668,662.55,214,1231,832129,
532994,"ARCHIDPLY INDUSTRIES LTD.",B,STK,78.1,80,78,78.25,78.25,80.03,113,917,71766,
532998,"Lotus Eye Hospital And Institu",B,STK,112,112,110,112,112,109.5,45,839,93216,
533001,"SOMI CONVEYOR BELTINGS LTD.",B,STK,113,114.49,113,114.49,114.49,112.56,120,1088,124031,
533007,"LGB FORGE LTD.",X,STK,7.69,8.5,7.59,8.27,8.27,7.44,805,561460,4606760,
533012,"LANDMARK PROPERTY DEVELOPMENT",T,STK,6.52,7.13,6.52,6.99,6.99,6.84,22,15789,110852,
533014,"SICAGEN INDIA LTD.",X,STK,53.69,54.99,53.13,54.3,54.48,53.12,71,8813,477241,
533019,"SIMPLEX PAPERS LTD.",X,STK,1619,1619,1619,1619,1619,1543.5,2,2,3238,
533022,"20 MICRONS LTD.",B,STK,181.75,187,179.6,184.25,183,182.05,690,22350,4079053,
533023,"ZF Commercial Vehicle Control",A,STK,14288.2,14748.95,14287.9,14511.9,14414,14353.35,148,268,3897647,
533029,"ALKALI METALS LTD.",B,STK,66.75,66.75,65.02,66.75,66.75,66.75,9,1619,106308,
533033,"ISGEC HEAVY ENGINEERING LTD.",A,STK,1040.05,1070.75,1038.7,1042.4,1042.55,1035.7,624,7003,7374104,
533047,"INDIAN METALS & FERRO ALLOYS L",B,STK,1551.55,1581.8,1551.55,1566.85,1562,1552.55,1064,15696,24582731,
533048,"Teamo Productions HQ Limited",B,STK,0.58,0.6,0.58,0.59,0.59,0.58,105,454233,271502,
533056,"VEDAVAAG SYSTEMS LTD.",X,STK,21.31,22.19,21.05,21.75,21.75,21.78,184,36905,800693,
533080,"MOLD-TEK PACKAGING LIMITED",B,STK,553.5,560.95,537.1,554.3,553.15,554.35,329,6854,3788759,
533088,"MAHINDRA HOLIDAYS & RESORTS IN",B,STK,273.65,276.25,271.9,272.7,272.5,274.6,244,3789,1037164,
533090,"Landsmill Green Limited",B,STK,1.08,1.1,1.07,1.09,1.09,1.07,189,965014,1051208,
533093,"RAJ OIL MILLS LTD.",B,STK,43.6,45.89,43.6,45,45,45.2,27,760,34409,
533095,"BENGAL & ASSAM COMPANY LTD.",B,STK,5789.95,5898.95,5731.05,5845.85,5845.85,5752.5,76,339,1974444,
533096,"ADANI POWER LTD.",A,STK,197,199.9,190.75,198.4,198.4,193.1,28072,3896225,761116176,
533098,"NHPC LTD.",A,STK,81.02,85.72,81.02,84.37,84.37,81.4,10800,2857021,238064957,
533100,"PREMIER ENERGY AND INFRASTRUCT",X,STK,6.83,7,6.51,6.73,6.7,6.7,54,29100,195029,
533101,"SURYAAMBA SPINNING MILLS LTD.",X,STK,116.95,120,114.6,116,116,117.5,16,850,98713,
533104,"GLOBUS SPIRITS LTD.",B,STK,950.05,1024.6,950.05,1014.05,1012.05,954.35,1085,16475,16312584,
533106,"OIL INDIA LTD.",A,STK,463.55,471.35,462.3,470.1,470.1,462.3,2181,168062,78513876,
533107,"SWAN DEFENCE AND HEAVY INDUSTR",T,STK,1933.2,1986,1888,1896.75,1890,1933.05,197,3044,5905908,
533108,"BHILWARA TECHNICAL TEXTILES LT",X,STK,35,36,34,35.26,35.26,34.8,58,7194,250964,
533110,"SHREE PRECOATED STEELS LTD.",X,STK,12.93,12.93,12.93,12.93,12.93,12.32,7,4718,61003,
533121,"EXPLEO SOLUTIONS LIMITED",B,STK,809.65,862.35,809.65,836.85,830.1,793.3,291,2869,2413008,
533122,"RATTANINDIA POWER LTD.",A,STK,9.72,9.95,9.66,9.78,9.78,9.68,11320,1958642,19123923,
533137,"DEN NETWORKS LTD",B,STK,29.41,29.45,28.81,29.23,29.13,28.83,154,26119,763125,
533138,"ASTEC LIFESCIENCES LIMITED",B,STK,745,768.4,720.4,726.5,726.5,749.4,1111,17232,12680948,
533146,"D-LINK (INDIA) LTD",B,STK,420,450,420,445.35,443.7,428.15,1100,24112,10722619,
533148,"JSW ENERGY LTD",A,STK,536,540.75,534.5,538.1,538.1,535.85,2407,87293,46949051,
533149,"Yunik Managing Advisors Limite",X,STK,9.32,9.32,8.12,8.12,8.12,9.33,5,1175,10742,
533150,"GODREJ PROPERTIES LTD",A,STK,1747.5,1768.95,1734.2,1758.65,1755,1747.5,3349,40447,70946140,
533151,"D B CORP LTD",B,STK,212,217.3,212,214.4,214,210.1,177,4766,1025138,
533152,"MBL Infrastructure Ltd",T,STK,27.54,28,26,26.95,26.95,26.87,21,4649,124724,
533155,"JUBILANT FOODWORKS LTD",A,STK,450,464,441,458.9,459.15,459.35,2068,64317,29261402,
533156,"VASCON ENGINEERS LTD",B,STK,39.02,39.3,38.5,38.78,38.8,38.64,382,76993,2990770,
533158,"THANGAMAYIL JEWELLERY LTD",A,STK,4314.6,4371.8,4185,4205.9,4206.6,4277.9,819,4167,17847614,
533160,"VALOR ESTATE LIMITED",A,STK,109.43,110.16,106.5,107.17,107.17,109.23,954,101863,11041345,
533161,"EMMBI INDUSTRIES LTD",B,STK,89.24,89.75,88.4,88.5,88.4,88.5,61,328,29255,
533162,"HATHWAY CABLE & DATACOM LTD",B,STK,11.4,11.7,11.4,11.57,11.62,11.48,884,598364,6927613,
533164,"TEXMO PIPES & PRODUCTS LTD.",B,STK,48.05,48.09,47.11,47.39,47.41,47.33,75,5026,238915,
533166,"SUNDARAM MULTI PAP LTD.",B,STK,1.41,1.49,1.41,1.45,1.47,1.44,149,60595,87599,
533167,"COROMANDEL ENGINEERING COMPANY",XT,STK,87.22,89.04,87.22,87.22,87.22,89,29,10689,939358,
533168,"ROSSELL INDIA LTD.",B,STK,57.8,57.8,52.87,53,53,52.87,53,3873,207391,
533169,"MAN INFRACONSTRUCTION LTD.",A,STK,98,100.49,96.71,97.3,97.3,97.31,1282,37028,3627832,
533170,"TAMBOLI INDUSTRIES LIMITED",X,STK,153,153,153,153,153,152.8,1,100,15300,
533172,"INVESCO India Gold Exchange Tr",E,STK,13270,13270,12985,13149.19,13149.19,13290,30,62,812842,
533177,"IL&FS TRANSPORTATION NETWORKS",Z,STK,2.66,2.67,2.61,2.63,2.61,2.55,21,16695,44313,
533179,"PERSISTENT SYSTEMS LTD.",A,STK,5454.75,5501.35,5380.05,5442.75,5447.3,5499.25,2203,12454,67607070,
533181,"INTRASOFT TECHNOLOGIES LTD.",B,STK,85,85,78.39,80.15,80.15,79.44,19,1667,133396,
533192,"KCP SUGAR & INDUSTRIES CORPORA",B,STK,25.6,27,25.6,26.47,26.5,26.5,102,8462,224697,
533193,"KIRLOSKAR ELECTRIC COMPANY LTD",B,STK,133.78,140,133.78,138.59,138.59,133.78,1779,96295,13254381,
533202,"SATCHMO HOLDINGS LIMITED",X,STK,3.66,3.73,3.65,3.66,3.66,3.66,88,47501,174396,
533203,"TARAPUR TRANSFORMERS LTD",B,STK,26.16,26.7,25.55,26.2,26.5,25.65,144,2770,72032,
533206,"SJVN LTD",A,STK,76.57,79.82,76.57,78.64,78.64,76.42,6900,938346,72930077,
533208,"EMAMI PAPER MILLS LTD.",B,STK,75.53,76.03,74.12,75.24,75.34,75.2,64,3122,233877,
533210,"KRITI NUTRIENTS LTD",B,STK,77,87.62,76.91,87.62,87.62,73.02,225,26698,2310859,
533212,"GKB OPHTHALMICS LTD.",XT,STK,68,71.73,67.21,71.72,71.72,69.72,11,135,9263,
533217,"HINDUSTAN MEDIA VENTURES LTD.",B,STK,69,70.14,68.1,68.84,68.1,68.87,147,1416,97535,
533218,"EMAMI REALTY LIMITED",B,STK,66.2,72,66.2,68.96,69.79,71.19,258,2945,203994,
533227,"ASIAN HOTELS (EAST) LTD.",B,STK,156.75,159.95,156.4,157.6,156.9,156,10,255,40391,
533229,"BAJAJ CONSUMER CARE LIMITED",B,STK,439.9,495.2,429.45,470.45,470.45,428.45,18003,795167,374747922,
533230,"HDFC MUTUAL FUND - HDFC GOLD E",E,STK,128.76,129.04,128.32,128.84,128.84,129.66,1360,204103,26282875,
533239,"PRAKASH STEELAGE LTD.",B,STK,5.28,5.28,4.89,4.91,4.93,4.9,92,15848,79110,
533244,"ICICI Prudential Gold ETF",E,STK,129.54,129.56,128.54,129.23,129.23,130.07,2222,239431,30891881,
533248,"GUJARAT PIPAVAV PORT LTD.",A,STK,157.25,161.85,157.15,160.85,161.1,157.35,1786,136502,21874210,
533252,"WELSPUN INVESTMENTS AND COMMER",B,STK,1327,1327,1288.4,1288.4,1288.4,1328.9,3,8,10346,
533257,"INDOSOLAR LTD.",B,STK,513.8,514.4,492.75,514.4,514.4,489.95,839,52768,26691999,
533259,"Sastasundar Ventures Limited",B,STK,270,273.55,267.95,269,269,270,51,465,125265,
533260,"CP CAPITAL LIMITED",B,STK,95.1,99.25,95,95,95,96.53,91,1858,178752,
533262,"RAMKY INFRASTRUCTURE LTD.",B,STK,514.3,519.35,511.15,513.55,515,511.05,183,4124,2124210,
533263,"ORIENT GREEN POWER COMPANY LTD",B,STK,10.98,11.23,10.95,11.03,11.03,10.91,1626,1066696,11822364,
533267,"CANTABIL RETAIL INDIA LTD.",B,STK,245.45,249.65,244.5,247.05,248.45,247.1,213,7528,1859387,
533268,"SEA TV NETWORK LTD.",X,STK,3.7,3.72,3.7,3.72,3.72,3.55,2,510,1887,
533269,"VA TECH WABAG LTD.",A,STK,1441.15,1441.15,1382.8,1390.95,1390.95,1440.85,3629,49390,69439450,
533270,"BEDMUTHA INDUSTRIES LTD.",T,STK,119.45,119.45,114.25,114.7,114.7,119.5,4,252,28796,
533271,"ASHOKA BUILDCON LTD.",A,STK,138.55,139.7,136.75,138.95,139,137.8,1321,104805,14504492,
533272,"JUPITER WAGONS LIMITED",A,STK,283.65,294.15,282.5,286.15,286.65,281.2,6413,389903,112099103,
533273,"OBEROI REALTY LTD.",A,STK,1720,1722.6,1700,1710,1703.65,1712.6,1073,8942,15305561,
533274,"PRESTIGE ESTATES PROJECTS LTD.",A,STK,1344.55,1362.85,1333,1357.5,1353.5,1337.8,1392,102770,139173978,
533275,"SHAH METACORP LIMITED",B,STK,5.1,5.14,5.08,5.08,5.08,5.09,112,102205,521296,
533278,"COAL INDIA LTD.",A,STK,432.2,440.1,430.8,438.7,438.7,432.9,10895,639306,279328616,
533282,"GRAVITA INDIA LTD.",A,STK,1692.55,1692.55,1635,1639.8,1639.8,1668.6,977,9472,15642812,
533284,"RPP INFRA PROJECTS LTD.",B,STK,76.15,79.96,75.95,79.65,79.65,75.6,205,9119,709985,
533285,"RDB INFRASTRUCTURE AND POWER L",X,STK,40.54,40.54,38.71,39.86,40.25,39.49,248,37168,1485640,
533286,"MOIL LTD.",A,STK,327.95,332.9,323.75,327.6,328,326.55,1293,54319,17766355,
533287,"ZEE LEARN LTD.",B,STK,4.9,4.93,4.84,4.89,4.89,4.9,175,146962,720673,
533289,"KESAR TERMINALS & INFRASTRUCTU",X,STK,62.7,67.5,62.7,66.06,66.06,67,17,279,18635,
533292,"A2Z INFRA ENGINEERING LIMITED",T,STK,17.3,17.85,17.26,17.83,17.83,17.1,53,30879,542083,
533293,"KIRLOSKAR OIL ENGINES LTD.",A,STK,1619.4,1637.35,1586.55,1616.95,1613.3,1614.9,963,12730,20479003,
533294,"RAVI KUMAR DISTILLERIES LTD.",B,STK,19.3,21.62,19.3,20.59,20.59,21.2,41,3307,68395,
533295,"PUNJAB & SIND BANK",B,STK,25.22,25.34,25,25.21,25.25,25.08,243,84330,2122856,
533296,"FUTURE MARKET NETWORKS LTD.",B,STK,9.02,9.24,9,9.16,9,9.02,8,1110,10161,
533298,"SURANA SOLAR LTD.",B,STK,24.95,25.6,24.62,25.5,25.35,24.22,341,23133,580294,
533301,"SHEKHAWATI INDUSTRIES LIMITED",B,STK,15.19,15.95,14.27,14.34,14.35,13.54,85,9732,146567,
533302,"KALYANI INVESTMENT COMPANY LTD",B,STK,4700,4789,4700,4771.65,4789,4700,24,109,517455,
533303,"BF INVESTMENT LTD.",B,STK,409.9,420,409.9,418.85,419.8,407.45,278,3012,1254829,
533306,"SUMMIT SECURITIES LTD.",B,STK,1726.85,1728.6,1692.1,1712.9,1725,1710.9,116,333,567530,
533315,"INNOVASSYNTH TECHNOLOGIES (IND",X,STK,80.84,81.09,77,79.33,79,77.82,187,88126,7029227,
533316,"STEL HOLDINGS LIMITED",B,STK,479,494,479,484.25,484.25,480.45,135,2115,1024872,
533317,"OMKAR SPECIALITY CHEMICALS LTD",Z,STK,4.28,4.4,4,4.3,4.3,4.2,25,10792,43770,
533326,"TEXMACO RAIL & ENGINEERING LTD",A,STK,104.34,108.22,104.33,106.04,106.04,103.6,1652,228684,24355023,
533329,"INDIAN TERRAIN FASHIONS LTD.",B,STK,33.4,33.8,32.94,33.16,33,33.75,19,4756,158294,
533333,"FINEOTEX CHEMICAL LTD.",B,STK,23.37,23.62,22.98,23.21,23.5,22.94,343,78610,1827726,
533336,"DHUNSERI INVESTMENTS LTD.",B,STK,871.25,958.75,869.85,948.55,958.75,850,45,222,204123,
533339,"ZEN TECHNOLOGIES LTD.",A,STK,1520.95,1641,1518.55,1614.35,1614.35,1525.75,8782,140153,222301178,
533343,"LOVABLE LINGERIE LTD.",B,STK,72.17,75.14,71,74.18,74,71.89,116,3331,244921,
533344,"PTC INDIA FINANCIAL SERVICES L",B,STK,31.15,32.33,31.15,31.94,31.95,31.21,531,65685,2090135,
533385,"MOTILAL OSWAL MOST SHARES NASD",E,STK,284.43,286.78,278,286.78,286.78,277.5,1466,77433,22150310,
533398,"MUTHOOT FINANCE LTD.",A,STK,3624.8,3624.8,3498.05,3570.65,3560,3577.75,3418,59861,212553495,
533407,"TRUE GREEN BIO ENERGY LIMITED",XT,STK,121.4,121.4,121.4,121.4,121.4,119.05,32,16122,1957210,
533408,"Aditya Birla Sun Life Mutual F",E,STK,136.7,136.7,132.12,132.65,132.62,133.37,383,110010,14588002,
533427,"VMS INDUSTRIES LTD.",X,STK,25.1,25.25,23.6,24.8,24.8,24.32,255,50985,1258965,
533451,"KARMA ENERGY LTD.",B,STK,50,50.82,48.98,50.82,50.82,46.2,116,24856,1258812,
533452,"DELPHI WORLD MONEY LIMITED",B,STK,11.8,12.4,11.8,12.09,12.09,12.04,143,13101,159142,
533470,"RUSHIL DECOR LTD.",B,STK,14.91,16.4,14.77,15.98,15.98,14.89,449,95863,1474916,
533477,"ENKEI WHEELS (INDIA) LTD.",X,STK,410,418.75,407.5,408.75,413.95,409.8,46,887,362997,
533482,"KRIDHAN INFRA LIMITED",B,STK,2.59,2.59,2.55,2.57,2.57,2.49,4,110,282,
533506,"INVENTURE GROWTH & SECURITIES",B,STK,1.02,1.05,1,1.03,1.03,1,242,241494,248854,
533519,"L&T Finance Limited",A,STK,280.55,287.85,277.9,287.35,287.35,280.3,2415,150573,42851543,
533520,"Indiabulls Limited",B,STK,17.5,18.36,17.03,17.59,17.59,16.89,4124,4719502,84626054,
533540,"TREE HOUSE EDUCATION & ACCESSO",T,STK,8.4,8.8,8.11,8.36,8.21,8.48,28,5409,45381,
533543,"BROOKS LABORATORIES LTD.",T,STK,66.65,70,66.65,68,68,70,33,684,46745,
533552,"RUPA & COMPANY LTD.",B,STK,140.45,144.3,140.45,142.4,142.35,140.7,175,8083,1148864,
533553,"T D POWER SYSTEMS LTD.",A,STK,986.85,1007.8,977.65,996.75,996.75,970.85,4438,112631,111914187,
533570,"AXIS MUTUAL FUND - AXIS GOLD E",E,STK,126.38,126.38,125.03,125.69,125.69,126.62,618,15002,1884330,
533573,"ALEMBIC PHARMACEUTICALS LTD.",A,STK,749.85,796,749,784.95,784.95,748.9,1349,18929,14743709,
533576,"VASWANI INDUSTRIES LTD.",B,STK,59.32,61.5,59.32,60.42,60.4,58.73,298,15058,918351,
533581,"PG ELECTROPLAST LTD.",A,STK,559,564,551.45,561.25,561.25,557.45,3570,113772,63486914,
533602,"LESHA INDUSTRIES LTD.",XT,STK,0.96,0.98,0.96,0.97,0.97,0.96,198,103250,100447,
533605,"SETUBANDHAN INFRASTRUCTURE LIM",Z,STK,0.52,0.53,0.51,0.53,0.53,0.51,26,16873,8669,
533608,"RDB RASAYANS LTD.",X,STK,169.9,171,165,166.7,166.7,168.25,126,14379,2416873,
533629,"TIJARIA POLYPIPES LTD.",T,STK,5.04,5.04,4.87,4.87,4.87,4.96,12,2717,13266,
533632,"ONELIFE CAPITAL ADVISORS LTD.",B,STK,15.56,15.8,15.09,15.37,15.37,15.26,40,12293,189808,
533638,"FLEXITUFF VENTURES INTERNATION",B,STK,6.68,6.8,6.51,6.75,6.75,6.68,44,3587,23928,
533644,"UJAAS ENERGY LIMITED",B,STK,171.85,178.35,167,173.5,173.75,170.2,275,10786,1871704,
533655,"TRIVENI TURBINE LTD.",A,STK,480,532.15,477.6,514.7,514.7,477.95,7966,327365,166688899,
533676,"INDO THAI SECURITIES LTD.",B,STK,290.3,310.7,288.7,308.9,306.3,291.15,965,36513,10953593,
533704,"ESSAR SHIPPING LTD.",B,STK,27.33,28.76,26.83,27.79,27.71,27.17,767,95632,2631725,
533719,"IDBI MUTUAL FUND - IDBI GOLD E",E,STK,136.6,136.6,135.5,136.17,135.9,136.7,482,9839,1338356,
533758,"APL APOLLO TUBES LTD.",A,STK,2050,2118.25,2045.1,2105.45,2101,2045.55,3296,32045,66900136,
533761,"GPT INFRAPROJECTS LTD.",B,STK,117.55,118.75,115.23,115.92,116.5,116.25,373,13407,1567991,
533896,"FERVENT SYNERGIES LTD.",X,STK,19.75,20,19.75,19.8,19.8,19.54,9,165,3265,
533941,"THOMAS SCOTT (INDIA) LIMITED",B,STK,275,277.5,269,274.3,274.25,274.1,64,1635,449606,
533982,"TERA SOFTWARE LTD.",B,STK,363,367,356.45,359.65,356.5,366.4,189,3171,1140901,
534060,"PMC FINCORP LIMITED",X,STK,2.04,2.15,1.98,2.05,2.06,1.99,571,1079111,2194112,
534064,"ALLIANCE INTEGRATED METALIKS L",X,STK,1.64,1.69,1.62,1.65,1.65,1.64,244,206630,340962,
534076,"RHI MAGNESITA INDIA LIMITED",A,STK,405.45,406.6,398,401.95,403.15,400.5,439,10125,4071487,
534091,"MULTI COMMODITY EXCHANGE OF IN",A,STK,2875.05,2883.55,2781,2855.45,2855.45,2860.1,16548,217267,615934990,
534139,"SCHNEIDER ELECTRIC INFRASTRUCT",T,STK,1005.8,1043.8,980,1032.95,1039.5,994.1,1105,27696,28559704,
534190,"OLYMPIC CARDS LTD.",X,STK,3,3,2.72,2.74,2.74,3,6,285,786,
534309,"NBCC (India) Limited",A,STK,93.3,94.5,92.69,94.3,94.3,93.09,7729,1075933,100951464,
534328,"HEXA TRADEX LTD.",B,STK,171.6,171.6,164.25,170.45,170.45,164.4,10,37,6225,
534369,"TRIBHOVANDAS BHIMJI ZAVERI LTD",B,STK,152,153.05,148.2,149.95,150.15,152.1,466,23243,3502126,
534392,"VARDHMAN SPECIAL STEELS LTD.",B,STK,257.7,261.8,254.85,257.6,256,257.7,130,1751,448423,
534422,"LOOKS HEALTH SERVICES LIMITED",XT,STK,6.13,6.42,5.88,6.27,6.27,6.13,69,27697,169757,
534425,"SPECIALITY RESTAURANTS LTD.",B,STK,111,111,102.23,103.59,102.23,105.48,77,1302,134473,
534532,"LYPSA GEMS & JEWELLERY LTD",B,STK,5.3,5.3,5.16,5.26,5.26,5.15,10,2904,14985,
534535,"STRING METAVERSE LIMITED",T,STK,83.85,83.85,83.85,83.85,83.85,88.25,562,190191,15947515,
534597,"RATTANINDIA ENTERPRISES LIMITE",A,STK,34.83,35.25,34.54,34.83,34.97,34.74,1261,214832,7510974,
534598,"Sampann Utpadan India Limited",B,STK,32.65,32.65,31.25,31.74,32.19,31.91,75,4293,136150,
534600,"JTL INDUSTRIES LIMITED",B,STK,67.99,68.83,66.32,66.79,66.71,67.22,708,139105,9375952,
534612,"ADVANCE METERING TECHNOLOGY LT",XT,STK,20.05,20.19,19.6,20.17,20.17,20.22,15,1693,33564,
534615,"NORTH EASTERN CARRYING CORPORA",B,STK,16.37,16.96,16.22,16.46,16.75,16.37,98,8566,142212,
534618,"WAAREE RENEWABLE TECHNOLOGIES",A,STK,1078.25,1202.6,1078.25,1116.85,1116.85,1059.25,53252,1842524,2142457122,
534623,"JUPITER INFOMEDIA LTD.",XT,STK,64.5,67.2,63.09,67.18,67.2,64,166,28150,1873655,
534639,"VINAYAK POLYCON INTERNATIONAL",X,STK,22,22,22,22,22,20,3,171,3762,
534674,"Ducon Infratechnologies Ltd",T,STK,3.65,3.73,3.5,3.61,3.62,3.64,86,83574,297125,
534675,"PROZONE REALTY LIMITED",B,STK,57.85,62.77,57.85,60.53,60.7,57.2,1050,82332,5020758,
534680,"SRG HOUSING FINANCE LTD.",B,STK,248,248,248,248,248,259.05,1,1,248,
534691,"COMFORT COMMOTRADE LTD.",X,STK,14.88,14.88,14.25,14.79,14.79,14.5,38,4619,67266,
534708,"SHANTI GURU INDUSTRIES LIMITED",MT,STK,8.75,8.75,8,8.75,8.75,8.34,4,12000,102750,
534732,"CASPIAN CORPORATE SERVICES LIM",X,STK,39,39,37,37.84,37.97,39.03,102,6623,250653,
534733,"Aerpace Industries Limited",XT,STK,23.41,23.41,23,23,23,23,105,295019,6811183,
534741,"VIRTUAL GLOBAL EDUCATION LTD.",X,STK,0.5,0.51,0.5,0.51,0.51,0.51,138,486444,247511,
534742,"ZUARI AGRO CHEMICALS LTD.",B,STK,231.6,235.55,229,229.65,229.5,228.8,315,9056,2095548,
534748,"STEEL EXCHANGE INDIA LTD.",B,STK,8.98,9.01,8.82,8.96,8.96,8.85,334,141864,1263104,
534755,"TRIO MERCANTILE & TRADING LTD.",X,STK,0.93,0.93,0.92,0.92,0.92,0.93,13,2257,2097,
534758,"CIGNITI TECHNOLOGIES LTD.",A,STK,1303.8,1307.3,1276.7,1295.65,1300,1287.3,164,1281,1653488,
534796,"CDG PETCHEM LIMITED",XT,STK,136.75,136.75,136.75,136.75,136.75,134.1,2,107,14632,
534804,"CARE Ratings Limited",A,STK,1577.95,1629,1575.1,1621,1616.3,1576.75,246,2133,3422178,
534809,"PC JEWELLER LTD.",A,STK,9.56,9.8,9.53,9.58,9.58,9.53,5103,4517354,43593125,
534816,"INDUS TOWERS LIMITED",A,STK,413.2,416.35,409.45,412.35,413,413.05,4281,125593,51720845,
534920,COVIDH,XT,STK,68.53,68.53,68.53,68.53,68.53,67.19,1,44,3015,
534976,"V-MART RETAIL LTD.",A,STK,615,624.85,610,615,615.05,611.15,827,14598,9027595,
535136,"NIBE LIMITED",B,STK,1040,1067.15,1040,1053.55,1059.95,1048.25,247,3343,3530154,
535204,"Mukta Agriculture Limited",X,STK,2.99,2.99,2.99,2.99,2.99,2.99,5,145,433,
535205,"Mystic Electronics Limited",X,STK,3.38,3.69,3.37,3.54,3.54,3.31,39,11664,41199,
535267,"COMFORT FINCAP LTD.",X,STK,7.84,7.84,7.55,7.67,7.6,7.7,115,19508,148553,
535276,"SBI MUTUAL FUND - SBI ETF SENS",A,STK,869.3,870,858.01,867.64,867.5,861.74,253,7396,6413250,
535322,"REPCO HOME FINANCE LTD.",B,STK,397.55,409,395,400.5,400.55,399.15,442,9265,3701518,
535387,"LAKHOTIA POLYESTERS (INDIA) LT",X,STK,74.25,74.25,74,74.17,74.2,70.72,11,638,47327,
535431,"GCM SECURITIES LTD",B,STK,0.72,0.73,0.7,0.71,0.72,0.71,154,89173,63691,
535458,"NRB INDUSTRIAL BEARINGS LTD.",B,STK,30.2,30.8,29.21,30.71,30.6,30.2,37,6056,183421,
535566,"KIFS FINANCIAL SERVICES LTD.",X,STK,122.95,135,122,127.2,122,122.95,14,227,28407,
535601,"SREELEATHERS LTD.",B,STK,182.45,183.45,175.55,180.2,180,186.6,73,897,161185,
535602,"SHARDA MOTOR INDUSTRIES LTD",B,STK,861.05,881,861,869.05,868.3,861.05,177,2398,2089855,
535620,"BINNY MILLS LTD.",XT,STK,285,285,285,285,285,300,1,1,285,
535621,"S V GLOBAL MILL LTD.",X,STK,145,146.4,145,146,146.4,144.9,5,28,4074,
535647,"SDC TECHMEDIA LIMITED",MT,STK,17.96,19,17.96,19,19,18.9,3,30000,558600,
535648,"JUST DIAL LTD.",A,STK,544.2,553.6,544.2,549.75,548.55,544.2,322,10950,6013809,
535657,"OBJECTONE INFORMATION SYSTEMS",XT,STK,7.5,7.5,7.25,7.25,7.25,7.47,9,5097,37951,
535667,"INDIA FINSEC LTD.",X,STK,185,191,181.1,184.9,184.9,185.15,22,536,98823,
535693,"BRAHMAPUTRA INFRASTRUCTURE LTD",X,STK,159.95,159.95,155,157.95,159.4,157.4,190,12512,1962201,
535719,"AMPVOLTS LIMITED",X,STK,30.75,30.75,29.1,29.39,29.85,29.52,192,23673,699743,
535730,"KHOOBSURAT LTD",X,STK,0.53,0.56,0.52,0.55,0.55,0.53,363,2436793,1325346,
535754,"ORIENT CEMENT LTD",A,STK,145,146.55,144.45,144.9,145,145.1,479,15068,2188589,
535755,"Aditya Birla Fashion and Retai",A,STK,64.47,64.7,63.26,64.24,64.3,63.84,2331,162058,10395323,
535789,"Sammaan Capital Limited",A,STK,155,155.25,153.3,154.4,154.4,155,2907,454927,70196667,
535910,"MONEY MASTERS LEASING & FINANC",B,STK,0.76,0.79,0.73,0.73,0.73,0.76,152,254816,187373,
535916,"ALACRITY SECURITIES LTD",B,STK,60.25,64.99,57.88,60.65,60,57.6,634,460559,28070162,
535958,"Integra Essentia Limited",B,STK,1.41,1.44,1.39,1.42,1.42,1.41,242,325040,460838,
536073,"JULIEN AGRO INFRATECH LIMITED",X,STK,1.9,1.94,1.83,1.85,1.85,1.9,726,1204390,2241750,
536264,"TIGER LOGISTICS (INDIA) LTD",B,STK,31.5,33.04,31.5,32.83,32.9,32.21,282,13498,438924,
536493,"JK AGRI GENETICS LTD",X,STK,349.95,360,340,353.5,353.5,349.95,36,1640,577289,
536507,"FUTURE LIFESTYLE FASHIONS LTD",Z,STK,1.43,1.47,1.43,1.47,1.47,1.4,10,544,787,
536565,"NOVELIX PHARMACEUTICALS LIMITE",X,STK,59.65,59.65,56,56.14,57.9,58.41,36,2522,144591,
536659,"PVV Infra Limited",X,STK,4.1,4.2,3.88,3.91,3.91,4.06,886,1687544,6673722,
536672,"VCU DATA MANAGEMENT LTD",X,STK,7.5,7.7,6.65,7.2,7.2,7.03,385,236482,1729114,
536709,"IND Renewable Energy Ltd",Z,STK,11.59,12,11.59,11.8,11.8,12.2,67,9897,116707,
536773,"JINDAL POLY INVESTMENT AND FIN",B,STK,1176.5,1195.7,1166.5,1179.3,1190.55,1167.15,112,737,870514,
536960,"MOTILAL OSWAL MUTUAL FUND - MO",B,STK,63.02,64.51,63.02,64.46,64.51,63.69,281,41090,2632086,
536974,"CAPTAIN POLYPLAST LTD",X,STK,77.5,77.5,73.8,75.93,75.93,77.66,347,52581,4023810,
537007,"ICICI Prudential Nifty ETF",B,STK,272.95,274.99,271.35,274.65,274.88,272.95,933,25995,7114600,
537008,"ICICI Prudential Nifty 100 ETF",B,STK,28.4,28.4,27.74,28.23,28.4,27.71,37,1999,55894,
537069,"ARNOLD HOLDINGS LTD",X,STK,14.1,14.79,13.56,13.9,13.9,14.08,34,4868,69570,
537253,"SUNIL HEALTHCARE LTD",X,STK,61.1,64,61.1,64,64,64,10,719,44747,
537259,"SUYOG TELEMATICS LTD",B,STK,819,819,786.95,797.1,802,793.9,62,799,637981,
537291,"NATH BIO-GENES (INDIA) LTD",B,STK,167.95,170.65,166.8,168.1,166.8,167,22,862,144932,
537292,"AGRI- TECH (INDIA) LTD",B,STK,122.4,122.4,122.4,122.4,122.4,120.64,17,90,11016,
537326,"CHEMTECH INDUSTRIAL VALVES LTD",X,STK,90.5,96.55,90.49,95.76,95.5,89.89,348,65969,6265171,
537483,"NIPPON INDIA ETF NIFTY 100",B,STK,265.89,268.96,263.26,266.7,268.96,263.26,94,1388,368502,
537536,"DENIS CHEM LAB LTD",X,STK,80,81.7,76.62,78.42,78.8,80.27,126,8097,637673,
537573,"POLYMAC THERMOFORMERS LTD",M,STK,14.93,14.95,14.93,14.93,14.93,16.58,4,4000,59736,
537582,"UNISHIRE URBAN INFRA LTD",M,STK,1.52,1.52,1.52,1.52,1.52,1.52,2,20000,30400,
537669,"LAXMIPATI ENGINEERING WORKS LI",M,STK,257.1,262.8,257.1,262.8,262.8,257.05,2,2500,654150,
537707,"LADDU GOPAL ONLINE SERVICES LI",XT,STK,0.79,0.79,0.78,0.78,0.79,0.78,162,367411,288150,
537708,"KOTAK MAHINDRA MUTUAL FUND - K",B,STK,266.33,268.92,266.33,268.12,268.87,266.6,173,5695,1523516,
537709,"SHREE HANUMAN SUGAR & INDUSTRI",XT,STK,4.68,4.74,4.51,4.62,4.51,4.6,64,20629,95094,
537750,"KIRAN VYAPAR LTD",X,STK,192.6,194.95,186.1,186.65,186.1,192.6,29,1697,318799,
537766,"B.C. POWER CONTROLS LTD",X,STK,2.21,2.3,2,2.18,2.18,2.25,284,113726,247815,
537785,"RACE ECO CHAIN LIMITED",T,STK,129.75,133.5,129,133,133,131.5,17,1711,222958,
537800,"MANGALAM INDUSTRIAL FINANCE LT",XT,STK,0.77,0.79,0.75,0.76,0.77,0.77,1790,8439512,6455698,
537820,"VIJI FINANCE LTD",T,STK,3.16,3.32,3.16,3.25,3.31,3.27,33,6444,20803,
537839,"HBG HOTELS LIMITED",X,STK,89,93,87,90,90,87.27,80,11526,1034370,
537840,"RAUNAQ INTERNATIONAL LIMITED",X,STK,49.8,51.11,47.88,51.11,51.11,48.68,9,910,44528,
537985,"INFRONICS SYSTEMS LTD",X,STK,19.65,19.65,18,18.67,19.06,18.21,68,7321,138702,
538057,"CPSE ETF",A,STK,105.52,107,105.23,106.84,107,105.42,889,188576,20007295,
538081,"HARIA APPARELS LTD",X,STK,4.82,5.79,4.82,5.5,5.5,5.4,12,1331,7563,
538092,"SHRI VASUPRADA PLANTATIONS LIM",X,STK,96,103.99,96,102,102,101,15,402,40445,
538119,"R&B DENIMS LTD",T,STK,13.96,13.96,13.96,13.96,13.96,14.69,565,147617,2060733,
538212,"SHARP INVESTMENTS LTD",XT,STK,0.45,0.46,0.43,0.45,0.45,0.45,189,289966,129245,
538268,"WONDERLA HOLIDAYS LTD",B,STK,570.9,570.9,547.75,550.35,549.45,559.7,496,4330,2397677,
538273,"RESPONSE INFORMATICS LTD",X,STK,25.87,26,25,25.01,26,26,9,2109,52743,
538319,"GCM CAPITAL ADVISORS LTD",MT,STK,3.3,3.5,3.3,3.5,3.5,3.34,5,25000,82700,
538351,"A.F. ENTERPRISES LTD",Z,STK,2.12,2.18,1.98,1.99,2.16,2.08,163,218960,456575,
538365,"INCREDIBLE INDUSTRIES LIMITED",B,STK,37,37,35.7,37,37,36.66,6,156,5668,
538382,"WEST LEISURE RESORTS LTD",X,STK,94.45,101,94.45,101,101,96.38,2,2,195,
538395,"NAM SECURITIES LTD",XT,STK,70,72,69.01,71.2,72,69.95,7,817,57913,
538401,"MAESTROS ELECTRONICS & TELECOM",X,STK,140.05,144.85,137.75,138.05,138.05,136.85,71,2830,398374,
538422,"JACKSON INVESTMENTS LTD",X,STK,0.53,0.54,0.46,0.48,0.49,0.51,480,1074312,513930,
538446,"MONEYBOXX FINANCE LIMITED",B,STK,74.58,77.5,74.58,77.12,77.5,75.04,183,2465,188188,
538451,"WORTH INVESTMENT & TRADING CO",XT,STK,4.07,4.07,4.04,4.07,4.07,3.88,254,303009,1231623,
538464,"THIRANI PROJECTS LTD",X,STK,4.2,4.2,4.18,4.18,4.18,4.3,7,1300,5438,
538465,"AMARNATH SECURITIES LTD",X,STK,13.66,14.66,13.66,14.66,14.66,13.7,21,7421,106814,
538476,"CAPITAL TRADE LINKS LTD",X,STK,17.08,17.97,17.08,17.42,17.23,17.07,44,5052,88929,
538496,"TARINI INTERNATIONAL LTD",M,STK,9.78,9.78,9.78,9.78,9.78,9.8,1,3000,29340,
538520,"SHIVAMSHREE BUSINESSES LIMITED",XT,STK,1.83,1.83,1.81,1.81,1.81,1.81,7,2575,4705,
538521,"YAAN ENTERPRISES LIMITED",X,STK,114,114,109,110.97,111.5,109.99,15,1084,121874,
538539,"ANNVRRIDHHI VENTURES LIMITED",XT,STK,10.94,10.94,10.45,10.57,10.84,10.6,76,11077,117550,
538540,"RAMCHANDRA LEASING & FINANCE L",XT,STK,12.67,12.67,12.67,12.67,12.67,12.92,38,13062,165495,
538546,"BANSAL ROOFING PRODUCTS LTD",B,STK,123,124.85,117,122.75,122.75,123,313,21914,2649199,
538556,"ARMAN HOLDINGS LTD",X,STK,106.75,114.45,100,106.7,112.6,106.75,128,13943,1456445,
538562,"SKIPPER LTD",A,STK,414.95,438.6,408,433.5,431.35,407.2,1441,45040,19024268,
538563,"SMT ENGINEERING LIMITED",XT,STK,422.9,422.9,405,405,405,425,5,54,21887,
538564,"JAMES WARREN TEA LTD",X,STK,300,305,295.9,296.25,296.25,299.8,61,3827,1148111,
538565,"Vistar Amar Limited",XT,STK,218.9,219.85,210.1,219.85,219.85,209.4,146,16688,3616290,
538567,"GULF OIL LUBRICANTS INDIA LTD",B,STK,959.95,978.7,952.95,971.55,970.95,950.55,221,2135,2073058,
538568,"FRUITION VENTURE LTD",X,STK,40.5,40.5,38.69,38.7,38.7,40.72,13,168,6561,
538569,"TRIVENI ENTERPRISES LTD",X,STK,1.05,1.11,1.05,1.11,1.11,1.05,26,18200,19677,
538596,"CEMANTIC INFRA-TECH LIMITED",XT,STK,4.98,5.1,4.74,4.98,4.98,4.98,14,1103,5488,
538597,"TTI ENTERPRISE LTD",XT,STK,10.7,10.7,9.97,10.4,10.4,10.49,32,2099,21041,
538598,"VISHAL FABRICS LTD",B,STK,22.88,23.07,22.21,22.91,22.95,22.38,321,83247,1893809,
538607,"TOYAM SPORTS LIMITED",X,STK,0.91,0.95,0.89,0.9,0.9,0.93,481,1001557,910925,
538609,"GAJANAN SECURITIES SERVICES LT",X,STK,71.8,71.8,66.15,69.59,69.55,70.6,36,1803,126563,
538610,"UNISON METALS LTD",X,STK,1.09,1.18,1.09,1.13,1.15,1.11,684,2553485,2915518,
538611,"Real Touch Finance Limited",Z,STK,57.19,57.19,57.19,57.19,57.19,60.2,9,493,28194,
538634,"VASUNDHARA RASAYANS LTD",X,STK,127.8,134.95,125.2,132.25,132,134.85,56,6136,803069,
538635,"SNOWMAN LOGISTICS LTD",B,STK,42.09,43.82,42.09,43.16,43.25,43.24,383,33448,1442509,
538646,"QGO FINANCE LIMITED",X,STK,41.64,41.99,40.51,40.63,40.51,41.64,22,2012,83340,
538647,"PURSHOTTAM INVESTOFIN LTD",X,STK,37.4,40.98,35.07,40.05,39.99,37.4,31,4575,183092,
538666,"Sharda Cropchem Limited",A,STK,1114.5,1141.15,1101.25,1109.7,1109.15,1100.65,743,9143,10209800,
538667,"Sirohia & Sons Limited",MT,STK,8.01,8.01,8.01,8.01,8.01,7.63,1,10000,80100,
538668,"Meghna Infracon Infrastructure",B,STK,622.9,626.9,610.1,620.95,620.95,618.35,328,34701,21422263,
538674,"City Online Services Limited",Z,STK,7.23,7.44,7.23,7.44,7.44,7.09,2,55,408,
538683,"NIPPON INDIA ETF SENSEX",A,STK,897,900,888,897.38,900,892.04,2549,19292,17273928,
538685,"SHEMAROO ENTERTAINMENT LIMITED",B,STK,106.09,106.74,103.97,105.35,105,106.11,99,1115,117614,
538706,"Ultracab (India) Limited",X,STK,7.75,7.82,7.5,7.61,7.51,7.67,352,138639,1068760,
538707,"Rajasthan Cylinders & Containe",X,STK,33.45,33.45,32,32,32,31.45,10,253,8170,
538708,"Econo Trade (India) Limited",X,STK,7.64,7.64,7.5,7.55,7.55,7.73,31,3748,28303,
538713,"Atishay Limited",X,STK,224.35,230,219.15,228.7,230,225.5,82,4104,930145,
538714,"Sangam Finserv Limited",X,STK,40,40.2,38.12,40,40.2,40,10,820,32798,
538715,"Dhabriya Polywood Limited",X,STK,339.95,352.95,339.95,346.9,350.8,343.35,133,5619,1964495,
538716,"Aryaman Capital Markets Limite",B,STK,476.4,476.4,474,476.3,476.4,475,8,73,34772,
538730,"PDS LIMITED",B,STK,299.95,308.05,294.6,301.45,301.7,300.4,924,21936,6599794,
538732,"Vibrant Global Capital Limited",X,STK,49.4,51.39,46,50.17,49.5,50.02,360,51544,2495399,
538734,"CEINSYS TECH LIMITED",B,STK,1155,1238,1154.9,1228.45,1228.45,1141.15,1122,14568,17568450,
538742,"PANABYTE TECHNOLOGIES LIMITED",XT,STK,27.5,27.5,27.1,27.5,27.5,28,12,1048,28780,
538743,"Mudunuru Limited",XT,STK,13.53,13.53,12.89,13.53,13.53,12.89,20,3220,43424,
538765,"JLA Infraville Shoppers Limite",M,STK,7.5,8,7.5,7.6,8,8.08,3,25000,190000,
538770,"Crane Infrastructure Limited",X,STK,14.89,14.89,13,13.62,14.47,14.72,36,3033,42031,
538772,"Niyogin Fintech Limited",X,STK,44.1,45.73,44,44.97,45.24,44.42,247,75528,3380498,
538777,"ASIA CAPITAL LIMITED",XT,STK,53.24,53.24,53.24,53.24,53.24,52.2,1,1,53,
538778,"Kalyan Capitals Limited",X,STK,6.62,7.51,6.5,7.51,7.51,6.26,411,84596,616038,
538787,"Goenka Business & Finance Limi",XT,STK,10.15,10.49,9.95,10.33,10.42,10.15,85,8357,86233,
538788,"Gilada Finance & Investments L",X,STK,12.85,12.85,12.36,12.49,12.5,12.53,32,4314,53650,
538795,"Shree Ajit Pulp And Paper Ltd.",X,STK,269.25,272.8,260,270.5,269,269.25,41,1277,342145,
538817,"Captain Pipes Limited",B,STK,12.08,13.27,11.51,11.94,11.94,12.08,2119,1654351,20327716,
538833,"KAIZEN AGRO INFRABUILD LIMITED",X,STK,10.08,10.35,10.01,10.26,10.26,9.98,29,6772,69811,
538834,"JMJ Fintech Limited",X,STK,10.55,10.94,10.1,10.41,10.41,10.66,110,43087,457080,
538835,"INTELLECT DESIGN ARENA LIMITED",A,STK,719.2,719.2,692.55,694.6,694.6,699.1,1020,12703,8844413,
538836,"Monte Carlo Fashions Limited",B,STK,583,588.85,558,566.7,567.5,580.15,190,2511,1439993,
538837,"Jeevan Scientific Technology L",X,STK,75,83.54,75,82.44,82.44,75.95,321,143452,11666968,
538838,"Indo Cotspin Limited",X,STK,29,31.75,29,31.45,31.45,29.29,14,762,23127,
538857,"Scintilla Commercial & Credit",XT,STK,17.01,17.01,16.93,17.01,17.01,16.68,13,24560,417735,
538860,"PANAFIC INDUSTRIALS LTD",X,STK,1.14,1.14,1.14,1.14,1.14,1.24,78,414516,472548,
538862,"My Money Securities Ltd.",X,STK,40.5,45,40.5,45,45,45,14,743,32983,
538868,"Continental Securities Limited",X,STK,14.02,14.84,14.02,14.35,14.37,14.36,93,16668,237310,
538874,"NEXUS SURGICAL AND MEDICARE LI",X,STK,19,19,19,19,19,19,7,236,4484,
538875,"SELLWIN TRADERS LIMITED",X,STK,6.79,6.85,6.26,6.54,6.51,6.57,592,1198433,7898769,
538881,"Galada Finance Limited",X,STK,32.15,32.15,30.62,30.62,30.62,30.62,7,2094,67218,
538882,"Emerald Finance Limited",X,STK,65,66,62,62.93,64.3,65.28,307,55070,3515926,
538890,"M. K. Exim (India) Ltd.",X,STK,65.98,65.98,63.08,64.96,64.96,63.94,117,32434,2102943,
538891,"MAGELLANIC CLOUD LIMITED",B,STK,26.51,27.69,26.51,27.09,27.09,26.68,945,138182,3754457,
538894,"Octal Credit Capital Ltd.",XT,STK,20.74,21.78,19.75,21.78,21.78,20.75,11,882,17458,
538895,"Mihika Industries Ltd.",X,STK,13,13.24,12.5,13.17,13.17,12.99,17,1467,19176,
538896,"Kanchi Karpooram Ltd.",X,STK,390,410,389.85,400.95,403.4,390.25,270,8296,3358586,
538902,"Dhunseri Tea & Industries Ltd",B,STK,141.9,144.4,138,143.9,143.9,135.85,22,207,29503,
538918,"Vani Commercials Limited",X,STK,8.8,9.03,8.77,8.88,9.01,8.82,77,105001,937219,
538919,"SKYLINE VENTURES INDIA LIMITED",X,STK,29.04,29.04,27.59,27.59,27.59,29.04,5,1210,34833,
538920,"VINTAGE COFFEE AND BEVERAGES L",B,STK,142.85,143.8,141.05,141.95,142,141,776,21907,3116576,
538922,"COSYN Limited",X,STK,23.5,24.49,22.59,23.99,23.99,22.45,26,1668,39665,
538923,"SOFCOM SYSTEMS LIMITED",X,STK,26,28,25,27.27,28,26.75,367,164663,4365755,
538926,"Naturite Agro Products Limited",X,STK,186.95,187.5,182.7,187.5,187,178.6,33,1449,270376,
538928,"Karnavati Finance Limited",X,STK,1.39,1.48,1.37,1.47,1.48,1.41,53,20542,29582,
538942,"Mercantile Ventures Limited",X,STK,24,24,22.22,23,23,22.83,48,2402,54515,
538943,"Sonal Mercantile Limited",X,STK,99.04,103.67,99.04,103.52,101,98.75,14,410,42221,
538952,"Abhinav Leasing & Finance Limi",X,STK,1.32,1.39,1.32,1.32,1.32,1.31,19,6139,8497,
538961,"GENUS PAPER & BOARDS LIMITED",B,STK,15.79,15.79,14.12,14.42,14.4,14.03,75,13521,200486,
538962,"Minda Corporation Limited",A,STK,507.75,541.5,507.75,532.75,530.95,504.65,1448,24882,13131082,
538965,"Concord Drugs Limited",X,STK,83,87.5,83,85.99,86,82.39,78,7915,681134,
538970,"WARDWIZARD INNOVATIONS AND MOB",XT,STK,9.22,9.55,8.65,8.74,8.74,9.1,3433,2372461,21451973,
538975,"Shree Securities Ltd.",Z,STK,0.19,0.2,0.19,0.2,0.2,0.2,219,977561,189444,
538979,"Greenlam Industries Ltd",B,STK,223.4,232.8,222.45,224.3,224,222.05,558,9925,2267164,
538987,"TALBROS ENGINEERING LIMITED",X,STK,668.35,697.95,668.3,680.25,681,686.95,92,1720,1173783,
539005,"JAYATMA ENTERPRISES LIMITED",X,STK,22.73,22.73,22.73,22.73,22.73,21.65,1,5,113,
539006,"PTC Industries Ltd.",A,STK,16149.15,16149.15,15665.25,15703.3,15716.85,15945.9,158,294,4642102,
539011,"CHENNAI FERROUS INDUSTRIES LIM",X,STK,104.8,104.8,99,99.9,101.93,97.58,63,4082,414996,
539012,"Megri Soft Limited",X,STK,90,90,83.6,85.13,83.6,84.58,14,385,33915,
539013,"GITA RENEWABLE ENERGY LIMITED",XT,STK,75,80,75,79.88,79.7,77.5,41,4934,389007,
539014,"Kalpa Commercial Limited",X,STK,10.1,10.1,8.62,8.71,8.7,9.39,26,7782,71584,
539015,"Ortel Communications Limited",Z,STK,1.84,1.84,1.83,1.83,1.83,1.8,5,5511,10090,
539016,"Neil Industries Ltd.",X,STK,7.07,7.07,7.07,7.07,7.07,7.07,7,345,2439,
539017,"STAR HOUSING FINANCE LIMITED",X,STK,6.22,6.22,6.21,6.22,6.22,5.93,102,231566,1439961,
539018,"Beekay Steel Industries Ltd.",X,STK,432.55,435,412,431.65,430,432.55,144,6019,2527934,
539031,"SBI Mutual Fund",A,STK,282.96,284.34,282.85,283.88,283.88,282.58,20,612,173697,
539032,"Fraser And Company Limited",XT,STK,11.01,12.05,10.93,11.86,12.05,11.5,34,48400,572660,
539040,"TIRUPATI INNOVAR LIMITED",X,STK,7.6,8,7.03,7.74,7.87,7.39,383,99649,758485,
539041,"GANESHA ECOVERSE LIMITED",MT,STK,26.9,26.95,25.66,26.95,26.95,26.99,11,17500,465162,
539042,"AGI Infra Limited",B,STK,362.65,378.6,362.65,374.6,375.9,358.9,2483,113534,42197557,
539044,"Manaksia Steels Limited",B,STK,73.9,73.9,67.9,70.91,70.69,67.9,565,18355,1296316,
539045,"Manaksia Aluminium Company Ltd",T,STK,30.59,31.7,29.01,31.35,31.35,30.31,128,24658,744787,
539046,"Manaksia Coated Metals & Indus",B,STK,107.02,111.85,106.6,109.94,109.94,106.43,211,12265,1332395,
539056,"IMAGICAAWORLD ENTERTAINMENT LI",B,STK,49.75,49.95,48.15,49.63,49.55,48.38,469,58957,2896580,
539083,"Inox Wind Limited",A,STK,95.52,99.98,95.52,97.81,97.81,95.46,12727,1989881,195408804,
539090,"Rajputana Investment and Finan",X,STK,35,35,34,34.07,34,34.8,21,3979,137169,
539091,"Consecutive Commodities Limite",X,STK,0.99,1.04,0.98,1,1.01,0.98,222,129757,129920,
539097,"UR SUGAR INDUSTRIES LIMITED",B,STK,3.32,3.48,3.25,3.4,3.4,3.25,184,176808,593117,
539098,"Filtra Consultants and Enginee",M,STK,61.57,61.62,61.57,61.62,61.62,67.9,2,4000,246380,
539111,"SHESHADRI INDUSTRIES LIMITED",X,STK,15.9,15.9,15.9,15.9,15.9,16.08,2,301,4785,
539113,"Paul Merchants Ltd.",X,STK,530.25,588,530.25,581.55,588,530.3,108,955,539384,
539115,"ALAN SCOTT ENTERPRISES LIMITED",X,STK,262,262,255,255.7,255,260.55,15,812,207996,
539117,"Sujala Trading & Holding Ltd.",X,STK,27.83,27.83,25.8,26.08,26.08,26.89,903,342417,9113079,
539118,"VRL Logistics Limited",B,STK,262.05,263.5,259,261.05,261.1,261.5,251,2956,772191,
539120,"GRAMEVA LIMITED",X,STK,63.21,63.21,61,63.2,63.2,60.2,61,4943,311581,
539121,"Palco Metals Limited",X,STK,140.49,158.8,140,149.83,149.98,137.75,134,9928,1463731,
539122,"Bodhtree Consulting Limited",XT,STK,17.5,17.5,17.1,17.27,17.27,17.44,24,12546,215499,
539123,"V B INDUSTRIES LIMITED",X,STK,7.35,7.35,6.83,7.27,7.2,7,40,8291,60222,
539124,"Survottam Finvest Ltd.",X,STK,17.99,17.99,15.7,17.23,17.59,17,21,1076,18244,
539126,"MEP Infrastructure Developers",Z,STK,0.92,0.92,0.92,0.92,0.92,0.91,26,60865,55995,
539132,"Wardwizard Foods and Beverages",X,STK,9.41,9.87,9.15,9.4,9.4,9.48,391,279984,2659322,
539141,"UFO Moviez India Limited",B,STK,70.5,72.9,70.5,72.06,72.8,71.53,293,9068,654039,
539143,"PANTH INFINITY LIMITED",X,STK,10.88,11.74,10.75,11.73,11.74,10.68,817,562356,6350006,
539148,"Shivalik Rasayan Ltd.",B,STK,274.7,281,272,278.75,281,272.15,97,1314,361599,
539149,"Integrated Capital Services Lt",XT,STK,5.04,5.04,4.58,4.7,4.7,4.8,18,1495,6967,
539150,"PNC Infratech Limited",A,STK,209.7,209.7,201.15,203.55,203.45,201.85,587,18575,3797768,
539151,"Arfin India Limited",B,STK,95.99,96.46,92.68,94.47,94.65,93.87,260,26244,2485736,
539167,"Virat Leasing Limited",XT,STK,52,52,52,52,52,52.13,1,5,260,
539174,"Helpage Finlease Ltd.",X,STK,23,23,21.55,21.94,22,23,13,145,3242,
539175,"BLUEGOD ENTERTAINMENT LIMITED",X,STK,3.22,3.28,3.12,3.24,3.24,3.21,525,1024911,3273037,
539176,"Hawa Engineers ltd.",X,STK,90,90,86,88.03,88.03,86.27,26,1227,107916,
539177,"Authum Investment & Infrastruc",A,STK,451.25,464,447.8,459.6,462.95,448.3,1363,46919,21428345,
539189,"Adhbhut Infrastructure Ltd.",X,STK,16,17.59,14.65,15.01,15.01,16.04,24,925,15523,
539190,"Decillion Finance Ltd.",X,STK,44.6,44.6,44.6,44.6,44.6,44.56,2,100,4460,
539195,"POCL ENTERPRISES LTD",X,STK,192.6,196.15,186.1,194.05,194.85,192.55,417,39576,7602410,
539196,"Amba Enterprises Ltd.",X,STK,141,141,136.3,138.7,136.95,137.1,60,2294,315871,
539199,"SG FINSERVE LIMITED",B,STK,525,538,510.3,513.75,513.75,517.65,3281,86336,45115425,
539200,"NOBLE POLYMERS LIMITED",XT,STK,2.02,2.02,2.02,2.02,2.02,1.99,2,4651,9395,
539201,"SATIA INDUSTRIES LIMITED",B,STK,65.5,68.31,65.25,66.85,66.9,66.98,383,10347,693722,
539206,"GENOMIC VALLEY BIOTECH LIMITED",X,STK,28.5,28.5,28.5,28.5,28.5,29.9,4,80,2280,
539216,"GARMENT MANTRA LIFESTYLE LIMIT",X,STK,1.44,1.46,1.39,1.4,1.4,1.42,636,2856264,4051065,
539217,"Srestha Finvest Limited",X,STK,0.3,0.31,0.28,0.29,0.29,0.3,831,8243708,2422172,
539218,"Saumya Consultants Ltd.",X,STK,123.15,125.15,123.15,125.15,125.15,128.95,2,11,1356,
539219,"MAURIA UDYOG LIMITED",X,STK,9.9,9.91,9.71,9.9,9.89,9.69,83,42453,419623,
539220,"Mishka Exim Limited",X,STK,39.8,40.71,39.6,40.71,40.71,39.89,12,2459,97933,
539221,"Sportking India Ltd.",B,STK,140.6,142.2,138.25,139.8,139.95,138.45,229,7691,1079377,
539222,"GROWINGTON VENTURES INDIA LIMI",T,STK,0.94,0.96,0.91,0.94,0.94,0.95,855,5897100,5428359,
539224,"HCKK Ventures Limited",XT,STK,34,35.45,32.27,32.36,35.4,33.77,27,7578,260368,
539226,"RUDRA GLOBAL INFRA PRODUCTS LI",B,STK,22,24.9,21.65,23.39,23.39,21.88,193,24576,562717,
539227,"Loyal Equipments Limited",X,STK,197.9,203.7,193,201.4,201.4,191.7,190,9677,1939490,
539228,"Gala Global Products Limited",Z,STK,1.8,1.83,1.75,1.81,1.81,1.75,99,50740,91966,
539251,"Balkrishna Paper Mills Ltd.",B,STK,17.43,17.88,16.59,17.45,17.88,16.95,39,2187,38300,
539252,"Shyam Century Ferrous Limited",B,STK,5.72,6,5.2,5.61,5.41,5.46,223,66913,369654,
539254,"Adani Energy Solutions Limited",A,STK,1236,1266.6,1223,1259.2,1250,1222.3,10606,189611,235680633,
539255,"STAR DELTA TRANSFORMERS LIMITE",X,STK,598.75,625,586.05,608.55,614,598.75,272,9669,5919404,
539267,"SAMSRITA LABS LIMITED",X,STK,18.89,18.89,17.95,17.95,17.95,18.89,17,366,6575,
539268,"Syngene International Limited",A,STK,437.95,441.5,431,435.7,441,434.7,1557,70278,30730418,
539275,"Mangalam Seeds Limited",X,STK,132.4,140.4,130,140.35,140.35,140.8,28,811,112774,
539276,"Kaya Limited",B,STK,292,295.7,284.9,294.5,295.7,281,90,3263,954815,
539277,"Alstone Textiles (India) Ltd",X,STK,0.13,0.14,0.13,0.13,0.13,0.13,4410,141889384,18497313,
539278,"Symbiox Investment & Trading C",X,STK,2,2,1.96,1.96,1.96,2,21,2655,5295,
539288,"Avi Polymers Ltd.",XT,STK,12.9,12.9,12.89,12.9,12.9,12.29,2441,7958208,102658865,
539289,"Aurum PropTech Limited",B,STK,168,183.1,168,177.85,176.1,176.8,41,1144,203192,
539290,"Oswal Greentech Limited",B,STK,29.72,29.72,29,29.16,29.16,29.14,391,24090,701902,
539300,"SUNRAKSHAKK INDUSTRIES INDIA L",X,STK,268.95,269.85,262.15,266.7,268,265.95,133,8257,2192779,
539301,"Arvind SmartSpaces Limited",B,STK,603.85,610.2,599,602.5,603.85,605.25,112,1616,975249,
539302,"Power Mech Projects Limited",A,STK,2314.4,2395.7,2314.2,2377.9,2377.9,2301.3,747,4639,10935212,
539309,"Rama Steel Tubes Limited",B,STK,5.86,5.93,5.75,5.93,5.93,5.65,1262,3256893,19279234,
539310,"THINKINK PICTUREZ LIMITED",XT,STK,0.21,0.22,0.2,0.22,0.22,0.21,334,1536046,331248,
539312,"UTI BSE Sensex ETF",A,STK,858.65,864,858.65,864,864,863.5,9,124,106902,
539313,"UTI Mutual Fund",B,STK,266.57,268.43,266.51,268.2,268.24,266.79,99,551,147423,
539314,"Universal Autofoundry Limited",B,STK,57.36,60.5,57.36,59.71,60.5,58.52,50,6617,389077,
539331,"VETO SWITCHGEARS AND CABLES LI",B,STK,106.9,108.95,104.6,107.13,107.13,104.33,140,3953,422628,
539332,"Navkar Corporation Limited",B,STK,110.3,113.66,108.57,112.01,111,109.67,1193,70075,7781945,
539334,"Shree Pushkar Chemicals & Fert",B,STK,350.4,350.4,343.8,347.25,347.3,344.05,47,404,140422,
539335,"Callista Industries Limited",XT,STK,195,200,195,200,200,200.9,2,11,2150,
539336,"Gujarat Gas Limited",A,STK,339.95,365.95,338.05,362.6,362.6,335.7,11621,788099,278794651,
539337,"WAAREE TECHNOLOGIES LIMITED",M,STK,276,285.75,275,285.75,285.75,259.8,721,187775,53205932,
539346,"Sadbhav Infrastructure Project",B,STK,3.32,3.34,3.04,3.2,3.26,3.19,234,416442,1374348,
539353,"SAL AUTOMOTIVE LIMITED",X,STK,204,212.7,202.3,202.85,212.7,204.05,12,234,47591,
539354,"Polyspin Exports Ltd.",X,STK,31.15,31.15,31.05,31.15,31.15,31.15,10,416,12940,
539359,"Pritika Auto Industries Limite",B,STK,13.98,14,13.63,13.93,13.81,13.61,162,18298,252723,
539383,"Mahaveer Infoway Limited",Z,STK,10,10,9.75,9.75,9.75,10.26,3,201,1960,
539384,"Krishna Capital And Securities",XT,STK,44.25,44.25,44.25,44.25,44.25,42.15,5,423,18717,
539391,"Acme Resources Limited",Z,STK,31.55,32.49,31.55,32.3,32.49,32.19,24,2599,83010,
539398,"Vishal Bearings Limited",T,STK,66.9,67.12,66.9,67.12,67.12,63.93,47,1360,91182,
539399,"Bella Casa Fashion & Retail Li",B,STK,305.9,307.3,286,289.55,290,305.3,122,1161,338516,
539400,"MALLCOM (INDIA) LTD.",B,STK,1121,1121,1085.3,1102.05,1102.35,1110,38,200,220856,
539402,"Naksh Precious Metals Limited",B,STK,4.95,4.95,3.6,4.5,4.5,4.41,36,26658,98827,
539404,"SATIN CREDITCARE NETWORK LIMIT",B,STK,163.25,178.5,160.8,174.75,174.75,161.05,1307,43005,7489781,
539405,"Decorous Investment and Tradin",X,STK,14.7,14.7,13.97,13.97,13.97,14.7,2,19,272,
539406,"Swagatam Trading & Services Li",X,STK,66.01,69.3,66.01,69.3,69.3,69.3,2,6,399,
539407,"Generic Engineering Constructi",B,STK,43.8,45.27,43.6,44.4,44,43.8,495,4175,184866,
539408,"Kuber Udyog Limited",X,STK,12.81,13.65,12.81,12.82,12.82,13,9,16650,215524,
539409,"NEERAJ PAPER MARKETING LIMITED",X,STK,17.5,18.11,17.5,18,18,17.25,10,726,12791,
539428,"Tejnaksh Healthcare Limited",X,STK,15.43,15.9,15,15.06,15.44,15.02,39,9356,141979,
539435,"Richfield Financial Services L",X,STK,27.55,28.39,27.36,27.36,27.36,28.8,15,2251,61658,
539436,"Coffee Day Enterprises Limited",B,STK,27.79,28.55,27.5,27.93,27.94,27.93,591,93927,2631054,
539437,"IDFC FIRST BANK LIMITED",A,STK,67.82,68.8,67.32,68.52,68.52,67.82,12998,1201113,82019974,
539448,"InterGlobe Aviation Limited",A,STK,4644.5,4647,4572.95,4638.75,4634,4605.5,3371,32429,149856860,
539449,"IGC Industries Limited",X,STK,2.95,2.95,2.52,2.7,2.69,2.61,167,89649,243675,
539450,"S H Kelkar and Company Limited",B,STK,144.75,147.4,143.15,147.2,147.2,143.8,265,8103,1176699,
539455,"ARYAVAN ENTERPRISE LIMITED",X,STK,50.1,50.1,45.5,47.47,47.85,45.22,50,16391,778069,
539468,"Typhoon Financial Services Lim",XT,STK,47.5,49.35,47.5,47.95,47.95,47,4,26,1248,
539469,"PANORAMA STUDIOS INTERNATIONAL",B,STK,43.13,44.25,43,43.95,44.18,43.98,217,92498,4015382,
539470,"Shree Ganesh Biotech (India) L",X,STK,0.67,0.7,0.66,0.69,0.69,0.67,569,1828966,1246829,
539479,"GTV Engineering Limited",X,STK,62.49,62.49,59.5,59.79,59.79,61.12,281,44144,2662452,
539480,"LIC MF EXHGE TRADED FUND-NIFTY",B,STK,270.42,271.45,269.4,270.49,270.49,270.42,8,107,28926,
539492,"Garbi Finvest Limited",X,STK,11.97,11.97,11.36,11.91,11.9,11.28,17,8751,104657,
539494,"Smart Finsec Limited",X,STK,8.13,8.75,8.13,8.23,8.6,8.4,126,30314,250888,
539495,"Rajkot Investment Trust Limite",XT,STK,38.1,42,38.1,42,42,40,8,10701,449438,
539506,"Adcon Capital Services Limited",X,STK,0.48,0.49,0.47,0.48,0.48,0.48,299,447291,213634,
539515,"Quint Digital Limited",X,STK,42.9,42.9,41,42.55,42.83,41.45,39,3136,131478,
539516,"HDFC Mutual Fund",B,STK,264.55,273,264.55,272.44,272.41,271.34,174,13116,3542501,
539517,"HDFC Mutual Fund",A,STK,89.41,89.41,87.22,88.76,88.76,88.2,61,1876,166029,
539518,"Uday Jewellery Industries Limi",X,STK,141.35,158.9,141.35,152.7,152.7,141.1,252,51133,7862188,
539519,"SATTVA SUKUN LIFECARE LIMITED",X,STK,0.7,0.72,0.7,0.71,0.72,0.7,162,344689,245655,
539522,"Grovy India Limited",X,STK,38.3,40,38.3,39.5,39.5,39.76,14,413,16109,
539523,"Alkem Laboratories Limited",A,STK,5638.2,5638.2,5502.8,5583.7,5555,5567.7,213,820,4557832,
539524,"Dr. Lal Pathlabs Limited",A,STK,1399.2,1419.55,1398.7,1403.15,1405.9,1411.75,866,6533,9213163,
539526,"Suncare Traders Limited",X,STK,0.56,0.57,0.54,0.55,0.55,0.56,279,991217,548383,
539527,"Creative Castings Limited",X,STK,588.95,597.9,588,595.95,597.9,588.95,19,275,162431,
539528,"AAYUSH WELLNESS LIMITED",X,STK,34,35.67,34,34.96,34.96,35.23,1022,133559,4626994,
539533,"ELITECON INTERNATIONAL LIMITED",B,STK,43.52,43.52,42.48,43.51,43.51,41.45,8776,3514954,152945152,
539542,"LUX Industries Limited",B,STK,1431.25,1500,1390.45,1483.05,1483.05,1431.2,721,8253,11908105,
539544,"Abhishek Infraventures Limited",XT,STK,7.8,7.8,7.8,7.8,7.8,7.43,4,812,6333,
539545,"Apoorva Leasing Finance & Inve",X,STK,37.45,37.45,33.73,36.61,36.61,37.47,25,514,18072,
539546,"AGRIBIO SPIRITS LIMITED",X,STK,278.2,285.9,277,280,277.2,283,59,9417,2629840,
539551,"Narayana Hrudayalaya Limited",A,STK,1799.85,1830,1759.7,1825.55,1829.3,1773.75,962,7865,14216667,
539552,"F MEC INTERNATIONAL FINANCIAL",XT,STK,85.58,85.58,81.34,81.93,81.93,85.62,207,33253,2712369,
539559,"Deep Health AI India Limited",X,STK,2.61,2.61,2.41,2.61,2.61,2.49,2492,6720098,17370241,
539561,"SUPHA PHARMACHEM LIMITED",XT,STK,0.42,0.44,0.42,0.44,0.44,0.42,329,3419960,1474561,
539562,"AARNAV FASHIONS LIMITED",B,STK,24.98,25.5,24.75,24.75,24.75,24.63,21,7121,178043,
539574,"Sunshine Capital Ltd.",X,STK,0.23,0.23,0.22,0.23,0.23,0.22,2699,21066007,4725243,
539593,"Shivansh Finserv Limited",X,STK,12.98,12.98,10.86,11.71,11.35,11.97,164,33196,387149,
539594,"Mishtann Foods Limited",X,STK,4.78,4.85,4.56,4.77,4.77,4.77,2398,1466925,6980060,
539596,"Delta Industrial Resources Lim",X,STK,12.74,12.74,12.1,12.7,12.7,12.75,7,350,4434,
539598,"CREDENT GLOBAL FINANCE LIMITED",X,STK,29,29.95,27.55,28.69,28.69,28.88,172,40294,1153978,
539599,"Kotia Enterprises Limited",XT,STK,30.75,30.75,29.22,30.75,30.75,30.75,7,106,3103,
539607,"Blue Cloud Softech Solutions L",B,STK,19.79,19.95,18.95,19.03,19.03,19.49,3512,2680611,51592873,
539620,"KANORIA ENERGY & INFRASTRUCTUR",XT,STK,18.3,18.3,17.01,17.2,17.2,17.71,54,8280,148814,
539621,"BCL Enterprises Limited",X,STK,0.63,0.66,0.63,0.66,0.66,0.63,54,360897,234065,
539636,"Precision Camshafts Limited",B,STK,155,158,154.5,156.05,156.5,155.45,451,24124,3757132,
539658,"TeamLease Services Limited",B,STK,1240,1274.9,1234.05,1238.3,1244.1,1224.55,348,2518,3162195,
539659,"VIKRAM KAMATS HOSPITALITY LIMI",T,STK,52.23,52.23,47.36,49.49,49.49,49.75,33,6912,330516,
539660,"BEST AGROLIFE LIMITED",T,STK,19.48,20.29,19.01,19.19,19.19,19.45,200,77128,1481215,
539661,"ACE MEN ENGG WORKS LIMITED",X,STK,100,100,93,97.58,97.95,97.55,47,156,14934,
539662,"BFL Asset Finvest Limited",X,STK,9.28,9.28,8.43,9.22,9.22,9.28,20,6994,62543,
539669,"RGF Capital Markets Limited",XT,STK,1.4,1.4,1.4,1.4,1.4,1.38,29,241066,337492,
539678,"Quick Heal Technologies Limite",B,STK,174.35,174.85,170.5,171.9,171.9,170.9,237,7767,1333914,
539679,"Kapil Raj Finance Ltd.",X,STK,3.11,3.14,2.96,2.98,2.98,3.11,298,311784,939865,
539682,"Mobavenue AI Tech Limited",T,STK,1200.1,1230,1200.1,1225,1225,1219.15,32,774,936909,
539686,"K.P. Energy Limited",B,STK,336.45,359.3,336.45,357.8,357.8,336.4,1316,45417,15942245,
539692,"INTERACTIVE FINANCIAL SERVICES",X,STK,14.85,15.26,13.01,15.04,15.04,15.27,54,13128,183631,
539697,"HILIKS TECHNOLOGIES LIMITED",X,STK,51.5,51.73,48.25,48.38,48.25,47.03,32,9034,453623,
539724,"HYPERSOFT TECHNOLOGIES LIMITED",XT,STK,113.9,125.75,113.9,123.15,123.15,119.85,98,13745,1699827,
539725,"Gokul Agro Resources Ltd",B,STK,208.65,211.9,205.1,205.75,205.7,205.85,635,35080,7299540,
539730,"Fredun Pharmaceuticals Limited",X,STK,1807,1859.75,1770,1839.15,1839.15,1795.8,547,9104,16713711,
539742,"Simbhaoli Sugars Ltd",Z,STK,8.95,9.19,8.8,9.16,9.16,8.84,40,20621,184597,
539760,"Relicab Cable Manufacturing Li",B,STK,36.75,38.89,36.65,38.45,38.69,36.75,22,1473,55934,
539761,"Vantage Knowledge Academy Limi",XT,STK,1.23,1.27,1.21,1.27,1.27,1.21,547,1212978,1516355,
539762,"MODERN ENGINEERING AND PROJECT",X,STK,41.79,47.4,41,43.16,46.45,40.49,713,162405,7137174,
539767,"Mega Nirman & Industries Limit",X,STK,41.69,42.93,40.12,40.52,42.93,41.69,12,965,39613,
539770,"DARJEELING INDUSTRIIES LIMITED",XT,STK,29.8,30.4,29.5,30.25,30.25,30.31,23,3011,90923,
539773,"Advik Capital Limited",X,STK,1.84,1.84,1.73,1.75,1.76,1.77,471,362644,636300,
539785,"Pudumjee Paper Products Limite",B,STK,92,92.5,89.38,90.43,90.25,90.81,179,6084,549303,
539787,"HealthCare Global Enterprises",A,STK,563.8,571.5,561,566.55,565,566.8,813,8806,4982859,
539798,"Umiya Tubes Limited",X,STK,35.8,35.84,33.76,34.68,34.68,34.88,77,18373,627019,
539799,"Bharat Wire Ropes Limited",B,STK,187.05,221.9,187.05,221.9,221.9,184.95,4009,820295,175910287,
539800,"CHD Chemicals Limited",X,STK,5,5.15,5,5.1,5.1,5,21,5612,28678,
539807,"AvenuesAI Limited",A,STK,15.45,15.67,15.1,15.22,15.22,15.37,2420,686959,10579482,
539814,"LE LAVOIR LIMITED",X,STK,220,231.85,214.45,227.05,226,224.45,62,5245,1183431,
539834,"Balgopal Commercial limited",X,STK,160.5,166.95,160,166.9,166.9,160.5,12,274,45454,
539835,"Superior Finlease Limited",X,STK,1.7,1.74,1.7,1.73,1.73,1.7,14,11870,20518,
539837,"RAGHAV PRODUCTIVITY ENHANCERS",B,STK,700.9,722,696.65,711.6,705.8,703.25,118,1608,1143622,
539841,"Lancer Container Lines Limited",XT,STK,11.39,11.39,11.06,11.28,11.34,11.17,584,199569,2241013,
539843,"NINtec Systems Limited",B,STK,459,472.1,450,460.45,460.45,450.4,131,1489,685915,
539854,"Halder Venture Limited",B,STK,263,270.25,244.8,254.6,260.7,261.8,117,1687,433582,
539871,"Thyrocare Technologies Limited",B,STK,392.6,395.8,385.6,389.4,390.85,394.3,415,12339,4796801,
539872,"Bajaj Healthcare Limited",B,STK,350,354,343.5,348.95,348.8,350.45,260,6075,2108456,
539875,"RSD Finance Limited",X,STK,85,85,80.02,80.74,84.9,87.4,46,2259,184760,
539876,"Crompton Greaves Consumer Elec",A,STK,264,264,258.5,261.25,260.05,261,4133,211816,55256481,
539883,"Pilani Investment And Industri",B,STK,4879.2,4941,4810.05,4921.85,4921.85,4828.45,70,184,902830,
539884,"Darshan Orna Limited",X,STK,2.77,2.77,2.66,2.69,2.71,2.72,116,99857,269555,
539889,"Parag Milk Foods Limited",B,STK,227.2,230,220.5,222.9,223.3,228.2,901,51494,11541439,
539894,"Madhav Infra Projects Limited",X,STK,8.93,9.5,8.92,9.13,9.13,9.19,382,197651,1840030,
539895,"SPICE LOUNGE FOOD WORKS LIMITE",B,STK,29.9,30.19,29.3,29.39,29.97,29.93,177,14612,436638,
539900,"DALMIA INDUSTRIAL DEVELOPMENT",XT,STK,11.82,11.82,11.5,11.59,11.59,11.59,10,349,4076,
539917,"NAGARJUNA FERTILIZERS AND CHEM",Z,STK,4.11,4.22,4.03,4.18,4.18,4.14,180,130345,537731,
539921,"Shanti Educational Initiatives",B,STK,178,182.5,175.05,178.3,178.3,178.1,836,378417,67911013,
539922,"Rotographics (India) Limited",X,STK,167.7,167.8,167.7,167.8,167.8,159.85,9,564,94594,
539927,"LIKHAMI CONSULTING LIMITED",XT,STK,352,352,352,352,352,370.5,4,25,8800,
539938,"Medico Intercontinental Limite",X,STK,29.55,29.55,28.5,29,29,28.29,13,924,26884,
539939,"Yash Chemex Limited",X,STK,52.31,54,52.31,53.87,54,52.36,26,2225,119524,
539945,"ICICI Prudential NV20 ETF",B,STK,14.26,14.5,14.23,14.48,14.49,14.37,111,114054,1631371,
539946,"Bazel International Limited",X,STK,22.57,22.57,21.1,22.25,22.37,21.5,68,4734,101714,
539956,"TAAL TECH LIMITED",X,STK,3090,3100,3034.5,3050.1,3050.1,3065.2,141,978,2994021,
539957,"Mahanagar Gas Limited",A,STK,1107.95,1132.1,1097,1125.45,1132.1,1091.5,1989,33609,37616059,
539963,"Zeal Aqua Limited",XT,STK,14.93,15.31,14.6,15.26,15.31,14.59,620,299034,4536061,
539978,"Quess Corp Limited",A,STK,196.05,200,196.05,197.1,196.65,196.05,550,9186,1816104,
539979,"DIGJAM LIMITED",B,STK,49.5,50.98,48,48,48,47.75,15,973,48361,
539980,"ICICI Prudential BSE Midcap Se",B,STK,17.78,18.05,17.76,17.92,18,17.83,274,105154,1884073,
539984,"HINDUSTHAN INSULATORS and INDU",XT,STK,900,900,817.2,823.65,823.65,860.2,483,38673,32573579,
539985,"Titaanium Ten Enterprise Limit",M,STK,38.72,38.73,36.82,36.82,36.82,38.72,17,21000,803280,
539986,"Commercial Syn Bags Limited",B,STK,162.9,164.1,157.9,163.45,163.5,161.2,53,1336,216194,
539991,"CONFIDENCE FUTURISTIC ENERGETE",X,STK,37.4,37.4,32.25,33.23,33.23,35.8,750,230136,7617019,
539992,"LLOYDS ENGINEERING WORKS LIMIT",A,STK,53.41,56.9,53.26,55.84,55.79,53.26,4302,854880,47365861,
539997,"Kwality Pharmaceuticals Limite",B,STK,1699.95,1760,1692.1,1747,1747,1679.7,1988,32456,56328998,
540005,"LTM LIMITED",A,STK,4729,4775,4651.85,4753.45,4740,4729,1436,33373,158704393,
540006,"EAST WEST FREIGHT CARRIERS LTD",X,STK,3.28,3.28,3.08,3.22,3.22,3.2,104,58010,185348,
540008,"Aditya Birla Sun Life BSE Sens",A,STK,79.85,79.85,77.13,79.26,79.26,77.91,20,334,26224,
540023,"COLORCHIPS NEW MEDIA LIMITED",XT,STK,15.2,15.2,14.7,15.16,15.16,15.24,31,4794,72681,
540025,"Advanced Enzyme Technologies L",B,STK,314.9,314.9,302.15,307.95,304.2,306,615,13922,4259701,
540026,"Ladam Affortable Housing Limit",X,STK,8,8,7.02,7.75,7.75,7.6,19,484,3559,
540047,"Dilip Buildcon Limited",A,STK,454,461.1,454,457.55,456.6,455.15,150,2548,1165923,
540048,"S.P. Apparels Limited",B,STK,792.5,792.5,745.2,763.7,760.3,758.4,59,330,251489,
540061,"Bigbloc Construction Limited",B,STK,50.29,52.68,50.29,52.68,52.68,50.7,58,1620,83743,
540063,"ECS Biztech Limited",XT,STK,9.73,10.21,9.25,10.16,10.16,9.73,26,3463,33404,
540065,"RBL Bank Limited",A,STK,314.3,318.25,312.85,315.75,315.75,316,3090,155600,49051635,
540066,"AMS POLYMERS LIMITED",XT,STK,55.17,55.17,55.17,55.17,55.17,52.55,1,1,55,
540073,"BLS International Services Ltd",A,STK,302.6,302.85,296.05,296.95,297.75,298.05,1024,49945,14933764,
540078,"Mitsu Chem Plast Limited",X,STK,97,99.8,97,98.18,98.18,97.89,108,5174,507958,
540079,"Sprayking Limited",B,STK,1.43,1.6,1.43,1.52,1.53,1.46,372,693800,1052298,
540080,"Dhatre Udyog Limited",XT,STK,5.27,5.35,5.1,5.26,5.21,5.24,187,63523,334287,
540082,"Riddhi Steel and Tube Limited",MT,STK,178,178,178,178,178,170,1,4500,801000,
540083,"TV VISION LIMITED",B,STK,5.75,5.75,5.03,5.54,5.55,5.5,21,11278,58744,
540097,"GAMCO LIMITED",X,STK,39.21,42,39.21,40.47,40.47,39.79,143,75994,3137687,
540108,"TIAAN CONSUMER LIMITED",Z,STK,6.98,6.98,6.32,6.38,6.5,6.65,13,448,2935,
540115,"L&T Technology Services Limite",A,STK,3469.05,3519.95,3459.7,3488.5,3488.5,3449,2010,9199,32148281,
540124,"G N A Axles Limited",B,STK,455.95,455.95,430.1,436.5,436.2,443.65,630,6478,2851554,
540125,"Radhika Jeweltech Limited",B,STK,67.83,68.76,66.7,67.55,67.8,67.97,270,16616,1122333,
540132,"Sabrimala Industries India Lim",X,STK,12.89,12.89,12.7,12.7,12.7,11.98,20,2230,28481,
540133,"ICICI Prudential Life Insuranc",A,STK,567,567,548,562.4,562.4,557.7,4644,1312626,732733413,
540134,"ISHAAN INFRASTRUCTURE AND SHEL",X,STK,13.77,13.77,13.64,13.77,13.77,13.12,23,11522,158605,
540135,"ARC Finance Limited",XT,STK,0.62,0.65,0.62,0.64,0.64,0.64,907,1436686,919884,
540136,"HPL Electric & Power Limited",B,STK,349.75,361.85,345.55,356.5,358,345.05,680,23442,8352141,
540143,"Sagarsoft (India) Limited",XT,STK,85,89.52,83.32,83.55,83.55,87.7,25,2488,208152,
540144,"DRA CONSULTANTS LIMITED",M,STK,17.9,18,17.8,18,18,15.5,5,15000,268975,
540145,"Valiant Organics Limited",B,STK,304,304,277.9,281.25,278.3,287,201,7128,2034960,
540146,"ADITYA CONSUMER MARKETING LIMI",M,STK,35.7,36,35.7,36,36,36,4,4000,143450,
540147,"Shashijit Infraprojects Limite",X,STK,2.65,2.7,2.52,2.6,2.6,2.6,38,24780,65017,
540153,"Endurance Technologies Limited",A,STK,2406,2426.25,2378.55,2380.6,2380.6,2389.65,1496,10090,24080575,
540159,"PURPLE AGROTECH INDUSTRIES LIM",X,STK,4.55,4.56,4.55,4.56,4.56,4.55,5,27,123,
540168,"Supra Pacific Financial Servic",X,STK,24.4,24.4,23.63,24.2,24.29,23.91,77,16182,389501,
540173,"PNB Housing Finance Limited",A,STK,898.55,928.95,889.25,924.4,924.4,893.25,2488,40349,37060784,
540174,"SOUTHERN INFOCONSULTANTS LIMIT",X,STK,23.55,25.86,23.55,24.5,24.5,23.8,26,1911,48252,
540175,"REGENCY FINCORP LIMITED",X,STK,26.17,27.8,26.17,26.8,27.45,26.93,142,73520,2000768,
540180,"Varun Beverages Limited",A,STK,455.95,475,455.65,474.05,474.05,461.3,13937,1621393,763427985,
540181,"Salem Erode Investments Ltd.",X,STK,42.6,42.6,33.92,41.4,41.4,37.77,19,1178,47954,
540189,"Unipro Technologies Limited",XT,STK,35.16,35.16,35.16,35.16,35.16,35.87,6,189,6645,
540190,"Franklin Industries Limited",XT,STK,0.48,0.49,0.46,0.48,0.48,0.47,942,2184668,1041704,
540192,"LKP Securities Limited",X,STK,17.94,18.13,17.28,17.57,17.57,17.73,235,50126,891209,
540198,"OSIAJEE TEXFAB LIMITED",X,STK,414.5,414.5,391.2,395.35,396.95,402.85,155,6077,2414345,
540199,"Corporate Merchant Bankers Lim",X,STK,52.1,54.7,50,50.02,54.5,52.1,46,10856,550059,
540203,"Sheela Foam Limited",A,STK,550.35,559,545.95,548.5,548.5,547.5,562,206865,114382429,
540204,"EIKO LIFESCIENCES LIMITED",X,STK,53.49,53.49,49,49.97,50.5,52.68,247,100232,5076164,
540205,"Aditya Vision Limited",A,STK,524.5,533.5,516,523.95,516,517.15,661,16733,8835608,
540210,"Heads UP Ventures Limited",B,STK,7.68,7.89,7.35,7.69,7.61,7.68,81,9086,68886,
540212,"TCI Express Limited",B,STK,555.25,570.25,535,545.2,542,552.5,311,5329,2952149,
540222,"Laurus Labs Limited",A,STK,1122.9,1142,1122.65,1135,1135,1129.6,3699,67226,76294005,
540243,"NEW LIGHT INDUSTRIES LIMITED",X,STK,1.48,1.54,1.41,1.48,1.51,1.44,240,306048,458197,
540252,"Viram Suvarn Limited",B,STK,12.17,12.26,11.81,12.11,12.11,12,652,1039674,12553013,
540254,"MARG TECHNO PROJECTS LIMITED",X,STK,24.88,25.8,23.4,24.82,24,24.88,12,617,15631,
540259,"SHANGAR DECOR LIMITED",XT,STK,0.27,0.27,0.26,0.26,0.26,0.27,318,2441357,635697,
540266,"Globe Commercials Limited",X,STK,21.2,22.3,21.2,22.3,22.3,21.24,207,41477,912776,
540267,"Flora Corporation Limited",X,STK,9.39,9.39,8.93,8.93,8.93,9.4,3,119,1104,
540268,"TruCap Finance Limited",B,STK,5.9,6.33,5.82,6.18,6.18,6.03,66,12718,78094,
540293,"Pricol Limited",A,STK,588.55,592.85,581.1,586.85,584,580.75,1133,20898,12252654,
540311,"JITF INFRALOGISTICS LIMITED",T,STK,348.1,348.1,338,338,338,341.3,10,2103,731542,
540332,"Tanvi Foods (India) Limited",M,STK,67.95,67.95,67.95,67.95,67.95,64.97,2,6000,407700,
540358,"RMC SWITCHGEARS LIMITED",T,STK,440.9,454,435,454,454,432.4,100,10838,4896732,
540359,"Parmax Pharma Limited",X,STK,30,31,29.5,30.01,30.01,30.93,50,2046,62211,
540360,"LEADING LEASING FINANCE AND IN",B,STK,1.52,1.56,1.5,1.56,1.56,1.49,1006,4731909,7317796,
540361,"DANUBE INDUSTRIES LIMITED",X,STK,5.2,5.2,4.39,4.95,4.89,5,103,71339,347937,
540366,"Music Broadcast Limited",T,STK,6.36,6.36,6.12,6.33,6.33,6.28,39,12902,79827,
540376,"Avenue Supermarts Limited",A,STK,4458.85,4642,4436.95,4629.25,4627,4425,6248,40610,185983155,
540377,"IFL ENTERPRISES LIMITED",B,STK,0.47,0.51,0.46,0.51,0.51,0.46,1510,8933487,4375550,
540386,"Ontic Finserve Limited",X,STK,1.33,1.39,1.31,1.37,1.38,1.34,141,72134,98106,
540393,"Sarthak Metals Limited",B,STK,72.28,74,71.11,73.97,73.97,71.86,124,3198,235162,
540395,"Chemcrux Enterprises Limited",B,STK,103,103,85,89.16,89.16,99.18,1157,60911,5537147,
540396,"Manomay Tex India Limited",B,STK,224,224,212.15,219.2,219.2,213.85,118,5593,1221351,
540401,"Maximus International Limited",X,STK,9.96,9.96,9.56,9.87,9.89,9.75,107,83793,818932,
540403,"CL Educate Limited",T,STK,53.78,53.78,52.5,53.78,53.78,53.78,23,1242,65314,
540404,"PRIME FRESH LIMITED",B,STK,244.9,251,230.5,237.3,237.5,230.2,150,19756,4700124,
540405,"Oceanic Foods Limited",X,STK,66,67.9,62,62,62,62,18,1657,109611,
540416,"Octaware Technologies Limited",MT,STK,60.58,60.58,60.58,60.58,60.58,63.76,1,1600,96928,
540425,"Shankara Building Products Lim",T,STK,127,128,124.7,126.75,128,126.85,51,4036,511200,
540455,"Escorp Asset Management Limite",B,STK,114,119.95,114,118,118,114.4,13,369,43289,
540481,"Classic Leasing & Finance Ltd.",X,STK,51.71,51.71,46.79,49.49,49.49,49.25,7,58,2826,
540492,"STARLINEPS ENTERPRISES LIMITED",T,STK,13.62,13.62,13.62,13.62,13.62,13.89,197,277658,3781701,
540497,"S Chand And Company Limited",B,STK,164.45,168.7,163,166.75,166.75,163.85,111,2447,403862,
540515,"KANUNGO FINANCIERS LIMITED",X,STK,11.4,11.95,11.4,11.95,11.95,11.4,5,197,2353,
540519,"Meera Industries Limited",T,STK,56.51,59.79,56.5,59.68,59.78,56.95,290,116289,6855287,
540526,"IRB InvIT Fund",IF,STK,61.1,61.61,60.93,61.44,61.3,61.12,749,107424,6576723,
540530,"Housing &Urban Development Cor",A,STK,194.7,197.5,192.85,197,196.85,193.65,2426,280461,54777933,
540544,"PSP Projects Limited",B,STK,723.8,753.6,722.25,728.95,751,732.85,271,7013,5219976,
540545,"GURU KRUPA GEMS AND JEWELLERY",XT,STK,37.73,37.73,36,37.07,37.18,37.17,58,26897,1005423,
540550,"Yug Decor Limited",M,STK,14.6,14.6,14.6,14.6,14.6,13.5,1,5175,75555,
540565,"IndiGrid Infrastructure Trust",IF,STK,173,173.49,171.88,172.93,173,171.59,278,33076,5691652,
540570,"VARIMAN GLOBAL ENTERPRISES LIM",X,STK,4.54,4.65,4.51,4.65,4.65,4.43,193,499067,2308112,
540575,"Star Cement Limited",A,STK,222.55,223,221.45,222.5,223,221.9,195,10723,2385173,
540590,"Riddhi Corporate Services Limi",X,STK,62.87,62.88,61.49,61.98,61.98,60.82,9,374,23372,
540595,"Tejas Networks Limited",A,STK,431.55,437.75,422.5,424.8,424.8,431.75,3772,195091,83503667,
540596,"Eris Lifesciences Limited",A,STK,1494.05,1494.05,1442.7,1446.5,1444.3,1465.4,268,1616,2350775,
540597,"Containerway International Lim",X,STK,15.5,15.5,14.61,15.38,15.42,14.59,21,574,8836,
540602,"GTPL Hathway Limited",B,STK,78.4,78.4,69.05,69.83,69.87,68.15,105,7060,493251,
540611,"AU Small Finance Bank Limited",A,STK,981.25,993.8,978.3,990.8,989.35,983.75,1221,16859,16671131,
540612,"ICICI Prudential Nifty Low Vol",B,STK,21.6,21.86,21.58,21.71,21.84,21.6,77,32175,698715,
540613,"Gautam Exim Limited",M,STK,265,304.5,265,290,292.95,291.3,19,7125,2035462,
540614,"G G Engineering Limited",X,STK,0.57,0.58,0.55,0.56,0.56,0.55,1700,5885313,3315874,
540615,"7NR Retail Limited",X,STK,5.49,5.49,5.01,5.44,5.46,4.94,459,309004,1664811,
540642,"Salasar Techno Engineering Lim",B,STK,7.56,7.65,7.35,7.57,7.57,7.5,697,403321,3049116,
540647,"Ganges Securities Ltd.",B,STK,125.3,125.95,125.3,125.95,125.95,125.2,29,105,13205,
540648,"Palash Securities Limited",B,STK,97,100.82,97,100.08,100.08,96.5,19,512,50970,
540649,"AVADH SUGAR & ENERGY LIMITED",B,STK,469.45,488.85,469.45,479.3,476,474.4,305,8798,4250198,
540650,"Magadh Sugar & Energy Limited",B,STK,483.9,530,483.9,513.05,516.15,515.7,124,1644,846963,
540654,"GlobalSpace Technologies Limit",X,STK,21.7,21.7,19.92,20.49,20.9,19.89,191,51877,1068894,
540669,"UTI Mutual Fund",B,STK,73.63,75.99,73.63,75.77,75.36,74.74,48,3693,278972,
540673,"SIS LIMITED",B,STK,321,325.3,320.6,323.35,323.7,319.05,67,437,141862,
540678,"Cochin Shipyard Limited",A,STK,1509.3,1569.35,1498.4,1561.45,1561.45,1495.5,11499,291909,451993929,
540679,"HALEOS LABS LIMITED",B,STK,1300,1300,1300,1300,1300,1299,3,13,16900,
540680,"KIOCL Limited",A,STK,394.25,418,393.65,411.05,411.05,394.85,1601,79415,32203929,
540681,"CHOTHANI FOODS LIMITED",M,STK,11.06,11.78,10.81,10.83,10.82,12,7,17500,193275,
540686,"Smruthi Organics Limited",X,STK,115.43,121.6,112.25,119.65,120,113.83,91,3816,449564,
540691,"Aditya Birla Capital Ltd",A,STK,338.55,341.35,334.9,340.2,340,338.2,2836,294814,99370701,
540692,"Apex Frozen Foods Limited",B,STK,430.25,494.55,430.25,466.75,466.75,430.3,9124,194879,91851627,
540693,"Shish Industries Limited",B,STK,13.17,13.49,13.06,13.35,13.35,13.17,626,541384,7157355,
540694,"ANG Lifesciences India Limited",B,STK,24.81,25,23.8,24.26,24.26,24.24,35,4692,114951,
540696,"KCD INDUSTRIES INDIA LIMITED",X,STK,6.28,6.28,5.6,5.93,5.93,5.93,63,120421,715104,
540699,"Dixon Technologies (India) Lim",A,STK,11315.1,11410,11275,11374,11374,11285.9,8140,42999,488047579,
540700,"Bharat Road Network Limited",B,STK,20.57,21.87,20.57,21.61,21.5,21.62,87,8224,177349,
540701,"Dishman Carbogen Amcis Limited",B,STK,170.45,176.7,168,168.6,168.6,170.6,548,19330,3323218,
540702,"Lasa Supergenerics Limited",T,STK,8.33,8.54,7.82,8.47,8.4,8.14,55,8336,70245,
540703,"PRO CLB GLOBAL LIMITED",XT,STK,33.81,33.81,33.8,33.81,33.81,33.15,14,54041,1827125,
540704,"Matrimony.com Limited",B,STK,469,469,438.75,445.9,452,431.25,59,955,430684,
540710,"Capacit'e Infraprojects Limite",B,STK,250,268.2,248.45,262.6,261.3,249.1,705,33639,8742115,
540716,"ICICI Lombard General Insuranc",A,STK,1909.7,1909.7,1862.65,1890.8,1894.25,1886.4,2158,16808,31620227,
540717,"Polo Queen Industrial and Fint",B,STK,24.9,25,23.31,24.18,24.02,22.7,614,84637,2049263,
540718,"AAYUSH ART AND BULLION LIMITED",M,STK,1140.4,1149,1139.75,1143.35,1143.35,1142.25,597,103250,118118131,
540719,"SBI Life Insurance Company Lim",A,STK,1974.9,1975.9,1954.8,1970.8,1971,1974.25,975,6279,12355873,
540724,"Prataap Snacks Limited",B,STK,950.2,979,947.55,964.8,963,942.45,33,197,190716,
540725,"Share India Securities Limited",B,STK,149.75,151.35,145.05,147.05,149,147.25,374,18477,2735750,
540726,"Trident Texofab Limited",B,STK,57.63,57.63,57.63,57.63,57.63,60.66,124,29389,1693688,
540727,"Poojawestern Metaliks Limited",B,STK,26.29,26.49,25.51,25.68,25.75,25.65,79,4209,108337,
540728,"Sayaji Industries Limited",X,STK,103.68,106.8,100,105,105,103.68,43,5655,583531,
540729,"Vanta Bioscience Limited",M,STK,18.2,18.2,18.2,18.2,18.2,18.22,1,750,13650,
540730,"Mehai Technology  Limited",X,STK,1.56,1.57,1.51,1.56,1.56,1.43,797,6442793,10093434,
540735,"IRIS RegTech Solutions Limited",B,STK,240.05,246.15,240.05,243.5,241.9,242.75,43,1497,363280,
540737,"Shree Ganesh Remedies Limited",X,STK,505,540,473.75,533.9,530,507.2,206,6751,3508419,
540738,"Shreeji Translogistics Limited",B,STK,9.2,9.2,8.38,8.94,8.99,8.82,193,55073,489525,
540743,"Godrej Agrovet Limited",A,STK,610,627.25,607.15,614.2,610.95,607.05,582,7300,4497127,
540749,"MAS Financial Services Limited",B,STK,318,319.2,313.45,317.6,318.2,318,216,6887,2181165,
540750,"Indian Energy Exchange Limited",A,STK,135,136.7,134.35,135.65,135.65,134.3,2469,221861,30117198,
540755,"General Insurance Corporation",A,STK,400.1,406.8,398.35,400,400.1,400.1,1655,60781,24420153,
540757,"SHEETAL COOL PRODUCTS LIMITED",T,STK,322,323,322,323,323,323,3,188,60723,
540762,"Tube Investments of India Ltd",A,STK,2753.05,2809.6,2731,2789.65,2774.6,2756.1,2045,11786,32817381,
540767,"NIPPON LIFE INDIA ASSET MANAGE",A,STK,979.55,1023.95,964.7,1017.5,1017.5,963.95,2964,68497,68210857,
540768,"Mahindra Logistics Limited",B,STK,424.05,436.85,420.05,432,432,418.15,605,15793,6792035,
540769,"The New India Assurance Compan",A,STK,170.35,171.2,166.45,167.35,167.35,169.65,1032,113215,19087373,
540774,"IFGL Refractories Limited",B,STK,184.45,191.1,179.3,181.6,182.55,179.3,96,1537,283620,
540775,"Khadim India Limited",B,STK,106.7,108,104.8,107.85,107.69,104.99,154,4563,483803,
540776,"5paisa Capital Limited",B,STK,320.25,325,317.1,322.9,321.65,316.8,81,1576,508914,
540777,"HDFC LIFE INSURANCE COMPANY LI",A,STK,624,624,606.2,616.6,616.6,631.55,12635,1005220,614296616,
540786,"SHARIKA ENTERPRISES LIMITED",T,STK,12.53,13.15,12.53,13,13,12.53,84,60422,778873,
540787,"ICICI Prudential Mutual Fund",A,STK,123.81,125.47,123.81,125.39,125.39,123.95,338,33380,4168689,
540788,"Aspira Pathlab & Diagnostics L",X,STK,59.9,59.9,55.84,59.35,59.35,58.2,18,673,40067,
540789,"Diligent Media Corporation Lim",B,STK,3.23,3.34,3.23,3.24,3.24,3.25,22,1732,5685,
540795,"Dynamic Cables Limited",B,STK,324.6,338.3,320.55,332.55,332.55,323.1,856,34833,11350647,
540797,"Shalby Limited",B,STK,161.1,162.15,159,160.8,161.25,159.6,94,1430,230277,
540809,"MRC AGROTECH LIMITED",B,STK,34.9,34.9,31.77,31.81,31.81,33.44,352,99166,3190542,
540811,"Diggi Multitrade Limited",M,STK,10,10,10,10,10,10,1,5000,50000,
540821,"CRYSTAL BUSINESS SYSTEM LIMITE",X,STK,2,2.08,1.92,2,2,1.89,199,116099,230507,
540824,"Astron Paper & Board Mill Limi",T,STK,4.62,4.79,4.62,4.77,4.77,4.62,20,4812,22850,
540829,"Chandrima Mercantiles limited",X,STK,6.09,6.2,5.94,5.98,6.08,6.01,170,89781,539013,
540850,"Jhandewalas Foods Limited",MT,STK,27.76,30.66,27.76,30.05,30.05,29.2,7,11000,329910,
540874,"7SEAS ENTERTAINMENT LIMITED",X,STK,81.58,84,79,82.4,83,81,182,35230,2911239,
540879,"Apollo Micro Systems Limited",A,STK,244.95,287.45,244,282.95,282.95,242.3,23967,2120791,576204147,
540900,"Newgen Software Technologies L",A,STK,484.75,488.2,475.95,483.6,483.6,478.35,3026,125944,60766781,
540901,"Praxis Home Retail Limited",B,STK,7.96,8.03,7.24,7.55,7.47,7.96,117,41587,313912,
540902,"Amber Enterprises India Limite",A,STK,7799.05,7994.4,7711.25,7960.3,7949.5,7711.3,2637,13854,108667407,
540904,"TIRUPATI FOAM LIMITED",X,STK,85,85,83,84.9,84.9,83.4,10,1759,149358,
540914,"SRU Steels Limited",X,STK,1.5,1.52,1.48,1.48,1.48,1.55,536,1020697,1512839,
540923,"Ashoka Metcast Limited",B,STK,17.5,17.5,16.48,16.64,16.64,16.38,25,3740,63087,
540935,"Galaxy Surfactants Limited",A,STK,1779.25,1797.9,1764.5,1790.45,1793.5,1765.3,131,809,1443346,
540936,"Gautam Gems Limited",X,STK,3.37,3.37,3.3,3.37,3.37,3.38,69,34633,116136,
540937,"MEDICO REMEDIES LIMITED",B,STK,39.85,41.9,39.03,41.24,41.65,39.47,139,37607,1534067,
540938,"Gujarat Hy-Spin Limited",M,STK,7.54,7.54,7.54,7.54,7.54,7.19,1,5000,37700,
540952,"LORENZINI APPARELS LIMITED",B,STK,8.71,8.71,7.45,7.64,7.58,7.57,37,15584,118522,
540953,"Kenvi Jewels Limited",B,STK,2.45,2.45,2.17,2.34,2.34,2.4,241,108362,250206,
540954,"The Indian Wood Products Co. L",X,STK,33.74,34.47,32.56,34.45,34.45,32.75,116,15213,515905,
540956,"Bhatia Communications & Retail",X,STK,22.7,23.23,22.64,22.89,22.64,22.64,223,31720,726584,
540961,"Shiva Mills Limited",B,STK,59.9,60.06,55,58.94,59.98,53,65,2952,171935,
540975,"Aster DM Healthcare Limited",A,STK,679.85,692.3,672,688.3,688.3,675.15,1620,119489,81852168,
540980,"The Yamuna Syndicate Ltd",X,STK,30999,30999,30540,30540,30540,29611,2,2,61539,
541005,"KANCO TEA & INDUSTRIES LIMITED",X,STK,67,69.9,65.66,68.8,68.8,67.28,11,144,9582,
541006,"Angel Fibers Limited",M,STK,12.75,12.79,12.75,12.76,12.76,12.19,6,24000,306440,
541019,"H.G. Infra Engineering Limited",B,STK,632.55,632.55,616.75,621.45,619.45,621.6,587,15052,9356096,
541083,"Inflame Appliances Limited",M,STK,280.3,283.95,275.5,277.6,280.45,289.9,43,16250,4519725,
541096,"Bharat Parenterals Limited",X,STK,1193.05,1260,1125,1213.1,1210,1180.8,72,1620,1935296,
541097,"DSP BlackRock Mutual Fund",F,STK,1000.01,1000.01,999.99,1000,1000,1000,144,31417,31417094,
541112,"Shreeshay Engineers Limited",M,STK,20.25,28.2,20.25,28.2,28.2,23.5,9,18000,488900,
541143,"Bharat Dynamics Limited",A,STK,1358.35,1386.5,1358.35,1380.8,1380.8,1359.45,6924,135097,185886734,
541144,"Active Clothing Co  Limited",B,STK,141,141,134.06,135.32,135.99,137.7,149,25499,3524150,
541152,"GOYAL ALUMINIUMS LIMITED",B,STK,7.51,7.51,7.03,7.23,7.21,7.34,180,32525,236499,
541153,"Bandhan Bank Limited",A,STK,174.3,176.25,172.65,174.4,174.4,174.25,3062,349177,60817433,
541154,"Hindustan Aeronautics Limited",A,STK,4384,4399.5,4345.35,4387.1,4387.1,4364.95,11841,98638,431655076,
541163,"Sandhar Technologies Limited",B,STK,508,518,503.7,505.3,507.45,504.35,466,6533,3352253,
541167,"YASHO INDUSTRIES LIMITED",B,STK,1520.05,1570,1519.8,1539,1544.65,1512.5,67,303,469603,
541178,"Benara Bearings and Pistons Li",MT,STK,9.77,9.77,9.77,9.77,9.77,9.77,1,2000,19540,
541195,"Mishra Dhatu Nigam Limited",A,STK,368.75,371.85,365.1,368.9,371.4,365.45,1851,62948,23190525,
541206,"Orissa Bengal Carrier Limited",B,STK,57.45,57.45,56.9,56.9,56.9,56,2,210,12059,
541228,"Taylormade Renewables Limited",B,STK,109.99,109.99,103,106.95,107,105.84,124,7641,812935,
541233,"Lemon Tree Hotels Limited",A,STK,114.2,114.95,113.25,114.55,114.55,114.2,4202,348391,39793972,
541269,"Chemfab Alkalis Ltd",B,STK,392,403.75,392,395.35,397.3,393.5,307,8515,3367394,
541276,"HARDWYN INDIA LIMITED",B,STK,22.3,22.45,22.14,22.42,22.42,21.98,288,584281,13039428,
541299,"DR LALCHANDANI LABS LIMITED",M,STK,9.97,10.39,9.62,9.88,9.62,10.12,16,68000,663200,
541301,"Orient Electric Limited",B,STK,169.05,181.15,169.05,179.35,179.7,170,1610,62954,10989072,
541302,"Dhruv Consultancy Services Lim",B,STK,35.48,37.09,35.48,36.92,37.09,35.48,94,4705,174004,
541303,"Akshar Spintex Limited",B,STK,0.51,0.53,0.5,0.51,0.51,0.52,139,220780,112852,
541304,"Indo US Bio-Tech Limited",B,STK,110,111.54,108,108,108,109.43,10,49,5404,
541313,"ICICI Prudential BSE 500 ETF",A,STK,38.27,38.75,38.02,38.59,38.75,38.26,117,8144,312803,
541336,"IndoStar Capital Finance Limit",B,STK,219.2,221.95,217.4,219.75,220.85,217.7,54,2027,443919,
541337,"Milestone Furniture Limited",MT,STK,28.04,29.98,28.04,29.98,29.98,29.5,4,51000,1436340,
541338,"U. H. ZAVERI LIMITED",B,STK,15.26,16.9,15.26,15.56,15.65,15.57,97,109228,1790766,
541347,"Parvati Sweetners and Power Lt",XT,STK,7.83,8.05,7.61,7.95,7.96,7.83,57,7910,62067,
541352,"Megastar Foods Limited",B,STK,289.2,292,287.9,291.5,291.5,286.9,15,404,117279,
541353,"Innovators Facade Systems Limi",M,STK,143.7,143.7,141,141,141,143.7,2,1600,227760,
541358,"UNIFINZ CAPITAL INDIA LIMITED",X,STK,100,104,100,104,104,100,57,271308,28122039,
541400,"ZIM Laboratories Limited",B,STK,76.22,80,75.35,79.72,79.76,76,130,12890,1011180,
541402,"Affordable Robotic & Automatio",T,STK,185,193.95,180,192.95,191.8,184.85,71,3727,706317,
541403,"Dollar Industries Limited",B,STK,277.1,278.1,274.65,277.25,278.1,275.25,99,1648,456195,
541418,"NAKODA GROUP OF INDUSTRIES LIM",B,STK,31.85,37.93,31.85,37.34,37.41,31.61,89,14230,519597,
541444,"Palm Jewels Limited",B,STK,17.33,17.97,17.33,17.97,17.97,17.33,22,1312,23319,
541445,"Waa Solar Limited",M,STK,55,55.5,53,54.94,54.94,55.45,32,25600,1387640,
541450,"Adani Green Energy Limited",A,STK,1146,1146,1105.05,1126.8,1126.5,1118.55,9539,367099,410417945,
541540,"SOLARA ACTIVE PHARMA SCIENCES",B,STK,495,509,495,499.25,496,489.3,227,5613,2819826,
541546,"GAYATRI HIGHWAYS LTD",B,STK,2.38,2.56,2.38,2.56,2.56,2.44,142,59508,147818,
541556,"RITES Limited",A,STK,218.85,226.35,217.9,222,222,216.1,1587,77965,17321626,
541557,"Fine Organic Industries Limite",A,STK,4929.95,5002,4859.75,4898.6,4888.95,4885.6,181,637,3134487,
541578,"Varroc Engineering Limited",A,STK,531.9,545.2,531.85,540.45,540.45,532.95,161,2335,1262135,
541601,"Rajnish Wellness Limited",T,STK,0.53,0.53,0.52,0.53,0.53,0.53,754,2001186,1051167,
541627,"Gujarat Winding Systems Limite",X,STK,9.01,9.01,8.49,8.49,8.49,9.56,22,8697,77763,
541634,"Raw Edge Industrial Solutions",B,STK,20.81,21.49,19.41,20.37,20.89,20.4,19,2645,53766,
541702,"Ashnisha Industries Limited",X,STK,3.6,3.74,3.6,3.65,3.64,3.69,217,206348,758839,
541729,"HDFC Asset Management Company",A,STK,2645,2798.05,2645,2792.4,2792.4,2662.6,8709,110221,303768474,
541735,"Vivanta Industries Limited",XT,STK,1.99,1.99,1.89,1.95,1.95,1.91,268,127643,248871,
541741,"Fratelli Vineyards Limited",XT,STK,89.43,92,89,90.44,90.44,89.43,54,8570,773938,
541770,"CreditAccess Grameen Ltd.",A,STK,1237.45,1285,1225,1264.2,1264.9,1236.25,1238,6802,8555401,
541771,"AMIN TANNERY LIMITED",XT,STK,1.94,1.94,1.83,1.84,1.9,1.9,127,107918,201626,
541778,"Deep Polymers Limited",B,STK,41.95,43,41.81,42.8,43,41.14,74,5974,253452,
541809,"ICICI Prudential Mutual Fund",B,STK,72.66,74.16,72.44,74.01,74.09,72.87,234,21403,1575493,
541865,"Add-Shop E-Retail Limited",B,STK,7.53,7.62,7.23,7.47,7.43,7.5,95,34828,259729,
541890,"Space Incubatrics Technologies",X,STK,0.18,0.18,0.17,0.18,0.18,0.17,402,7619773,1339245,
541929,"Synergy Green Industries Limit",B,STK,517.45,518.5,508,514.8,511.15,511.95,15,153,79001,
541946,"ICICI Prudential BSE Liquid Ra",F,STK,1000,1000.01,999.99,1000,1000,1000,131,131373,131373040,
541956,"IRCON International Ltd",A,STK,142.95,159.6,142.95,154.75,154.75,142.4,20184,2175041,335221106,
541967,"Sky Gold And Diamonds Limited",A,STK,433.95,440,420.9,423.95,423.95,429.55,1930,207188,88365337,
541972,"SBI Mutual Fund",A,STK,907,915.34,907,915.31,915.34,901.96,26,364,331787,
541974,"Manorama Industries Limited",A,STK,1397.9,1422.9,1389.3,1415.15,1415.15,1388.35,319,2858,4027379,
541988,"AAVAS Financiers Limited",A,STK,1324.05,1355.1,1314.3,1347.75,1347.75,1306.35,702,4141,5542229,
542011,"Garden Reach Shipbuilders & En",A,STK,2610.2,2726.3,2601.45,2712.1,2712.1,2608.5,13904,257136,687626155,
542012,"A-1 LIMITED",B,STK,14.85,14.95,14,14,14,14.73,3996,4409214,62450693,
542013,"Dolfin Rubbers Limited",B,STK,182.05,182.05,172.35,175.65,178,178.95,176,3714,654370,
542019,"Shubham Polyspin Limited",X,STK,64.5,65.3,61.55,65.15,65.15,63.31,203,82962,5330747,
542020,"AKI India Limited",B,STK,4.85,5.3,4.85,5.15,5.11,5.27,73,46800,241796,
542025,"Sun Retail Limited",M,STK,0.41,0.41,0.39,0.4,0.4,0.41,8,384000,154560,
542034,"S. M. Gold Limited",B,STK,13,13.25,12.5,13.13,13.2,13.08,127,15169,197143,
542046,"VIVID MERCANTILE LIMITED",T,STK,6.9,7.23,6.9,7.04,7.23,7.02,99,100542,709650,
542057,"BCPL Railway Infrastructure Li",B,STK,68.56,69.18,67.05,67.59,67.4,67.93,129,3922,266742,
542066,"ADANI TOTAL GAS LIMITED",A,STK,610,649,602.25,632.9,632.9,597.95,21568,907374,566365118,
542123,"The Phosphate Company Limited",X,STK,147.9,147.9,147.5,147.5,147.5,149,7,453,66878,
542131,"Mirae Asset Mutual Fund",B,STK,260.5,263.57,260.46,263.51,263.57,261.43,516,9397,2464381,
542141,"Techno Electric & Engineering",A,STK,1224.55,1238.5,1206.5,1234.15,1228,1207.75,2191,54396,66581124,
542146,"Shree Krishna Infrastructure L",MT,STK,11.35,11.35,10.91,10.91,10.91,11.13,3,6250,68737,
542155,"Diksha Greens Limited",MT,STK,1.23,1.23,1.23,1.23,1.23,1.21,1,2000,2460,
542176,"Aryan Share & Stock Brokers Lt",X,STK,20.7,21.7,20.7,21.7,21.7,20.7,8,72,1532,
542206,"NIVAKA FASHIONS LIMITED",X,STK,1.38,1.42,1.34,1.35,1.35,1.38,93,97680,134732,
542216,"DALMIA BHARAT LIMITED",A,STK,1970.15,1989.85,1964.7,1972.55,1967,1973.3,229,2547,5031787,
542230,"Aditya Birla Sun Life Mutual F",B,STK,73.96,73.96,73.41,73.41,73.41,72.12,3,300,22056,
542231,"Nila Spaces Ltd",B,STK,13.92,14.12,13.69,13.81,13.9,13.92,197,38633,537137,
542232,"Shankar Lal Rampal Dye-Chem Li",B,STK,46,49,44,44.26,44.8,44.99,65,2475,111116,
542233,"Trejhara Solutions Limited",B,STK,170.35,170.35,165,165.8,168,165.75,329,16484,2749433,
542248,"Deccan Health Care Limited",B,STK,12.3,12.73,12.03,12.39,12.33,12.14,61,19294,238134,
542285,"Axita Cotton Limited",B,STK,8.97,9.09,8.93,9.03,9.06,8.94,346,62060,559047,
542323,"KPI Green Energy Limited",A,STK,449.5,465.35,446.45,448.35,448.35,440.8,4682,143415,65087292,
542332,"Hi-Klass Trading and Investmen",XT,STK,83.9,83.9,83.9,83.9,83.9,82.26,1,1,83,
542333,"RPSG VENTURES LIMITED",B,STK,990.2,990.2,958,963.45,963.2,971.65,687,10518,10207168,
542337,"Spencer's Retail Limited",B,STK,35.41,35.95,34.9,35.38,35.1,34.91,146,9648,342524,
542351,"Gloster Ltd",B,STK,579.1,588,570.5,576.6,576.6,583.1,25,205,118094,
542367,"Xelpmoc Design and Tech Limite",B,STK,110.9,112.79,107.35,109.13,110.2,106.65,89,1369,150334,
542383,"Ritco Logistics Limited",B,STK,206.05,214,203.5,204.3,204.3,200.95,21,544,112497,
542399,"Chalet Hotels Limited",A,STK,764.6,783,761.5,778.9,778.9,768.9,867,7392,5713967,
542437,"Anmol India Limited",B,STK,12.5,12.54,12.15,12.36,12.36,12.11,30,7437,91496,
542446,"Jonjua Overseas Limited",M,STK,3.82,4,3.65,3.69,3.67,3.82,45,265155,1002912,
542459,"Kranti Industries Limited",B,STK,60.8,61.9,59.11,61.7,61.9,59,61,11199,680167,
542460,"The Anup Engineering Ltd",A,STK,2074.2,2094,2014.7,2022.55,2020.45,2049.65,313,2911,6018470,
542484,"Arvind Fashions Limited",A,STK,476.8,480,468.85,474.7,472.5,474.45,349,4517,2142179,
542503,"Mahip Industries Limited",MT,STK,20.49,20.74,20.49,20.59,20.74,19.76,6,28000,576640,
542513,"UTI BSE  Sensex Next 50 ETF",A,STK,92.5,92.9,90,92,92,90.1,21,414,37689,
542543,"Energy Infrastructure Trust",IF,STK,78,78,76.8,76.9,77,77.25,23,700000,53975250,
542579,"Ashapuri Gold Ornament Limited",B,STK,4.79,4.94,4.76,4.89,4.89,4.71,1000,692807,3366582,
542580,"Aartech Solonics Limited",B,STK,62,62,52.1,52.62,52.62,52.9,207,28571,1545192,
542597,"MSTC Limited",B,STK,480,493.7,468.5,472.05,472.2,474.5,1050,34078,16356826,
542602,"Embassy Office Parks REIT",IF,STK,444.9,444.9,437.5,439.4,439.9,442.22,570,11311,4990669,
542627,"Chandni Machines Limited",X,STK,76.01,77.97,72.05,74.08,74,78.3,55,10882,805635,
542628,"Northern Spirits Limited",B,STK,135,139,133,134.29,134.2,134.39,192,8609,1183273,
542649,"Rail Vikas Nigam Limited",A,STK,301.45,311.9,299.05,303.1,303.1,293.65,13400,1539947,469105845,
542650,"Metropolis Healthcare Limited",A,STK,470.6,473.65,464.65,470.8,468.75,472.55,327,3264,1537119,
542651,"KPIT Technologies Ltd",A,STK,747.3,762.9,739.05,748.25,748.25,746.3,6548,113222,84687800,
542652,"Polycab India Limited",A,STK,7969.85,8225,7905.85,8184.95,8184.95,7900.45,4386,25029,203705437,
542654,"V R FILMS & STUDIOS LIMITED",B,STK,15.9,15.9,14.45,15.26,15.5,15.99,23,1158,17435,
542655,"VIKAS LIFECARE LIMITED",T,STK,1.65,1.73,1.63,1.69,1.69,1.65,360,335779,566236,
542665,"Neogen Chemicals Limited",B,STK,1507.85,1580,1503.05,1509.3,1506.3,1507.85,1154,10198,15796672,
542666,"G. K. P. Printing & Packaging",B,STK,6.45,6.64,6.11,6.44,6.4,6.39,79,21499,138847,
542668,"EVANS ELECTRIC LIMITED",M,STK,100,100,97.55,97.55,97.55,100,3,7000,697550,
542669,"BMW INDUSTRIES LIMITED",B,STK,42,44.1,42,43.28,43.28,41.93,1405,266431,11507890,
542670,"Artemis Electricals and Projec",T,STK,19,19,18.5,19,19,19.02,13,1100,20867,
542679,"Dhanashree Electronics Limited",XT,STK,171,186,171,186,186,179.9,14,623,107568,
542682,"Harish Textile Engineers Limit",X,STK,73.99,73.99,65.1,69.9,69.9,67.99,14,521,34869,
542684,"Prakash Pipes Limited",B,STK,227.95,227.95,217.5,219.85,220,217.55,225,6644,1461345,
542685,"Digicontent Limited",B,STK,30.23,30.23,30.23,30.23,30.23,30.23,3,153,4625,
542694,"Parshva Enterprises Limited",B,STK,172,173.85,169,173.85,173.85,177.4,6,25,4321,
542721,"Anand Rayons Limited",B,STK,67.3,67.3,63.05,63.46,63.46,66.36,403,43347,2798134,
542725,"SBC EXPORTS LIMITED",B,STK,33.24,33.37,32.94,33.02,33.22,32.92,418,1545658,51064484,
542726,"IndiaMART InterMESH Limited",A,STK,2148.05,2181.55,2148,2172.7,2166.3,2155.2,416,2342,5083434,
542727,"CITY PULSE MULTIVENTURES LIMIT",M,STK,2377.2,2377.2,2339,2361.2,2367.4,2377.2,22,1350,3178817,
542729,"DCM NOUVELLE LIMITED",B,STK,124,126,119,123.1,123.31,114.72,56,1167,143648,
542730,"ICICI Prudential Mutual Fund",B,STK,57.25,57.85,57.16,57.77,57.8,57.34,278,30621,1762822,
542747,"NIPPON INDIA ETF SENSEX NEXT 5",A,STK,88.08,89.76,87.89,89.53,89,88.08,141,7503,668511,
542752,"AFFLE 3I LIMITED",A,STK,1456.95,1520,1452.6,1468.1,1468.1,1445.7,2388,20132,29943346,
542758,"ICICI Prudential Mutual Fund",B,STK,26.93,27.29,26.93,27.2,27.25,27.16,123,29265,795107,
542759,"Spandana Sphoorty Financial Li",B,STK,228.6,229.8,223,225.9,227.05,227.3,300,5660,1278832,
542760,"STERLING AND WILSON RENEWABLE",A,STK,194.25,197.75,193,194.3,195.2,193.5,1378,72946,14231779,
542770,"Alphalogic Techsys Limited",T,STK,64,64.26,61.41,63.51,63,62.66,96,6755,426843,
542772,"360 ONE WAM LIMITED",A,STK,1085,1124,1077.95,1112.1,1109.25,1077.25,4101,94330,103720299,
542773,"IIFL CAPITAL SERVICES LIMITED",A,STK,299,314.9,297.5,313.4,312.9,296.85,1789,165385,50016675,
542774,"MUFIN GREEN FINANCE LIMITED",B,STK,111.96,114.89,111.2,113.2,112.91,112.11,516,97665,10958066,
542802,"Galactico Corporate Services L",B,STK,1.97,2.36,1.92,2.29,2.32,1.97,376,580545,1288642,
542803,"Vaxfab Enterprises Limited",X,STK,46,46.81,44.5,45.27,45.47,44.18,40,18574,841625,
542812,"Gujarat Fluorochemicals Limite",A,STK,3376.75,3414.75,3343.05,3357.8,3345.75,3371.6,254,1856,6262115,
542830,"Indian Railway Catering and To",A,STK,559.7,570,552,564.75,564.75,553.8,9360,237011,133690092,
542850,"GOBLIN INDIA LIMITED",M,STK,8.5,9.45,8.5,9.13,9.45,9.07,2,6000,54800,
542852,"Vishwaraj Sugar Industries Lim",T,STK,6.35,6.39,6.15,6.23,6.23,6.12,103,62624,389857,
542857,"Greenpanel Industries Limited",B,STK,224.6,227.8,210.6,214.55,214.5,219.6,396,11836,2610683,
542862,"Shahlon Silk Industries Limite",X,STK,21.4,22.5,20.55,22.35,22.5,21.4,47,23659,517574,
542863,"Aditya Birla Sun Life Mutual F",B,STK,57.3,58.09,57.3,57.67,57.6,57.3,39,1715,98835,
542865,"Anuroop Packaging Limited",B,STK,12.4,12.97,11.17,12.47,12.3,12.67,137,29164,355902,
542867,"CSB Bank Limited",A,STK,402.7,406.6,397.05,399.75,400.05,402.75,578,15624,6256855,
542904,"Ujjivan Small Finance Bank Lim",A,STK,59.83,59.83,58.57,58.77,58.77,59.23,2421,787565,46376821,
542905,"Hindware Home Innovation Limit",B,STK,216.9,216.9,210,213.55,214.05,212.85,499,210568,44881038,
542906,"Easun Capital Markets Limited",XT,STK,40.36,40.36,40.36,40.36,40.36,40.36,1,10,403,
542907,"Prince Pipes and Fittings Limi",B,STK,255,258.7,253.7,254.85,255,255.85,410,11292,2879480,
542909,"Edelweiss Mutual Fund",F,STK,1571,1578.7,1571,1573.39,1573.39,1570.94,39,1102,1736060,
542911,"Assam Entrade Limited",X,STK,737,737,700.2,700.2,700.2,737,3,11,8070,
542918,"Gian Life Care Limited",Z,STK,6.69,7.02,6.37,6.96,6.96,6.7,57,11149,73403,
542919,"Artemis Medicare Services Limi",B,STK,230,236.15,230,234.7,235.3,229.95,326,12879,2999285,
542920,"SUMITOMO CHEMICAL INDIA LIMITE",A,STK,423.2,444.05,423.2,441.95,441.7,424.8,1031,25873,11307029,
542921,"ICICI Prudential Mutual Fund",B,STK,22.48,22.76,22.26,22.73,22.71,22.53,391,35777,810239,
542922,"Mirae Asset Mutual Fund",B,STK,715.3,724.37,715.3,722.87,721.7,713.32,142,2223,1598696,
542923,"TRANWAY21 TECHNOLOGIES LIMITED",MS,STK,3.73,3.73,3.73,3.73,3.73,4.01,1,10000,37300,
542933,"UNIVERSUS PHOTO IMAGINGS LIMIT",T,STK,380.35,402.9,380.35,396.45,402.9,400.35,16,123,47026,
542934,"Chandra Bhagat Pharma Limited",M,STK,35,35,35,35,35,37,2,2000,70000,
543064,"Cohance Lifesciences Limited",A,STK,363.25,406,359.4,391.6,391.6,363.25,14197,914056,356079996,
543066,"SBI CARDS AND PAYMENT SERVICES",A,STK,683.1,698,681.8,695.45,695.45,685.8,2234,41073,28435631,
543071,"Nippon India Mutual Fund",F,STK,14.96,14.96,14.96,14.96,14.96,14.97,1,50,748,
543079,"Nippon India Mutual Fund",F,STK,5.89,5.89,5.87,5.87,5.87,5.89,2,6,35,
543087,"Nippon India Mutual Fund",F,STK,182.99,182.99,150.11,157.07,175,166.59,12,15,2431,
543092,"Nippon India Mutual Fund",F,STK,14.6,14.6,11.97,11.97,11.97,13.3,4,1026,12283,
543099,"UTI Mutual Fund",F,STK,50,59.98,50,57.47,57.47,55,7,406,21147,
543110,"UTI Mutual Fund",F,STK,4.23,4.23,3.69,3.71,3.71,3.85,13,167,693,
543144,"Nippon India Mutual Fund",B,STK,5.08,5.38,5,5,5,5.1,11,302,1523,
543150,"Nippon India Mutual Fund",B,STK,2.6,2.6,2.16,2.28,2.33,2.37,44,5453,12364,
543153,"Nippon India Mutual Fund",B,STK,38.4,38.4,34.57,37.5,37.5,38.4,4,102,3822,
543165,"Nippon India Mutual Fund",F,STK,95,95,88.84,93.77,95,95.5,3,5,468,
543167,"Nippon India Mutual Fund",F,STK,2.22,2.22,2,2.14,2.14,2.13,22,11167,22567,
543171,"RO Jewels Limited",B,STK,1.32,1.39,1.32,1.37,1.37,1.39,57,59097,80954,
543172,"Cospower Engineering Limited",M,STK,875.95,963,875.95,940,940,875.95,15,4000,3734975,
543173,"Nippon India Mutual Fund",B,STK,14.74,14.74,12.12,13.47,14.34,13.4,32,288,3936,
543174,"Nippon India Mutual Fund",B,STK,2.22,2.22,1.96,2.12,2.12,2.13,61,23760,48477,
543175,"Nippon India Mutual Fund",B,STK,4,4,3.43,3.7,3.7,3.75,31,9371,34786,
543176,"Nippon India Mutual Fund",B,STK,45.02,55,45.02,48.48,48.48,50,18,286,13866,
543177,"Nippon India Mutual Fund",B,STK,6.22,6.8,6.22,6.58,6.45,6.88,45,13537,88008,
543178,"Nippon India Mutual Fund",B,STK,37.95,37.95,31.05,31.05,31.05,34.5,4,11,410,
543181,"Nippon India Mutual Fund",B,STK,37.36,37.36,33.99,33.99,33.99,33.99,5,148,5037,
543182,"Nippon India Mutual Fund",B,STK,46.78,46.78,38.34,39.35,39.35,42.6,13,69,2692,
543184,"Nippon India Mutual Fund",B,STK,31.8,31.8,26.12,26.12,26.12,29.02,4,701,18315,
543186,"Nippon India Mutual Fund",B,STK,6,6,5.01,5.48,5.9,5.52,27,4148,22091,
543187,"HITACHI ENERGY INDIA LIMITED",A,STK,28899.7,28963,28198.05,28920,28920,28250.3,1839,6195,177700366,
543193,"DJ Mediaprint & Logistics Limi",T,STK,90.4,93.72,88.58,92.06,92.05,89.26,55,6752,626350,
543207,"Natural Biocon (India) Limited",XT,STK,4,4.02,3.95,4.02,4.02,3.83,126,50899,204123,
543208,"REGIS INDUSTRIES LIMITED",X,STK,2.32,2.41,2.3,2.34,2.38,2.29,72,20989,49481,
543209,"Billwin Industries Limited",M,STK,34.5,34.5,34.5,34.5,34.5,28.84,1,3000,103500,
543210,"Aarti Surfactants Limited",B,STK,406.95,412.8,391.8,397.1,399.45,404,276,1640,651276,
543211,"BONLON INDUSTRIES LIMITED",B,STK,50.9,50.9,47.02,49.69,49.69,48.56,129,9400,463238,
543212,"Borosil Limited",B,STK,263.55,269.25,262.1,262.85,263.65,264.8,238,4064,1077857,
543213,"ROSSARI BIOTECH LIMITED",B,STK,498.5,507.05,483.5,503.9,503.9,478.95,954,14723,7328614,
543214,"NDR Auto Components Limited",B,STK,765,765,749.2,753.4,751.55,755.35,163,1484,1123936,
543216,"Edelweiss Mutual Fund",F,STK,1409.8,1409.8,1409.8,1409.8,1409.8,1400.32,1,2,2819,
543217,"Mindspace Business Parks REIT",IF,STK,472.1,474.61,470,471.64,472,472.1,681,5038,2375446,
543218,"SURATWWALA BUSINESS GROUP LIMI",B,STK,30,30.7,29.02,30.44,30.44,30.27,108,8850,268270,
543219,"ICICI Prudential Mutual Fund",B,STK,26.29,26.73,26.29,26.65,26.7,26.51,78,7004,186141,
543220,"Max Healthcare Institute Limit",A,STK,988.2,1011,983.3,1006.9,1006.9,990.85,2718,73064,73115428,
543221,"ICICI Prudential Mutual Fund",B,STK,34.8,35.23,34.8,35.12,35.23,35.14,195,16346,571907,
543223,"Max India Limited",B,STK,152.95,155.65,151,154.1,153.55,152.95,418,8327,1271604,
543224,"HDFC Mutual Fund",B,STK,56.96,58.07,56.96,57.98,57.85,57.44,48,1793,103219,
543226,"UTI Mutual Fund",B,STK,57.3,58.35,57.3,58.16,58.16,57.83,83,6485,375519,
543227,"Happiest Minds Technologies Li",A,STK,381.7,385.3,378.65,381.7,381.7,381.7,1448,26047,9950229,
543228,"Route Mobile Limited",B,STK,513.35,516.65,505.9,513.5,514,506.9,1009,13057,6684414,
543229,"Samrat Forgings Limited",X,STK,207.35,208.35,207.35,208.35,208.35,209.45,3,14,2903,
543230,"ADVAIT ENERGY TRANSITIONS LIMI",B,STK,1934.4,1973.95,1902.9,1909.45,1910,1902.25,873,7175,13936180,
543231,"Archidply Decor Limited",B,STK,76.5,76.5,75.8,76.5,76.5,76.5,3,14,1062,
543232,"Computer Age Management Servic",A,STK,741.75,757.7,730.95,749.9,749.8,738.1,3286,97529,72951824,
543233,"Chemcon Speciality Chemicals L",B,STK,158,165,157.5,162.75,162.05,158.65,567,6512,1044319,
543234,"Secmark Consultancy Limited",T,STK,129.9,129.9,123.45,124,123.45,129.9,6,456,56547,
543235,"ANGEL ONE LIMITED",A,STK,304.8,327.05,297.7,323.35,323.35,292.4,24357,2656927,826867411,
543236,"Atam Valves Limited",B,STK,71.01,71.01,70,70,70,67.61,11,695,48965,
543237,"Mazagon Dock Shipbuilders Limi",A,STK,2586.7,2624.85,2564.6,2618.3,2618.3,2564,12546,178893,465626950,
543238,"UTI Asset Management Company L",A,STK,1000.5,1042.65,1000.5,1034.55,1041,1000.5,1721,29594,30380048,
543240,"Likhitha Infrastructure Limite",T,STK,220.95,231.9,216.6,231.75,231.9,220.95,112,10066,2307155,
543241,"Veer Global Infraconstruction",T,STK,95.99,96.47,95.99,96.47,96.47,91.88,27,7206,695072,
543242,"Hemisphere Properties India Li",B,STK,131.1,132.7,131,132.35,132.35,129.95,430,25701,3388617,
543243,"Equitas Small Finance Bank Lim",A,STK,64.93,66.16,64.93,65.56,65.44,64.93,3176,61697,4056879,
543244,"Shine Fashions (India) Limited",M,STK,29.2,32.45,29.2,30.17,30,32.25,9,36000,1098640,
543245,"Gland Pharma Limited",A,STK,1748.25,1810.6,1738.3,1795.8,1795.8,1736,608,4851,8606408,
543246,"Mirae Asset Mutual Fund",B,STK,41.56,41.7,41.29,41.68,41.7,41.36,10,1300,53886,
543248,"Restaurant Brands Asia Limited",A,STK,63.36,63.55,62.98,63.24,63.2,62.9,285,18897,1196713,
543249,"TARC LIMITED",B,STK,136.5,138.2,132.65,135.6,134.8,135.6,731,33328,4500020,
543250,"Motilal Oswal Mutual Fund",F,STK,63.82,63.82,63.5,63.52,63.5,63.35,6,41006,2616254,
543251,"Ravinder Heights Limited",B,STK,42.7,42.7,42.7,42.7,42.7,39.95,1,25,1067,
543252,"Fairchem Organics Limited",B,STK,576.65,580.65,561.5,564.05,567,566,76,388,220894,
543253,"Mrs. Bectors Food Specialities",A,STK,191.75,194.9,188.8,192.8,192.8,188.75,1891,94947,18165711,
543254,"Antony Waste Handling Cell Lim",B,STK,511.45,519,509,516.05,517.6,513.95,472,13981,7199414,
543255,"Nippon India Mutual Fund",B,STK,955.98,964.25,951.39,961.13,964.25,956.83,123,1034,988719,
543256,"RITA FINANCE AND LEASING LIMIT",X,STK,16.27,17.79,16.27,17.78,17.79,17.12,16,1400,23156,
543257,"Indian Railway Finance Corpora",A,STK,103.99,106.75,103.24,104.85,104.85,103.24,15438,2527677,265592426,
543258,"Indigo Paints Limited",B,STK,840.05,851.25,832.5,839.55,844.95,837.15,801,9883,8347510,
543259,"Home First Finance Company Ind",A,STK,1103.75,1131.2,1103.75,1127.05,1121.95,1108,1494,8291,9312935,
543260,"STOVE KRAFT LIMITED",B,STK,561.1,568,552.15,554.15,554.15,562.7,755,11627,6474169,
543261,"Brookfield India Real Estate T",IF,STK,331,331,328.11,329.99,330.99,329.65,472,6766,2229900,
543262,"MRP Agro Limited",M,STK,90,90.05,88.01,90,90,91,7,8000,717560,
543263,"SMC Global Securities Limited",B,STK,64.1,66.14,63.52,65.7,65.01,63.81,388,49099,3196391,
543264,"Nureca Limited",B,STK,262.5,267.1,261.4,263.8,263.5,262.5,160,1474,388580,
543265,"RailTel Corporation of India L",A,STK,331.75,342.9,331.25,335.15,335.15,337.95,6245,367643,123566613,
543266,"Heranba Industries Limited",B,STK,209,213.5,204,210.65,209.6,205.2,238,6410,1347139,
543267,"Davangere Sugar Company Limite",B,STK,3.72,3.78,3.65,3.68,3.69,3.7,723,4865038,18010090,
543268,"DRC Systems India Limited",B,STK,16.7,16.99,16.08,16.87,16.87,16.59,99,4579,75904,
543270,"MTAR Technologies Limited",A,STK,4824.5,4944.1,4772,4844.15,4844.15,4822.55,4072,33573,163725273,
543271,"Jubilant Ingrevia Limited",A,STK,668,675.25,661.6,665.8,661.6,667.8,869,9898,6603583,
543272,"Easy Trip Planners Limited",A,STK,8.03,8.1,7.75,7.85,7.85,7.99,2227,1371848,10920949,
543273,"Knowledge Marine & Engineering",B,STK,1870,1870,1764.2,1775.5,1776.15,1833.55,586,8243,14943752,
543275,"Anupam Rasayan India Limited",A,STK,1266.4,1294,1259.05,1289.1,1286.7,1268,558,5752,7352646,
543276,"Craftsman Automation Limited",A,STK,7510.9,7709.6,7490.8,7688.35,7692.5,7510.9,472,60601,466559741,
543277,"Laxmi Organic Industries Limit",A,STK,142.7,144.6,141.1,142.25,142.45,142.7,616,19445,2767571,
543278,"Kalyan Jewellers India Limited",A,STK,444.95,444.95,415.15,426.9,426.9,440.15,16558,820172,347860828,
543279,"Suryoday Small Finance Bank Li",B,STK,142,145.7,141.6,144.35,144.35,143.4,216,8080,1160104,
543280,"Nazara Technologies Limited",A,STK,263.4,276.3,261.1,273.8,273.8,260.95,1566,118989,32375472,
543281,"Suvidhaa Infoserve Limited",T,STK,3.18,3.18,3,3.13,3.13,3.06,31,31303,96701,
543283,"UNITED FOODBRANDS LIMITED",B,STK,314.1,328.4,313.8,324.95,325,313.9,132,6649,2122862,
543284,"EKI Energy Services Limited",T,STK,92.4,98.7,92.4,95.3,95,97.04,341,25875,2471410,
543285,"Rajeshwari Cans Limited",MT,STK,18,18.7,17.06,17.06,17.06,17.95,166,201200,3443100,
543286,"Jetmall Spices and Masala Limi",MT,STK,48.49,48.5,48.45,48.45,48.45,46.2,3,18000,872640,
543287,"Lodha Developers Limited",A,STK,875.85,878.35,857.3,871.7,872.35,873.7,5790,195595,169865494,
543288,"Deep Industries Limited",B,STK,482.25,488.85,472.4,476.9,476.25,482.25,419,10592,5066000,
543290,"POWERGRID Infrastructure Inves",IF,STK,93.32,93.88,93.32,93.46,93.46,93.55,1807,138215,12926396,
543291,"Mirae Asset Mutual Fund",B,STK,174,175.5,174,175.5,175.5,166.88,671,32049,5622758,
543292,"ICICI Prudential Mutual Fund",B,STK,149.41,149.59,147.48,149.26,149.26,148.23,219,4858,722497,
543298,"Vineet Laboratories Limited",B,STK,32.33,35.73,32.23,35.2,35,32.87,239,16365,563681,
543299,"Shyam Metalics and Energy Limi",A,STK,862.6,871.65,852.95,864.8,865.3,862.45,430,6518,5625735,
543300,"Sona BLW Precision Forgings Li",A,STK,577.35,597,573.7,594.5,593.6,580.95,7105,711878,418538262,
543306,"Dodla Dairy Limited",A,STK,1085.95,1103.45,1065.25,1091.25,1095,1066.25,285,3886,4218900,
543308,"Krishna Institute of Medical S",A,STK,655,685,655,681.85,680,665.15,2031,12552,8496357,
543311,"India Pesticides Limited",B,STK,156.7,159,154.85,155.45,155.25,154.05,221,8506,1332494,
543317,"G R Infraprojects Limited",A,STK,892,923.4,892,901.75,905.65,892.1,1039,10439,9471097,
543318,"Clean Science and Technology L",A,STK,751.15,766.85,751.15,758.4,757.55,751.65,644,9226,7000346,
543320,"Eternal Limited",A,STK,254.55,255,249.75,252.6,252.6,252.75,15815,2385075,601273039,
543321,"Tatva Chintan Pharma Chem Limi",B,STK,1289.55,1335.75,1270,1275.1,1275.1,1283.65,365,3430,4478253,
543322,"ALIVUS LIFE SCIENCES LIMITED",A,STK,1065.9,1080.45,1060.05,1066.65,1064.05,1073.15,614,8841,9457893,
543323,"Mirae Asset Mutual Fund",B,STK,27.21,27.44,27.14,27.44,27.42,27.26,116,35124,961321,
543324,"Gretex Corporate Services Limi",B,STK,333.55,333.55,328.4,329.8,330.55,340.25,9,66,21741,
543325,"Rolex Rings Limited",B,STK,135.45,137.2,134.85,136.1,135.9,135.75,502,15013,2041724,
543326,"ICICI Prudential Mutual Fund",B,STK,51.59,53.5,51.59,53.25,53.5,51.85,1261,113655,6014853,
543327,"Exxaro Tiles Limited",B,STK,6.96,7.25,6.96,7.11,7.08,7.1,202,34632,246275,
543328,"Krsnaa Diagnostics Limited",B,STK,616.6,625.95,602.1,622.35,625.95,616.15,155,1612,989820,
543329,"Windlas Biotech Limited",B,STK,873,888.3,849,865.4,868.6,871.75,1321,14527,12637608,
543330,"Devyani International Limited",A,STK,108.5,111.15,107.48,107.72,107.95,108.85,4418,196075,21296055,
543331,"Meghmani Organics Limited",B,STK,53.69,53.8,52.95,53.64,53.65,52.83,681,75296,4022903,
543332,"Epigral Limited",A,STK,1229.3,1229.3,1195,1200.75,1198.55,1208.05,271,3048,3675047,
543333,"CarTrade Tech Limited",A,STK,1805,1888.5,1805,1857,1857,1798.75,2908,35674,66088604,
543334,"Nuvoco Vistas Corporation Limi",A,STK,314.95,314.95,304.55,311.45,311.45,310.5,1674,458549,142704756,
543335,"Aptus Value Housing Finance In",A,STK,248,250.5,245.05,246.5,246.5,246.9,2137,272004,67860311,
543336,"Chemplast Sanmar Limited",B,STK,238,238.1,234.5,236.65,237,236,865,8713,2060542,
543341,"SHARPLINE BROADCAST LIMITED",X,STK,10.11,11.25,10.11,11.05,11.12,10.73,35,2906,31126,
543346,"Aashka Hospitals Limited",M,STK,63.5,68.01,63.5,67,67,68,4,4000,265310,
543347,"Axis Mutual Fund",B,STK,349.2,349.89,343.78,348.68,349.49,349.2,13,659,229582,
543348,"Axis Mutual Fund",B,STK,146.32,148.56,146.32,148.56,148.56,147.38,8,484,70898,
543349,"ACUTAAS CHEMICALS LIMITED",A,STK,2330,2389.8,2330,2361.75,2361.75,2345.65,2769,23126,54723765,
543350,"Vijaya Diagnostic Centre Limit",A,STK,1019.7,1052.55,1017.1,1022.25,1031,1018,359,3735,3839234,
543351,"Naapbooks Limited",MS,STK,97,97,90.25,92.4,92.4,94,9,114000,10357020,
543357,"Axis Mutual Fund",B,STK,115.5,119.19,115.5,116.27,116.27,116.49,14,210,24831,
543358,"Sansera Engineering Limited",A,STK,2415,2477.35,2317.1,2377.55,2405,2396.2,1371,14151,33897092,
543363,"Prevest Denpro Limited",M,STK,446.6,459.95,446.6,452.55,450,447.1,12,4000,1801310,
543364,"Markolines Pavement Technologi",B,STK,152.1,154.5,151.2,151.75,151.6,150.2,476,28294,4342181,
543365,"Mirae Asset Mutual Fund",B,STK,74.44,74.44,72.4,74.44,74.44,72.21,139,14276,1059603,
543366,"SBL Infratech Limited",M,STK,47,47,45.9,46,46,48,3,3600,166680,
543367,"Paras Defence and Space Techno",A,STK,778.1,824.8,776.75,811.1,811.1,777.05,8474,207899,166017258,
543373,"Shri Venkatesh Refineries Limi",MT,STK,262,265,255.9,255.9,255.95,255.95,9,12000,3083150,
543374,"Aditya Birla Sun Life AMC Limi",A,STK,1066.75,1074,1020.3,1071.75,1071.75,1048.85,1546,15177,16026240,
543375,"Promax Power Limited",M,STK,13.61,14.24,13.58,14.22,14.2,14.2,5,12500,174075,
543376,"Samor Reality Limited",B,STK,82,82,77.8,78.01,81.29,81.59,5,67,5348,
543378,"CWD Limited",MS,STK,307,317.2,307,314.7,314.7,307,21,11500,3608250,
543383,"ICICI Prudential Mutual Fund",B,STK,117.25,118.2,117.21,118.18,118.2,116.39,29,1468,173326,
543384,"FSN E-Commerce Ventures Limite",A,STK,265.2,270.85,262.5,269.65,269.65,262.5,2150,112733,30233971,
543386,"Fino Payments Bank Limited",B,STK,138.2,142.95,138.2,142.4,142.75,139.55,507,28012,3948174,
543387,"S.J.S. Enterprises Limited",A,STK,1700.9,1717.15,1671,1702.3,1702.3,1697.4,536,4133,6994268,
543388,"DSP Mutual Fund",B,STK,334.17,337.75,334.17,337.75,337.75,334.17,15,457,153493,
543389,"Sigachi Industries Limited",B,STK,23.3,23.78,23.28,23.35,23.35,23.31,450,183023,4299060,
543390,"PB Fintech Limited",A,STK,1555.65,1628.25,1555.05,1600.65,1602.95,1553.3,7747,488971,785311748,
543391,"Suyog Gurbaxani Funicular Rope",M,STK,125,125,120.05,120.53,120.05,125,4,5250,646912,
543396,"One 97 Communications Limited",A,STK,1158.75,1165,1145.65,1161.75,1162.05,1148.3,2092,49578,57375222,
543397,"Sapphire Foods India Limited",A,STK,173.6,176.5,171.55,172.6,173.1,172.6,757,23320,4055790,
543398,"Latent View Analytics Limited",A,STK,312,321.3,305.25,310.7,311,308.4,2493,98430,30851740,
543399,"Tarsons Products Limited",B,STK,212.35,218.65,211,215.9,218.5,214.85,242,6053,1297186,
543400,"Omnipotent Industries Limited",M,STK,4.16,4.39,4.16,4.36,4.36,4.37,15,42000,177480,
543401,"Go Fashion (India) Limited",B,STK,291.8,292.9,287,289.7,290.25,285.9,460,14019,4059736,
543410,"DMR ENGINEERING LIMITED",M,STK,36.95,37.24,34.71,37.24,37.24,36,8,15600,569965,
543411,"HI-TECH PIPES LIMITED",B,STK,88.13,89.27,87.7,87.93,88.11,88.13,461,42478,3756677,
543412,"Star Health and Allied Insuran",A,STK,502.65,505,492.5,503.3,504.55,496.45,1354,20162,10048776,
543413,"Tega Industries Limited",A,STK,1756.95,1767.6,1734.7,1739.25,1738.15,1751.05,115,1055,1842952,
543414,"Mirae Asset Mutual Fund",B,STK,23.53,23.53,23.53,23.53,23.53,23.11,39,9759,229629,
543415,"Anand Rathi Wealth Limited",A,STK,3633,3733.9,3620.8,3689.55,3705,3629.25,791,6547,24083557,
543416,"Zodiac Energy Limited",B,STK,292.15,312.7,292.15,299.55,298.4,289.3,244,4287,1291080,
543417,"RateGain Travel Technologies L",A,STK,571.65,592.4,570.95,583.1,581,582.6,388,6621,3862390,
543418,"Edelweiss Mutual Fund",F,STK,1299.05,1299.05,1299.05,1299.05,1299.05,1312.18,1,100,129905,
543419,"Shriram Properties Limited",B,STK,81,82.98,80.23,82.53,82.58,80.45,784,94026,7666308,
543420,"Jet Freight Logistics Limited",B,STK,18.8,18.8,17.47,18.38,18.48,18,50,9319,169509,
543425,"C.E. Info Systems Limited",A,STK,934.4,972.4,919,952,952,922.95,1323,16786,15926042,
543426,"Metro Brands Limited",A,STK,1094.3,1094.3,1062.4,1069,1068.6,1084.1,258,1562,1684688,
543427,"Medplus Health Services Limite",A,STK,865.35,885,863.55,877.5,877.4,871.35,425,4349,3805016,
543428,"Data Patterns (India) Limited",A,STK,3546.5,3587.95,3475,3495.65,3495.65,3489.95,4117,34827,122895417,
543433,"HP Adhesives Limited",B,STK,38.18,41.4,38.16,40.75,40.85,38.64,280,29529,1170679,
543434,"Supriya Lifescience Limited",A,STK,636,664.1,620.1,649.75,649.75,628,413,11077,7122210,
543437,"Motilal Oswal Mutual Fund",B,STK,121.86,122.73,121.86,122.73,122.73,121.26,69,2582,316880,
543438,"DSP Mutual Fund",B,STK,240.8,241.2,240.8,241.2,241.2,236,4,1460,351571,
543440,"DSP Mutual Fund",B,STK,253.4,255.73,253.4,254.56,254.63,253.45,38,391,99479,
543441,"CMS Info Systems Limited",A,STK,315.9,320,315.3,318,318.4,317.8,1678,31139,9891521,
543442,"Brand Concepts Limited",B,STK,268.1,272.15,260.1,264.1,265.65,269.15,31,733,194703,
543443,"Ascensive Educare Limited",MS,STK,16.96,18.79,16.96,17.88,18.79,18.98,2,20000,357500,
543449,"WONDER ELECTRICALS LIMITED",B,STK,94,94.89,90.24,93.09,93.57,93.49,913,33925,3174621,
543450,"ICICI Prudential Mutual Fund",B,STK,27.13,27.38,27.02,27.25,27.29,27.13,156,15163,413191,
543452,"ICICI Prudential Mutual Fund",E,STK,245.76,248.65,244.7,248.15,248.15,248.25,2476,248689,61293910,
543453,"ALKOSIGN LIMITED",M,STK,61.65,61.65,61.65,61.65,61.65,65.9,1,1125,69356,
543454,"Mirae Asset Mutual Fund",B,STK,156.65,158,156.45,158,158,156.39,51,2758,434618,
543458,"AWL AGRI BUSINESS LIMITED",A,STK,183.15,186.9,182.2,185.05,185.05,182.05,5703,332219,61339229,
543460,"Quality RO Industries Limited",M,STK,50.86,50.86,50.86,50.86,50.86,48.44,1,2000,101720,
543461,"Safa Systems & Technologies Li",M,STK,20.6,20.7,20.6,20.67,20.7,20.7,5,50000,1032500,
543462,"DEV INFORMATION TECHNOLOGY LIM",B,STK,30.73,30.9,30.3,30.5,30.5,30.19,76,3626,111128,
543463,"Vedant Fashions Limited",A,STK,425,446.65,423.5,442,444,427.8,901,18536,8051391,
543464,"Maruti Interior Products Limit",MT,STK,60.99,60.99,60.99,60.99,60.99,62.23,16,23000,1402770,
543465,"Motilal Oswal Mutual Fund",B,STK,61.9,62.52,61.63,62.25,62.25,61.9,54,20019,1241587,
543471,"Aditya Birla Sun Life Mutual F",E,STK,245.6,248.79,244.59,248.45,248.45,248.33,1594,167455,41217904,
543472,"Aditya Birla Sun Life Mutual F",B,STK,34.3,34.48,34.1,34.24,34.24,34.35,15,69,2372,
543473,"Aditya Birla Sun Life Mutual F",B,STK,14.73,15.19,14.73,15.03,15.03,14.83,83,17495,260436,
543474,"Aditya Birla Sun Life Mutual F",B,STK,27.96,28.5,27.93,28.3,28.5,28.22,457,23599,666598,
543481,"Mirae Asset Mutual Fund",B,STK,22.43,22.6,22.02,22.49,22.5,22.24,1068,357447,8016327,
543482,"Eureka Forbes Limited",A,STK,489.9,495.55,478.55,481.75,483.85,496.75,616,10754,5212723,
543489,"Gateway Distriparks Limited",B,STK,58.43,59.53,58.32,59.08,59.4,58.26,429,35734,2109922,
543490,"GMR Power and Urban Infra Limi",A,STK,110.87,111.5,108.77,109.99,110,108.86,1714,150500,16554056,
543497,"Bhatia Colour Chem Limited",M,STK,97.8,97.8,97.8,97.8,97.8,102.9,12,9200,899760,
543498,"Motherson Sumi Wiring India Li",A,STK,39.74,40.12,39.11,39.55,39.7,39.45,3622,422056,16725393,
543499,"Achyut Healthcare Limited",B,STK,5.58,5.6,5.37,5.52,5.57,5.55,118,26059,143069,
543500,"Evoq Remedies Limited",M,STK,3.15,3.57,3.15,3.49,3.57,3.39,9,52000,172880,
543501,"Motilal Oswal Mutual Fund",B,STK,36.19,36.55,35.93,36.54,36.54,37.72,39,105,3805,
543512,"Avro India Limited",B,STK,133,134.3,127.55,127.8,127.55,131.35,422,5242,681206,
543513,"Uma Exports Limited",T,STK,27.88,29,27.03,27.95,28,27.71,48,6056,169184,
543514,"Veranda Learning Solutions Lim",B,STK,153.15,159,151.95,158.75,158.05,151.6,127,4098,638298,
543515,"Sunrise Efficient Marketing Li",M,STK,85.11,87.9,83.11,83.31,83.11,86.64,37,16500,1394531,
543516,"DHYAANI TRADEVENTTURES LIMITED",M,STK,5.33,5.39,5.2,5.37,5.39,5.16,38,165200,873852,
543517,"Hariom Pipe Industries Limited",B,STK,296.8,322.2,296.8,316.15,316.65,298.3,648,25202,7892173,
543518,"Eighty Jewellers Limited",M,STK,30,35.79,29.85,34,34,32.85,6,18000,596790,
543520,"Global Longlife Hospital and R",MT,STK,15.93,15.93,14.55,15.74,15.74,15.18,6,7000,105420,
543522,"Nanavati Ventures Limited",M,STK,110.1,110.1,109,109,109,108.45,3,3750,411825,
543523,"Campus Activewear Limited",A,STK,250.75,251.1,247,248,248.1,249.6,249,7285,1814149,
543524,"Rainbow Children's Medicare Li",A,STK,1264.6,1264.65,1242,1246.95,1246,1256.85,357,1562,1952784,
543525,"Silver Touch Technologies Limi",B,STK,124.4,129.9,123.75,125.5,126.5,124.6,397,43441,5488475,
543526,"LIFE INSURANCE CORPORATION OF",A,STK,842.4,846,835,842.2,842.2,842.4,5461,126487,106268868,
543527,"Prudent Corporate Advisory Ser",A,STK,2700,2760,2595,2750.65,2748.6,2651.4,724,5435,14823121,
543528,"Venus Pipes & Tubes Limited",B,STK,1306,1364.75,1285.25,1290.7,1293.6,1305.65,322,4008,5233733,
543529,"Delhivery Limited",A,STK,460.4,468.35,458.85,463.1,463.25,459.85,5415,716063,333411449,
543530,"Paradeep Phosphates Limited",A,STK,122.55,128.2,121.95,124.4,124.4,121.75,3237,335471,42206389,
543531,"Tierra Agrotech Limited",X,STK,47.51,48.5,44.9,46.25,46.25,48.48,23,949,44786,
543532,"ETHOS LIMITED",A,STK,2445.45,2445.45,2382.6,2398.8,2405.45,2437.4,237,1207,2908511,
543533,"eMudhra Limited",B,STK,503.85,508,497,500,497,501.25,213,2646,1332913,
543534,"Aether Industries Limited",A,STK,1178.85,1221.8,1173.35,1180.15,1183,1187.8,1943,29396,34952704,
543535,"We Win Limited",B,STK,62.02,62.02,58.51,58.94,58.94,60.23,201,2216,133063,
543538,"Goel Food Products Limited",M,STK,19.19,19.29,19.19,19.29,19.29,18.38,28,56000,1079220,
543539,"MODI'S NAVNIRMAN LIMITED",B,STK,320.9,340,312.8,325.3,325.3,303.95,275,3973,1310867,
543540,"Pearl Green Clubs and Resorts",M,STK,129.9,131.25,122,130.65,130,125.5,17,32400,4150500,
543542,"KESAR INDIA LIMITED",M,STK,1208,1218.9,1206,1215.45,1215.45,1209.8,23,10200,12381300,
543544,"JAYANT INFRATECH LIMITED",M,STK,68,69.99,67,68,68,67.5,7,5250,361110,
543545,"Veerkrupa Jewellers Limited",M,STK,0.69,0.7,0.69,0.7,0.7,0.69,2,33400,23213,
543546,"HEALTHY LIFE AGRITEC LIMITED",M,STK,8.98,8.98,8.56,8.56,8.56,9.01,25,72000,619480,
543547,"DDEV PLASTIKS INDUSTRIES LIMIT",B,STK,237.1,245,234.5,244.25,241.25,238.1,613,19863,4768202,
543563,"Motilal Oswal Mutual Fund",B,STK,43.81,44.6,43.5,44.23,44.6,44.1,47,4634,204700,
543568,"ICICI Prudential Mutual Fund",B,STK,30.98,31.57,30.98,31.51,31.46,31.13,307,72223,2258933,
543569,"HDFC Mutual Fund",B,STK,26.34,26.34,25.62,26.01,25.89,25.7,18,1657,43021,
543570,"HDFC Mutual Fund",B,STK,70.85,71.57,70.85,71.39,71.21,70.47,47,1753,124653,
543571,"ICICI Prudential Mutual Fund",B,STK,94.53,95.5,94.53,95.35,95.35,94.78,35,976,92811,
543572,"DSP Mutual Fund",E,STK,237.54,240.6,236.06,239.8,240.2,239.69,324,44225,10503684,
543573,"Syrma SGS Technology Limited",A,STK,979.95,992,965.8,977.65,973.65,968.95,7036,141409,138504320,
543574,"Aditya Birla Sun Life Mutual F",B,STK,21.05,21.39,20.94,21.17,21.17,20.95,68,4316,91107,
543575,"Aditya Birla Sun Life Mutual F",B,STK,30.93,31.35,30.86,31.26,31.25,30.78,44,2167,67260,
543576,"Motilal Oswal Mutual Fund",B,STK,118.06,119.31,116.87,118.61,119.31,117.68,261,15472,1825465,
543577,"Motilal Oswal Mutual Fund",B,STK,198.5,201.76,198.5,199.25,199.25,195.87,3,111,22066,
543578,"Olatech Solutions Limited",M,STK,161,161,157.05,159.35,157.05,163.6,9,8325,1330658,
543590,"Rhetan TMT Limited",B,STK,26.46,26.46,25.47,25.57,25.56,25.52,171,23830,616109,
543591,"DREAMFOLKS SERVICES LIMITED",B,STK,87.46,87.46,84.28,85.3,85.3,85.33,237,13624,1162316,
543592,"HDFC Mutual Fund",E,STK,235.36,238.5,234.5,238.21,237.9,237.92,1126,162248,38295875,
543593,"Dhampur Bio Organics Limited",T,STK,113,115.8,111.5,114.4,114.4,114.9,86,7681,867859,
543594,"DIPNA PHARMACHEM LIMITED",M,STK,9.83,9.89,8.6,9.17,8.6,9.83,13,39000,367980,
543595,"EP BIOCOMPOSITES LIMITED",M,STK,92,92,92,92,92,92,1,500,46000,
543596,"Tamilnad Mercantile Bank Limit",A,STK,685.3,691.85,674.65,683.1,681.2,681.45,609,6804,4621739,
543597,"Virtuoso Optoelectronics Limit",M,STK,337,385.8,335.85,362.4,355.6,328.2,367,127250,46523587,
543598,"SHANTIDOOT INFRA SERVICES LIMI",MT,STK,341.15,341.15,341.15,341.15,341.15,324.95,3,1200,409380,
543599,"Ksolves India Limited",B,STK,320,353.5,320,349.5,349.95,320,391,9001,3080540,
543600,"Harsha Engineers International",B,STK,414.75,414.75,400.6,401.1,400.6,406.75,482,10914,4416581,
543605,"HDFC Mutual Fund",B,STK,56.3,57.69,56.3,57.53,57.55,57.45,33,718,41148,
543606,"CONTAINE TECHNOLOGIES LIMITED",M,STK,23.24,23.24,23.24,23.24,23.24,22.14,6,7000,162680,
543607,"HDFC Mutual Fund",B,STK,115.81,117.12,115.81,116.51,116.92,116.58,73,655,76358,
543608,"HDFC Mutual Fund",B,STK,133.42,133.42,133.42,133.42,133.42,132.22,4,174,23215,
543614,"Tips Films Limited",B,STK,365,376.35,362,368.9,362,365.3,30,291,105997,
543615,"SILICON RENTAL SOLUTIONS LIMIT",MT,STK,100,105,100,104.9,104.9,100,6,5600,574304,
543616,"Trident Lifeline Limited",M,STK,268,268,249.3,249.65,249.95,249.5,46,29400,7437870,
543618,"Cargotrans Maritime Limited",M,STK,158,158.5,152,153.5,153.5,154.55,10,16500,2547900,
543619,"Concord Control Systems Limite",M,STK,2576,2700,2544,2573.35,2551.8,2576.8,40,8600,22581800,
543620,"INSOLATION ENERGY LIMITED",B,STK,137.91,147.29,136,142.82,143,135.57,4241,931385,130948365,
543621,"Cargosol Logistics Limited",M,STK,15.3,15.3,15.3,15.3,15.3,16,1,4000,61200,
543622,"STEELMAN TELECOM LIMITED",M,STK,69.8,69.8,69.8,69.8,69.8,69.8,1,1200,83760,
543626,"Electronics Mart India Limited",A,STK,104,107.29,103.99,105.11,105,103.81,669,35860,3789786,
543627,"HDFC Mutual Fund",B,STK,20.21,20.44,19.96,20.44,20.44,20.21,29,2299,46109,
543628,"HDFC Mutual Fund",B,STK,30.9,31.02,30.45,31.02,31.02,30.9,111,5099,157468,
543635,"PIRAMAL PHARMA LIMITED",A,STK,150.3,150.3,147,148.9,148.9,147.45,1104,81977,12189757,
543636,"Dc Infotech and Communication",T,STK,325,328.7,317.05,317.95,317.95,322.5,31,1612,515001,
543637,"PACE E-COMMERCE VENTURES LIMIT",M,STK,19,19,18.3,18.3,18.3,18.42,5,6000,110640,
543638,"Tracxn Technologies Limited",B,STK,33.19,35.36,33.19,35.1,34.9,34.64,175,9945,344880,
543643,"Narmada Agrobase Limited",B,STK,34.3,35.35,34.3,35.1,35.1,34.33,298,28284,985315,
543644,"InfoBeans Technologies Limited",B,STK,186.6,195,180.3,190,190,181.05,1000,64763,12221293,
543645,"HINDPRAKASH INDUSTRIES LIMITED",B,STK,136,143.75,136,138.55,139.95,131.6,37,1079,151999,
543650,"DCX Systems Limited",B,STK,191.85,196,191.35,194.75,194.8,190.4,1288,71593,13904887,
543652,"FUSION FINANCE LIMITED",B,STK,165.8,173.2,164.65,171.55,171.8,165.65,234,9760,1647980,
543653,"Bikaji Foods International Lim",A,STK,647.95,663.45,643.05,660.2,660.9,641.2,1275,24693,16265038,
543654,"Global Health Limited",A,STK,1094,1094,1068,1089.55,1089.9,1094,1380,15751,17032392,
543655,"Anzen India Energy Yield Plus",IF,STK,125,125,118,118,118,125,11,4525000,565450000,
543657,"Archean Chemical Industries Li",A,STK,613.9,615.7,606.5,607.45,607.45,611.15,215,3028,1845584,
543663,"Five-Star Business Finance Ltd",A,STK,458.5,474,457,471.5,471.5,459.7,3249,63690,29856149,
543664,"KAYNES TECHNOLOGY INDIA LIMITE",A,STK,4220.05,4264.95,4165,4214.65,4214.65,4204.8,9940,111762,470831574,
543665,"HDFC Mutual Fund",B,STK,33.47,33.94,33.46,33.6,33.94,33.63,14,7455,250594,
543666,"HDFC Mutual Fund",B,STK,27.33,27.54,27.21,27.53,27.54,27.36,43,2183,59936,
543667,"INOX GREEN ENERGY SERVICES LIM",A,STK,163.65,166.55,161.65,163.2,163.6,164.3,1580,84001,13777129,
543668,"B&B Triplewall Containers Limi",B,STK,206.05,206.05,201.1,201.1,201.1,202,2,27,5439,
543669,"Keystone Realtors Limited",B,STK,403.45,409.95,399.3,404.5,404.6,399.8,343,1587,642016,
543670,"VINNY OVERSEAS LIMITED",B,STK,1.18,1.23,1.15,1.2,1.21,1.22,92,141657,168782,
543671,"AAA TECHNOLOGIES LIMITED",B,STK,99.98,105.53,99.1,103.88,103.26,99.98,123,3393,349157,
543677,"ICICI Prudential Mutual Fund",B,STK,31.75,32.19,31.7,32.1,32,31.94,615,28048,899060,
543678,"AMBO AGRITEC LIMITED",M,STK,18.73,19.5,18,19,19,18.64,13,14000,265170,
543686,"Sirca Paints India Limited",B,STK,444.4,460.25,440.5,454.9,455.4,440.65,1959,50923,22867760,
543687,"Dharmaj Crop Guard Limited",B,STK,276.9,281.8,267.85,269.85,269.85,274.75,67,1386,382209,
543688,"Sarveshwar Foods Limited",B,STK,3.99,4.06,3.99,4.03,4.03,4.01,428,194477,783675,
543689,"Uniparts India Limited",B,STK,516.1,533.2,512.15,517.3,519,509.25,305,3217,1673403,
543699,"Edelweiss Mutual Fund",F,STK,1278,1286.63,1278,1286.63,1286.63,1280,2,12,15387,
543709,"PNGS GARGI FASHION JEWELLERY L",M,STK,860,889.4,849.95,865.9,865,870.1,125,21125,18127406,
543710,"ICICI Prudential Mutual Fund",B,STK,101.6,103.32,100.82,102.33,103,101.66,189,2671,272092,
543711,"Sula Vineyards Limited",A,STK,176.95,180.25,174,175.9,174.6,174.45,712,33076,5849669,
543712,"ABANS FINANCIAL SERVICES LIMIT",B,STK,204.45,207.1,201.05,203.7,207.1,204.45,56,1417,289673,
543713,"Droneacharya Aerial Innovation",M,STK,36.84,37.69,35.76,37.11,37.6,36.66,54,56000,2054310,
543714,"LANDMARK CARS LIMITED",B,STK,407,437.1,407,426.85,427.6,431.05,194,2607,1112466,
543720,"KFin Technologies Limited",A,STK,969.6,982.95,954.9,976.05,976.05,955.95,4937,99291,96300313,
543725,"Elin Electronics Limited",B,STK,122.78,123.59,118.8,119.75,119.39,121.26,344,7891,952519,
543732,"Radiant Cash Management Servic",B,STK,40.65,41.93,40.63,41.88,41.93,40.95,126,12166,497933,
543737,"Aveer Foods Limited",X,STK,550,550,535,535,535,535,2,51,27300,
543738,"DSP Mutual Fund",B,STK,57.22,57.78,57.22,57.66,57.53,57.22,10,273,15709,
543743,"Aeroflex Neu Limited",B,STK,81.81,84.02,81.22,83.31,83.31,80.59,34,716,59865,
543744,"Rex Sealing and Packing Indust",M,STK,140,150,140,145,145,155,3,1500,217500,
543745,"SVS VENTURES LIMITED",M,STK,10.8,10.8,9.65,9.99,9.99,10.08,16,102000,1023060,
543747,"Kamdhenu Ventures Limited",T,STK,5.87,5.87,5.67,5.78,5.78,5.69,151,25755,149194,
543748,"Aarti Pharmalabs Limited",A,STK,710,710,693.9,696.6,701,699.45,167,1685,1174701,
543754,"TRANSVOY LOGISTICS INDIA LIMIT",M,STK,133,133,133,133,133,139,1,800,106400,
543766,"Ashika Credit Capital Ltd.",B,STK,356.4,359.85,350,353.8,350,353.25,216,51916,18533052,
543767,"BODHI TREE MULTIMEDIA LIMITED",B,STK,6.36,6.66,6.36,6.53,6.4,6.6,96,17848,117261,
543768,"NMDC Steel Limited",A,STK,41.82,42.9,41.82,42.56,42.56,41.99,3147,1006276,42785135,
543774,"HDFC Mutual Fund",B,STK,36.69,36.75,36.14,36.59,36.59,36.14,133,4651,170203,
543775,"HDFC Mutual Fund",B,STK,162.32,165.76,162.32,165.48,165.48,162.83,1670,152384,25110678,
543776,"HDFC Mutual Fund",B,STK,22,22.35,21.99,22.26,22.35,21.93,111,19291,427543,
543781,"Mirae Asset Mutual Fund",E,STK,146.87,146.93,146.09,146.63,146.74,147.44,588,36196,5299181,
543782,"Sealmatic India Limited",M,STK,401,440.5,401,427.65,428.95,403,56,10800,4622076,
543787,"Macfos Limited",M,STK,828.45,830,820,820.55,820.05,830,38,6930,5721259,
543798,"Patron Exim Limited",M,STK,3.2,3.23,3.2,3.23,3.23,2.94,23,116000,373960,
543805,"RESGEN LIMITED",M,STK,64.15,66,63.5,65.08,66,65.5,8,6750,432690,
543806,"ITCONS E-Solutions Limited",M,STK,405,405,361,366.25,366.25,368.75,106,32200,11935480,
543811,"AIRAN LIMITED",B,STK,17.68,18.08,17.3,17.82,17.86,17.05,63,3734,65733,
543812,"DIVGI TORQTRANSFER SYSTEMS LIM",B,STK,800.6,801,770.2,776.4,776.4,784.35,567,4784,3783876,
543813,"Aditya Birla Sun Life Mutual F",F,STK,1000,1000.01,999.99,1000.01,1000.01,1000,67,13736,13736119,
543814,"PROSPECT CONSUMER PRODUCTS LIM",M,STK,54.25,54.25,54.25,54.25,54.25,53,3,3000,162750,
543819,"ICICI Prudential Mutual Fund",B,STK,88.76,89.6,88.75,89.25,89.2,89.01,54,4740,421926,
543828,"SUDARSHAN PHARMA INDUSTRIES LI",M,STK,30.21,30.79,29.7,30.07,30,30.33,40,500000,15018720,
543829,"Global Surfaces Limited",B,STK,63.78,63.78,62.82,63.27,63.27,62.23,46,5781,367247,
543830,"LABELKRAFT TECHNOLOGIES LIMITE",M,STK,62,62,62,62,62,61,1,2000,124000,
543831,"Bright Outdoor Media Limited",M,STK,347.3,347.65,347.3,347.65,347.65,362.3,6,2250,781762,
543848,"Dev Labtech Venture Limited",MT,STK,91.5,91.5,91.5,91.5,91.5,91,1,1000,91500,
543853,"Axis Mutual Fund",B,STK,80.67,81.45,80.25,81.45,81.45,80.48,8,203,16393,
543858,"Mirae Asset Mutual Fund",B,STK,203.32,203.32,203.32,203.32,203.32,198.35,1,1000,203320,
543860,"J.A. Finance Limited",XT,STK,85.88,85.88,85.88,85.88,85.88,85.88,1,85,7299,
543861,"Udayshivakumar infra limited",T,STK,25.1,26.1,25,25.17,25,25.45,36,3428,87658,
543874,"Maiden Forgings Limited",M,STK,89,89,86.01,87.5,87.5,86.88,9,10000,871940,
543875,"Mirae Asset Mutual Fund",F,STK,29.64,29.89,29.64,29.89,29.89,29.94,2,2,59,
543895,"Exhicon Events Media Solutions",M,STK,544.95,547,535.75,540.5,540,538.95,54,16500,8940925,
543896,"Avalon Technologies Limited",A,STK,1101.65,1125.85,1094.8,1120.1,1120.1,1102.55,869,8019,8919221,
543898,"BEML Land Assets Limited",B,STK,194.7,196.45,193.3,193.95,193.3,193,49,403,78288,
543899,"Cube Highways Trust",IF,STK,148,148,147.1,147.21,148,148,87,4525000,666763750,
543900,"UTI Mutual Fund",E,STK,238.06,240.97,236.77,240.51,240.58,240.17,1155,93793,22389645,
543901,"ROBUST HOTELS LIMITED",B,STK,186,194.25,184,194.25,194.25,189.5,9,152,28163,
543902,"Retina Paints Limited",M,STK,56.85,56.85,55.7,55.8,55.85,59.62,14,32000,1792420,
543903,"DSP Mutual Fund",E,STK,147,147,145.84,146.52,146.53,147.53,113,6317,925108,
543904,"Mankind Pharma Limited",A,STK,2095.1,2130.65,2095.1,2123.2,2124,2104.7,1565,17341,36785496,
543905,"INNOKAIZ INDIA LIMITED",MT,STK,14.01,14.01,14.01,14.01,14.01,13.35,2,1600,22416,
543910,"AVG Logistics Limited",B,STK,167.8,167.8,163.9,165.4,165,162.85,84,520,86126,
543911,"Atal Realtech Limited",B,STK,24.1,25.82,24.1,25.08,25.05,25.22,251,96248,2423397,
543912,"Power & Instrumentation (Gujar",B,STK,121.27,126.5,120.14,120.38,123,121.5,103,7021,848361,
543913,"Nexus Select Trust",IF,STK,157,158.61,157,157.91,157.91,157.94,390,5331,842792,
543914,"Swati Projects Limited",X,STK,37.7,37.8,36.11,37.65,37.8,36.08,84,2974,111198,
543915,"Pavna Industries Limited",B,STK,22.29,22.9,21.75,21.79,21.75,22.29,80,6698,147365,
543916,"Hemant Surgical Industries Lim",M,STK,288.75,302,284,297.75,302,296.85,70,47200,13861600,
543917,"SIGMA SOLVE LIMITED",B,STK,49.75,49.75,45.51,46.68,46.75,46.79,111,6277,294754,
543918,"GHCL Textiles Limited",B,STK,91.7,91.7,88,89.45,91,88.1,188,12782,1141306,
543919,"M.K.Proteins Limited",B,STK,5.43,5.43,5.1,5.28,5.37,5.37,119,29300,156892,
543920,"CFF FLUID CONTROL LIMITED",M,STK,741,779,741,773.5,779,740.3,342,94600,71991340,
543921,"Comrade Appliances Limited",M,STK,34.81,34.81,33.21,33.93,33.21,34.81,3,4000,135730,
543922,"Mirae Asset Mutual Fund",E,STK,240,242.2,238.24,241.67,241.5,242.08,285,12711,3046820,
543923,"IKIO Technologies Limited",B,STK,143.05,148,143.05,144.95,144.95,145.9,206,3867,563411,
543924,"Sonalis Consumer Products Limi",M,STK,53,54.9,52,54.9,54.9,54.9,8,16000,865000,
543926,"Bizotic Commercial Limited",MT,STK,898.5,898.5,869.9,890.7,895.5,858.55,5,4800,4270120,
543927,"Asian Warehousing Limited",X,STK,37.45,37.45,33.4,36.08,36.08,37,19,331,11935,
543928,"Cosmic CRF Limited",M,STK,900,900,867,880.9,880.9,893.25,89,9600,8461990,
543929,"HMA Agro Industries Limited",B,STK,23.08,25.29,23.08,24.76,24.76,23.07,748,158611,3906520,
543930,"Uravi Defence and Technology L",T,STK,148,148,144.1,147,147,143.5,27,374,54998,
543931,"VEEFIN SOLUTIONS LIMITED",M,STK,290.65,299.9,290.65,298.8,299.9,290.65,75,21200,6264040,
543932,"IDEAFORGE TECHNOLOGY LIMITED",B,STK,467.7,480,465,477.35,477.35,465.3,716,25919,12229911,
543933,"Cyient DLM Limited",B,STK,335.4,343.95,334.05,341.1,341,337.3,1381,23904,8121373,
543934,"Machhar Industries Limited",X,STK,326.65,340,326.65,333.35,340,343.8,3,16,5239,
543935,"DSP Mutual Fund",B,STK,33.23,33.6,33.23,33.6,33.6,33.5,15,312,10425,
543936,"Senco Gold Limited",A,STK,324.55,332.3,324.55,326.45,326.45,325,1614,56732,18669291,
543937,"ALPHALOGIC INDUSTRIES LIMITED",MT,STK,185,185,178.8,178.8,178.8,181.95,2,3000,551280,
543938,"ACCELERATEBS INDIA LIMITED",MT,STK,142.85,157.75,142.85,157.75,157.75,150.35,13,11520,1696512,
543939,"Kaka Industries Limited",M,STK,175,175.9,168,169.05,168,171.45,37,20500,3497275,
543940,"Jio Financial Services Limited",A,STK,241.8,245.45,240.7,243.95,243.95,241.3,20213,2798230,679464698,
543941,"AHASOLAR TECHNOLOGIES LIMITED",M,STK,88,88,88,88,88,88,3,2400,211200,
543942,"UTKARSH SMALL FINANCE BANK LIM",B,STK,13.6,13.85,13.42,13.77,13.77,13.48,1133,541776,7386021,
543943,"ASARFI HOSPITAL LIMITED",M,STK,202.7,217.25,202.7,215.95,215.1,211.5,26,26000,5535100,
543944,"Mirae Asset Mutual Fund",B,STK,571.5,574.77,570,574.77,574.77,567.79,93,322,184127,
543945,"NETWEB TECHNOLOGIES INDIA LIMI",A,STK,3744.8,3870.2,3736.75,3810.35,3810.35,3707.05,10642,124291,471697193,
543946,"Mirae Asset Mutual Fund",F,STK,1000,1000.01,1000,1000,1000,1000.01,140,250523,250523132,
543947,"DSP BSE Sensex ETF",A,STK,82.2,83.66,79,80.08,80.08,80.06,20,44,3551,
543948,"DSP Mutual Fund",B,STK,88.6,89.33,88.33,89.26,89.06,88.6,59,3411,302705,
543949,"DSP Mutual Fund",B,STK,27.21,27.48,27.17,27.48,27.48,27.21,19,1086,29597,
543950,"YATHARTH HOSPITAL & TRAUMA CAR",A,STK,786,786,751,754.9,755.85,769.45,1044,10994,8396582,
543952,"NIIT Learning Systems Limited",A,STK,325,330.45,323.2,328.5,326.85,325.9,201,2259,736189,
543953,"Khazanchi Jewellers Limited",M,STK,684,696,683.55,694.7,696,683.15,50,22250,15322600,
543954,"Allcargo Terminals Limited",B,STK,25.99,26.52,25.75,26.23,26.45,25.86,91,8187,214541,
543955,"Transindia Real Estate Limited",B,STK,29.53,29.54,28.17,28.36,28.3,28.95,31,1697,48192,
543956,"ICICI Prudential Mutual Fund",B,STK,20.8,21.05,20.8,21.05,21.05,20.58,5,172,3605,
543957,"REDTAPE Limited",B,STK,122.3,124.15,121.9,122.5,122.5,122.1,300,10230,1257515,
543958,"VL E-Governance & IT Solutions",T,STK,16.59,16.59,15.81,16.36,16.29,15.82,188,61843,997906,
543959,"SBFC Finance Limited",A,STK,97.51,97.69,96.56,97.28,97.29,98.11,1399,93243,9059993,
543960,"Concord Biotech Limited",A,STK,1051.3,1113.8,1042,1081.25,1083.5,1038.4,2746,40052,43116509,
543962,"D.P. WIRES LIMITED",B,STK,189,189,182,185.05,185.05,187.25,53,1777,328895,
543963,"SHELTER PHARMA LIMITED",M,STK,31.8,32.96,31.75,32.36,32.3,31.8,10,30000,967260,
543965,"TVS Supply Chain Solutions Lim",T,STK,112.79,116.8,111,115.39,115.85,112.2,285,18910,2165395,
543969,"Pyramid Technoplast Limited",B,STK,155.45,160.85,155.2,158.5,158.75,152.75,77,811,127652,
543971,"Bondada Engineering Limited",M,STK,351,363.95,349.05,359.85,359.85,349.05,884,260000,93141660,
543972,"Aeroflex Industries Limited",B,STK,294.6,321.3,294.6,311.2,311,296.75,6341,282430,87920214,
543973,"HDFC Mutual Fund",F,STK,1056.89,1056.89,1056.87,1056.89,1056.89,1056.49,7,1762,1862240,
543974,"VISHNU PRAKASH R PUNGLIA LIMIT",B,STK,43.77,44.78,43.39,43.91,43.72,43.45,817,108215,4752364,
543975,"UTI Mutual Fund",B,STK,218.12,223.6,218.12,223.6,223.6,220.33,22,3095,685324,
543976,"Shradha AI Technologies Limite",X,STK,32,32,31.07,31.69,31.84,31.83,133,9481,300272,
543977,"Rishabh Instruments Limited",B,STK,473.8,475,461.3,463.4,463,464.45,249,4505,2116013,
543978,"Ratnaveer Precision Engineerin",B,STK,159.65,159.65,150.35,156.05,156.05,156.95,1052,95856,14923422,
543980,"Jupiter Life Line Hospitals Li",A,STK,1272,1285.65,1272,1285.05,1285.05,1265.25,30,268,341890,
543981,"R R KABEL LIMITED",A,STK,1461.8,1519.05,1453.7,1475.45,1475.45,1453.7,1210,24363,36262949,
543982,"QUEST FLOW CONTROLS LIMITED",MT,STK,177.7,190,176,188.55,188.95,184.8,75,21000,3874640,
543983,"EMS LIMITED",B,STK,348.15,352.05,342.65,346.15,344,342.85,780,22673,7887387,
543984,"Samhi Hotels Limited",A,STK,164.35,167.45,162,163.25,163.5,163.85,632,40023,6590694,
543985,"ZAGGLE PREPAID OCEAN SERVICES",A,STK,268.5,268.5,259.7,260.5,261,264,732,31730,8330704,
543986,"South West Pinnacle Exploratio",B,STK,252,264,245.1,256.35,256,247.95,1261,44046,11193166,
543988,"Nuvama Wealth Management Limit",A,STK,1358.75,1412.35,1358.75,1403.2,1403.2,1366.9,1662,20423,28363935,
543989,"Sai Silks (Kalamandir) Limited",B,STK,101.41,102.95,100.83,102.44,102.44,100.21,485,25988,2649055,
543990,"SIGNATUREGLOBAL (INDIA) LIMITE",A,STK,823.95,835.8,800,801.4,801.7,806.95,949,29256,23776852,
543991,"TECHKNOWGREEN SOLUTIONS LIMITE",M,STK,110.08,130,110.08,128.26,129.9,108.97,55,27200,3406608,
543992,"YATRA ONLINE LIMITED",B,STK,125.75,127.57,122.34,123.2,123.2,123.27,1697,193160,24208299,
543993,"ARCL Organics Ltd",X,STK,198.6,208.5,198.6,200.85,201,198.6,35,690,140736,
543994,"JSW Infrastructure Limited",A,STK,271.95,277.85,271.95,274.35,274.35,272.85,2670,163828,44990363,
543995,"MANOJ VAIBHAV GEMS 'N' JEWELLE",B,STK,177.5,182.25,176.25,179,178,178.25,62,1065,189796,
543996,"Updater Services Limited",B,STK,158.4,164.85,158.4,161.15,161.75,159.95,352,10249,1655318,
543997,"ORGANIC RECYCLING SYSTEMS LIMI",M,STK,228.25,230,225.05,226.1,226,229.25,69,45600,10339170,
543998,"Valiant Laboratories Limited",B,STK,68.77,70.22,68.1,68.49,68.1,67.04,206,4742,326635,
543999,"Mirae Asset Mutual Fund",A,STK,80.07,80.6,80.05,80.51,80.59,80.05,41,7813,626451,
544001,"Sunita Tools Limited",MT,STK,900,908.95,865,881.5,885,898.95,101,15375,13658406,
544003,"Plaza Wires Limited",B,STK,42,42,39.79,40.23,40.07,40.34,226,6811,274257,
544004,"IRM ENERGY LIMITED",B,STK,218.7,222.25,216,220.6,220.15,214.9,646,13659,2995081,
544006,"Mirae Asset Mutual Fund",B,STK,33.16,33.61,33.16,33.49,33.5,33.45,280,148814,4954576,
544007,"Mirae Asset Mutual Fund",B,STK,25.06,25.43,25.06,25.38,25.41,25.18,144,65347,1644184,
544008,"Max Estates Limited",B,STK,393.55,393.55,386.95,390.2,388,386.25,105,2897,1129107,
544009,"Blue Jet Healthcare Limited",A,STK,420.95,430.35,417.5,422.85,422,416.6,833,25610,10886193,
544010,"SBI Mutual Fund",F,STK,1000.01,1000.01,999.99,1000.01,1000.01,1000.01,9,738,738007,
544012,"Cello World Limited",A,STK,434.1,437,429,432.5,433.8,427.05,492,8458,3656120,
544013,"KK Shah Hospitals Limited",M,STK,41.3,41.3,39,39,39,38,2,6000,240900,
544014,"Honasa Consumer Limited",A,STK,344.95,347.2,341.55,345.6,345.6,344.9,1159,28108,9697745,
544015,"Mish Designs Limited",M,STK,42.09,42.09,42.09,42.09,42.09,40.09,3,1500,63135,
544020,"ESAF Small Finance Bank Ltd",B,STK,23.93,24.41,23.93,24.01,24.01,23.98,831,98022,2373714,
544021,"Protean eGov Technologies Limi",A,STK,566,573,557,558.9,560,566.2,1051,21949,12343348,
544022,"ASK Automotive Limited",B,STK,439.8,452.6,433,435.85,435.85,435.2,766,22836,10116525,
544023,"Kalyani Cast-Tech Limited",M,STK,687,687,658.45,672,675,672,40,11500,7686750,
544025,"Arrowhead Seperation Engineeri",M,STK,74,74,74,74,74,70.1,1,600,44400,
544026,"Indian Renewable Energy Develo",A,STK,130.15,134.2,129.3,132.95,132.95,129.4,5723,864359,114644675,
544027,"Fedbank Financial Services Lim",B,STK,141.7,150.1,141.7,146.15,146.15,141.65,1173,99786,14601129,
544028,"Tata Technologies Limited",A,STK,586.35,596.55,582.6,589.15,589.15,586.85,4572,87384,51610661,
544029,"Gandhar Oil Refinery (India) L",B,STK,149.2,150,146.95,147.45,147.4,148.6,533,30459,4524889,
544030,"Flair Writing Industries Limit",B,STK,326.7,339.6,325.65,333.8,335.35,326.9,392,11285,3754394,
544035,"Swashthik Plascon Limited",M,STK,23.49,25,23.49,24,24,22.7,5,8000,191184,
544036,"DEEPAK CHEMTEX LIMITED",M,STK,90,95.46,90,94.03,92.66,90.99,7,5600,527168,
544037,"Amic Forging Limited",M,STK,1599.95,1604,1564.05,1581.15,1592,1579.5,138,19000,30163305,
544042,"Bajel Projects Limited",B,STK,178.5,182,178.5,179.45,178.8,179.1,559,20189,3634776,
544043,"BARODA BNP PARIBAS MUTUAL FUND",E,STK,149.94,149.94,145.9,145.9,145.9,147.11,13,44,6451,
544044,"India Shelter Finance Corporat",A,STK,809,822.35,799,803.15,800,810.2,333,3084,2507085,
544045,"DOMS Industries Limited",A,STK,2390.75,2436,2382.1,2388.65,2382.3,2382.1,320,2420,5816005,
544046,"INOX India Limited",A,STK,1498.9,1554.7,1482.2,1492.95,1492.5,1498.9,2334,30863,46840468,
544047,"Siyaram Recycling Industries L",M,STK,39.56,41,38.68,38.86,38.68,39.56,131,253500,10078095,
544052,"Benchmark Computer Solutions L",M,STK,24.49,24.49,24.49,24.49,24.49,24.3,1,2000,48980,
544053,"Motisons Jewellers Limited",B,STK,14.02,14.4,14.02,14.25,14.31,14.11,518,246485,3501299,
544054,"Suraj Estate Developers Limite",B,STK,246,248,237.1,245,246.2,246.95,849,47060,11359746,
544055,"Muthoot Microfin Limited",B,STK,180.7,180.7,175.05,176.7,176.7,178.65,164,4887,861926,
544057,"Happy Forgings Limited",B,STK,1345.2,1361.45,1308.35,1336.75,1340,1313.05,823,5335,7148490,
544058,"Credo Brands Marketing Limited",B,STK,79.56,80.09,78.12,79.02,79.65,78.61,222,9343,737001,
544060,"RBZ Jewellers Limited",B,STK,145,150,145,149.65,148.5,147.8,245,12114,1783607,
544061,"Azad Engineering Limited",A,STK,1879,1914,1857.05,1902.85,1895,1861.25,1504,18748,35299575,
544066,"SUNDARAM-CLAYTON LIMITED",B,STK,1420.9,1486.95,1420.9,1436.95,1435.65,1407.55,358,949,1380067,
544067,"INNOVA CAPTAB LIMITED",B,STK,724.35,746.15,720.95,740.5,746.15,727.3,93,916,667186,
544072,"AIK Pipes and Polymers Limited",MT,STK,34.91,37.79,34.2,37.79,37.79,36,17,15200,542232,
544073,"Manoj Ceramic Limited",M,STK,84,85,83.75,83.75,83.75,82,4,4000,336750,
544074,"Shri Balaji Valve Components L",M,STK,105,105,95,95.37,95,100.4,14,12600,1241226,
544079,"DIGIDRIVE DISTRIBUTORS LIMITED",B,STK,22.88,23.9,22.39,23.62,23.55,22.39,101,8994,207471,
544081,"Jyoti CNC Automation Limited",A,STK,712.05,717.85,702.4,707.3,707.3,702.85,2849,191690,135311976,
544082,"New Swan Multitech Limited",M,STK,49.6,49.6,49.6,49.6,49.6,49,1,2000,99200,
544083,"Shree Marutinandan Tubes Limit",M,STK,60.4,60.8,59.5,59.5,59.5,59.99,5,2500,150325,
544088,"Medi Assist Healthcare Service",A,STK,365.8,382.15,365.8,369.6,367,365.05,317,6335,2362247,
544089,"Zerodha Mutual Fund",F,STK,113.66,113.68,113.66,113.68,113.68,113.64,1216,2315865,263255550,
544090,"Sayaji Hotels (Pune) Limited",X,STK,770,787,760,766.75,784,765.25,11,93,71778,
544091,"Qualitek Labs Limited",M,STK,360.1,375,360.1,375,375,385,16,8000,2945820,
544092,"Bajaj Finserv Mutual Fund",B,STK,248.92,249.78,246.23,247.48,247.51,247.69,13,299,74504,
544093,"Bajaj Finserv Mutual Fund",B,STK,57.01,57.4,56.5,57.39,57.4,57.01,23,328,18684,
544094,"Euphoria Infotech (India) Limi",M,STK,32.3,32.3,32.3,32.3,32.3,32.01,1,1200,38760,
544095,"EPACK Durable Limited",A,STK,255,256.5,246.1,248.4,248.4,254.05,812,32368,8140196,
544100,"Nova Agritech Limited",B,STK,29.58,30.79,28.63,29.5,29.6,29.84,194,17849,522163,
544101,"Brisk Technovision Limited",M,STK,72.5,74.75,72.5,74.75,74.75,72,2,1600,117800,
544102,"UTI Mutual Fund",B,STK,331.5,331.5,331.5,331.5,331.5,331.5,1,1,331,
544105,"HARSHDEEP HORTICO LIMITED",M,STK,97,97,97,97,97,99.4,1,1500,145500,
544107,"BLS E-Services Limited",B,STK,176.5,179.6,174,174.95,176.25,176.1,237,18049,3194816,
544108,"Gabriel Pet Straps Limited",M,STK,185.1,198,185.1,197,197,189,4,3000,577020,
544110,"HDFC Mutual Fund",B,STK,88.79,89.32,87.98,88.99,89.32,88.79,90,6034,535382,
544111,"Apeejay Surrendra Park Hotels",B,STK,122,122.45,120.85,122.07,122.45,121.1,256,9867,1200791,
544112,"JASCH GAUGING TECHNOLOGIES LIM",X,STK,492,504.95,492,500.1,500,507.5,18,573,284692,
544117,"Signpost India Limited",B,STK,250.5,254.75,247.35,251.35,251,250.25,39,1065,267075,
544118,"JANA SMALL FINANCE BANK LIMITE",A,STK,401.55,401.55,388.95,391.25,390.65,395.35,186,3356,1323937,
544119,"Rashi Peripherals Limited",B,STK,462.95,465.3,453.65,455.25,455.8,456.8,237,5873,2690073,
544120,"Capital Small Finance Bank Ltd",B,STK,263.25,263.25,257.95,260.1,257.95,261,41,1040,270964,
544121,"Rudra Gas Enterprise Limited",M,STK,72.7,73,69.06,71.55,71.1,75,7,7000,497560,
544122,"Entero Healthcare Solutions Li",B,STK,1251.6,1324,1251.6,1282.75,1280,1249.9,463,8956,11514628,
544123,"LIC Mutual Fund",B,STK,59.58,60.26,59.58,60.26,60.26,59.47,8,45,2690,
544124,"VIBHOR STEEL TUBES LIMITED",B,STK,136,138.25,133.8,134.3,133.8,133,208,4580,623003,
544129,"Juniper Hotels Limited",B,STK,221,221,212.3,215.25,215,216.65,413,10490,2250636,
544130,"Mirae Asset Mutual Fund",B,STK,43.46,44.01,43.4,43.98,43.95,43.11,404,193939,8467137,
544131,"GPT Healthcare Limited",B,STK,136.25,138.15,134.8,137.35,137.65,135.95,127,2592,353248,
544132,"Zerodha Mutual Fund",E,STK,23.82,23.9,23.63,23.76,23.76,23.92,1634,472414,11204030,
544133,"EXICOM TELE-SYSTEMS LIMITED",B,STK,115,115.67,110.28,111.47,111.47,113.93,837,57334,6487928,
544134,"Platinum Industries Limited",B,STK,224.25,226.1,222.05,223.65,222.9,224.7,233,5324,1189090,
544135,"Mukka Proteins Limited",B,STK,23.49,24.3,23.39,24.12,24.2,23.49,302,26793,643352,
544136,"R K Swamy Limited",B,STK,88.64,91.83,88.61,90.75,90.7,86.92,181,2858,257574,
544137,"Indus Infra Trust",IF,STK,124.47,126.99,124.05,125.91,125.8,125.07,188,1708,215877,
544138,"J.G.Chemicals Limited",B,STK,375.5,383.6,373.9,380.05,378.9,374.35,309,5506,2087442,
544139,"KOURA FINE DIAMOND JEWELRY LIM",M,STK,37.05,37.05,37.05,37.05,37.05,38.5,1,2000,74100,
544140,"Gopal Snacks Limited",B,STK,281,284.95,279.75,284.5,284.5,279.15,131,3464,982923,
544141,"Pune E - Stock Broking Limited",M,STK,250,290,250,281.15,280,247.1,105,96000,26146120,
544142,"Shipping Corporation of India",B,STK,46.69,48.59,45.63,47.45,47.45,46.01,975,178116,8455722,
544143,"Royal Sense Limited",M,STK,191.1,193,175.55,188.25,190.75,191.45,23,27500,5186250,
544144,"Popular Vehicles and Services",B,STK,99.71,100.64,99,99.14,99.14,99.91,174,2116,210786,
544149,"KRYSTAL INTEGRATED SERVICES LI",B,STK,565,593.45,561.45,585.25,586.6,555.6,191,4084,2349129,
544150,"KP GREEN ENGINEERING LIMITED",M,STK,407.1,417.55,407,411,412.5,406.8,233,77000,31637750,
544151,"CHATHA FOODS LIMITED",M,STK,85.5,90.5,82.01,90.5,90.5,90.93,7,7000,619160,
544156,"Gconnect Logitech and Supply C",M,STK,13.28,13.28,13.28,13.28,13.28,12.65,4,6000,79680,
544158,"SRM CONTRACTORS LIMITED",B,STK,524.55,525.15,510.45,520.7,521.95,518.1,528,10021,5208147,
544159,"DSP BSE Liquid Rate ETF",F,STK,1122.63,1122.64,1122.62,1122.64,1122.64,1122.21,67,42353,47547089,
544160,"Jay Kailash Namkeen Limited",M,STK,17.73,17.73,17.68,17.73,17.73,16.89,10,16000,283552,
544161,"D P ABHUSHAN LIMITED",B,STK,1091.95,1094.2,1047,1076.3,1071.15,1083,159,1376,1467797,
544162,"Bharti Hexacom Limited",A,STK,1533.05,1548,1527.65,1538.3,1538.3,1531.9,479,5541,8518199,
544163,"Greenhitech Ventures Limited",M,STK,83.11,88.4,81,88.4,88.4,87.14,16,18000,1507230,
544164,"Faalcon Concepts Limited",M,STK,38.78,39.55,38.78,39.55,39.55,36.3,3,6000,234260,
544165,"SHIVAM CHEMICALS LIMITED",MT,STK,112.9,115,112.9,115,115,115.2,5,7500,853050,
544166,"EMMFORCE AUTOTECH LIMITED",M,STK,119,120.5,117.85,120.2,120.2,118.2,8,9600,1148880,
544167,"JNK India Limited",B,STK,301.55,309.95,300.35,304,305.8,301.1,541,14877,4549114,
544168,"VARYAA CREATIONS LIMITED",M,STK,32.49,32.49,31.49,31.5,31.5,30.29,3,3000,95480,
544169,"Amkay Products Limited",M,STK,62.9,62.9,62.9,62.9,62.9,57.2,1,2000,125800,
544170,"Dolphin Kitchen Utensils and A",MT,STK,14.81,14.81,14.81,14.81,14.81,15.58,49,178000,2636180,
544171,"Storage Technologies and Autom",MT,STK,50.5,51.97,50.5,51.97,51.97,49.5,4,3200,165128,
544172,"Indegene Limited",A,STK,495.65,495.65,485.9,486.8,488.05,488.95,234,4159,2032286,
544173,"Finelistings Technologies Limi",M,STK,14.81,14.81,14.81,14.81,14.81,14.11,1,1000,14810,
544174,"TBO TEK LIMITED",A,STK,1288.2,1312.55,1260,1291.85,1291.85,1269.15,1147,108228,140119110,
544175,"TGIF AGRIBUSINESS LIMITED",M,STK,86,99.42,86,95.62,91,82.85,8,14400,1353720,
544176,"Aadhar Housing Finance Limited",A,STK,491.55,502.6,491.1,496.8,497,491.1,556,9521,4723093,
544177,"Aztec Fluids & Machinery Limit",M,STK,98,98.45,96.04,98.45,98.45,99,3,3000,292490,
544179,"Go Digit General Insurance Lim",A,STK,322,322,318.5,319.25,318.6,318.95,146,4309,1379184,
544180,"Mirae Asset Mutual Fund",B,STK,48.72,49.74,48.7,49.67,49.6,48.83,130,45257,2237653,
544181,"Awfis Space Solutions Limited",A,STK,365.15,368.5,361,363.05,362.35,365.15,440,10158,3705763,
544182,"Bajaj Finserv Mutual Fund",F,STK,1077.99,1077.99,1077.97,1077.99,1077.99,1077.59,150,30131,32480912,
544184,"Borosil Scientific Limited",B,STK,117,119.5,117,118.55,119,116.35,109,3329,394047,
544185,"ADTECH SYSTEMS LIMITED",X,STK,59.55,63.94,58.3,61.01,61.5,57.93,92,14298,862441,
544186,"Forbes Precision Tools and Mac",X,STK,140.05,142.75,140,141.05,140,139.2,106,7643,1080866,
544187,"KRONOX LAB SCIENCES LIMITED",B,STK,133.23,135.13,131.27,133.19,133.19,132.61,248,2783,370948,
544188,"Magenta Lifecare Limited",MT,STK,12.29,12.3,12.29,12.3,12.3,12.93,2,8000,98360,
544189,"SATTRIX INFORMATION SECURITY L",MT,STK,448.9,448.9,432.5,432.5,432.5,441,3,1500,665150,
544190,"3C IT Solutions and Telecoms (",MT,STK,16.2,17.78,16.2,17,17,16.94,3,6000,101960,
544191,"Purple Finance Limited",X,STK,60.24,66,60.24,64.94,64.99,60.91,318,208627,13129105,
544192,"Le Travenues Technology Limite",A,STK,177.15,183.2,177.15,179.05,178.5,178.05,1399,56168,10135237,
544193,"Zerodha Mutual Fund",B,STK,10.8,11.05,10.8,11.04,11.04,10.91,384,85794,943461,
544194,"Zerodha Mutual Fund",B,STK,10.47,10.55,10.38,10.52,10.5,10.57,458,61029,639713,
544195,"United Cotfab Limited",M,STK,19.94,19.94,18.91,19.48,19.76,18.15,12,24000,466000,
544196,"BARODA BNP PARIBAS MUTUAL FUND",B,STK,56.08,56.7,56.08,56.7,56.7,56.53,11,1390,78275,
544197,"JHS SVENDGAARD RETAIL VENTURES",B,STK,22.97,23.49,22.97,23.49,23.49,22.96,4,349,8026,
544198,"DEE DEVELOPMENT ENGINEERS LIMI",B,STK,381.55,387.65,369,370.3,370.3,382.4,701,23014,8695998,
544199,"GEM Enviro Management Limited",M,STK,47.4,48.35,45.71,47.27,46.86,47,10,8800,414808,
544200,"Akme Fintrade (India) Limited",T,STK,9.55,9.83,9.35,9.69,9.62,9.55,170,151993,1451721,
544201,"DINDIGUL FARM PRODUCT LIMITED",MT,STK,20.47,21.49,19.45,21.48,21.48,20.47,40,116000,2434840,
544202,"STANLEY LIFESTYLES LIMITED",B,STK,140.2,145.95,139.4,142.4,142.4,142.45,1238,27481,3942497,
544203,"Allied Blenders and Distillers",A,STK,548.95,575,541.95,573.5,573,539.9,2880,91204,51458758,
544204,"VRAJ IRON AND STEEL LIMITED",B,STK,132.31,133.19,129.51,130.46,131.04,132.14,82,4559,596787,
544205,"National Peroxide Limited",X,STK,415,415,394,405.8,404,403.75,115,2239,901273,
544206,"SBI Mutual Fund",E,STK,241.78,244.09,240,243.75,243.43,243.46,602,84033,20260269,
544207,"Reliable Data Services Limited",B,STK,130.7,134,128.5,131.6,131.35,128.1,108,2923,380781,
544208,"Shriram Mutual Fund",F,STK,1100.7,1100.72,1100.7,1100.72,1100.72,1100.34,11,1108,1219587,
544209,"Bansal Wire Industries Limited",B,STK,301,313.35,301,306.25,305.7,303.9,396,8351,2576552,
544210,"Emcure Pharmaceuticals Limited",A,STK,1648.95,1688,1632.5,1670.25,1680.7,1638.4,1480,9079,15013578,
544212,"Mirae Asset Mutual Fund",B,STK,29.42,29.89,29.42,29.82,29.83,29.54,66,9503,283002,
544213,"AELEA COMMODITIES LIMITED",M,STK,143.75,165,141.95,162.6,161.5,140.85,183,133200,20922660,
544215,"SBI Mutual Fund",B,STK,32.7,33.08,32.46,32.68,32.51,32.69,42,3760,122890,
544216,"ICICI Prudential Mutual Fund",B,STK,11.32,11.62,11.32,11.58,11.59,11.42,199,34273,394845,
544217,"SANSTAR LIMITED",B,STK,85.98,88.29,85.26,87.39,87.45,85.34,180,11867,1028921,
544218,"Aditya Birla Sun Life Mutual F",B,STK,10.86,11.04,10.82,10.94,10.95,10.87,96,53188,582787,
544219,"VVIP Infratech Limited",M,STK,120.95,123,119,120,120,120.5,8,10200,1226070,
544220,"Clinitech Laboratory Limited",M,STK,43.6,45.5,41.5,45.5,45.5,45.84,3,3600,156720,
544221,"Kizi Apparels Limited",M,STK,16.5,17.5,15.62,15.65,15.65,14.93,13,39000,649950,
544222,"Akums Drugs and Pharmaceutical",B,STK,561.95,561.95,544.95,545.9,545.05,550.4,583,10274,5646470,
544223,"Ceigall India Limited",B,STK,303.6,312.1,298.4,306.5,306.5,300.45,652,27420,8355709,
544224,"Afcom Holdings Limited",M,STK,796,827,780,818.7,822,789.05,497,96360,78706632,
544225,"Ola Electric Mobility Limited",A,STK,38.99,42,38.6,40.83,40.83,38.67,26223,12913610,527136225,
544226,"Brainbees Solutions Limited",A,STK,247.65,269.55,246.95,252.4,252.4,247.4,5766,347381,89199166,
544227,"UNICOMMERCE ESOLUTIONS LIMITED",B,STK,102.6,103.5,100.94,101.79,101.79,102.01,184,15214,1554951,
544228,"Aditya Birla Sun Life Mutual F",F,STK,110.66,110.66,110.66,110.66,110.66,109.06,3,437,48358,
544229,"ICICI Prudential Mutual Fund",B,STK,12.51,13,12.51,12.98,12.98,12.84,1586,892395,11475314,
544230,"SARASWATI SAREE DEPOT LIMITED",B,STK,64.63,65.28,63.69,63.78,63.78,63.36,25,2547,165219,
544232,"Interarch Building Solutions L",B,STK,1948.95,1948.95,1905,1916.45,1918,1913.1,196,997,1921346,
544233,"Mahalaxmi Fabric Mills Limited",B,STK,25,26,24.5,25.5,25.5,26.65,15,76,1890,
544234,"Globale Tessile Limited",B,STK,12.85,13.75,12.83,13.41,13.55,12.58,46,3495,46016,
544235,"Orient Technologies Limited",B,STK,285.35,297,284.45,294.5,294.4,285.35,749,24747,7172539,
544238,"Premier Energies Limited",A,STK,1009.55,1050,1007.05,1037.45,1037.45,1002.05,4819,206659,213671028,
544239,"ECOS (India) Mobility & Hospit",B,STK,141.95,141.95,138.7,140.5,140.1,139.65,284,9441,1323478,
544240,"Raymond Lifestyle Limited",A,STK,806.5,832,800.1,803.8,803.8,805.05,815,8222,6667088,
544241,"Mirae Asset Mutual Fund",B,STK,15.95,16.09,15.95,16.09,16.09,15.87,22,4544,72809,
544242,"Travels & rentals Limited",MT,STK,23,23,22.95,22.95,22.95,24.15,7,21000,482100,
544243,"Baazar Style Retail Limited",B,STK,293.15,345.35,293.15,337.2,337.2,297.35,1663,67175,21744982,
544244,"Gala Precision Engineering Lim",B,STK,793,795.3,773.65,790.4,793.55,779.5,173,1351,1057906,
544245,"Naturewings Holidays Limited",M,STK,70,70,70,70,70,69,1,1600,112000,
544246,"Revathi Equipment India Limite",B,STK,687.95,687.95,622.5,627.75,622.5,632,22,86,54471,
544247,"DSP Mutual Fund",B,STK,90.49,90.82,90.38,90.57,90.6,90.25,148,2182,197687,
544248,"MACH CONFERENCES AND EVENTS LI",M,STK,133,151,133,143.05,143.1,134.5,46,30600,4435410,
544249,"SHREE TIRUPATI BALAJEE AGRO TR",B,STK,33.05,33.45,33.05,33.24,33.25,33.24,128,2892,96098,
544250,"Sanofi Consumer Healthcare Ind",A,STK,4747.65,4784.1,4694.95,4722.55,4732.25,4721.5,89,163,771599,
544251,"Share Samadhan Limited",M,STK,39.5,39.5,38.25,38.44,38.25,39.42,23,40000,1546896,
544252,"Bajaj Housing Finance Limited",A,STK,89.88,92.05,88.96,91.83,91.83,89.18,4948,775280,70477393,
544253,"Kross Limited",B,STK,191.1,197.6,190,194.6,194.6,191,390,15176,2951532,
544254,"Tolins Tyres Limited",B,STK,109.03,115.99,107,115.72,115.15,107.05,358,31545,3563834,
544256,"P N GADGIL JEWELLERS LIMITED",B,STK,671.55,684,664.9,667.45,670.4,661.5,816,14173,9572924,
544257,"Sodhani Academy of Fintech Ena",M,STK,188,188,188,188,188,188,1,500,94000,
544258,"Western Carriers (India) Limit",B,STK,102.77,103.59,101,101.79,101.75,100.74,175,8768,898762,
544259,"POPULAR FOUNDATIONS LIMITED",M,STK,30,30.6,30,30.6,30.6,29.3,2,6000,181800,
544260,"Northern Arc Capital Ltd.",A,STK,243.85,244,238.7,242.55,242,242.15,293,8135,1962980,
544261,"ARKADE DEVELOPERS LIMITED",B,STK,119.01,119.63,116.38,116.82,117.28,119.45,437,34096,4004618,
544262,"Manba Finance Limited",B,STK,111,113.6,110,111.9,112.8,110.15,58,3206,358042,
544263,"KRN HEAT EXCHANGER AND REFRIGE",A,STK,1217.95,1291.25,1206.7,1270.05,1274.8,1205.05,7401,109775,138243317,
544264,"Diffusion Engineers Limited",B,STK,297.95,323.35,297.95,311.6,312.15,297.4,569,17683,5532947,
544266,"Mirae Asset Mutual Fund",B,STK,88.17,89.15,88.15,89.15,89.07,88.17,6,327,29025,
544267,"SUBAM PAPERS LIMITED",M,STK,194.2,198,190,192.85,192.85,188.5,25,23200,4481200,
544268,"Mirae Asset Mutual Fund",B,STK,12.84,13,12.71,12.95,12.95,12.84,603,322819,4155058,
544270,"Khyati Global Ventures Limited",M,STK,55.5,55.5,55.5,55.5,55.5,53,1,1200,66600,
544271,"Garuda Construction and Engine",B,STK,177.25,179,176,177.75,178.1,177.2,672,37981,6746493,
544272,"SHIV TEXCHEM LIMITED",M,STK,167,167,160,165.75,165.8,155.3,56,26000,4267740,
544273,"MANGALAM GLOBAL ENTERPRISE LIM",B,STK,12.9,13,12.62,12.93,12.95,12.78,129,16336,209639,
544274,"HYUNDAI MOTOR INDIA LIMITED",A,STK,1854.7,1921.95,1850,1901.25,1901.25,1853.8,6077,96889,183593681,
544275,"ICICI Prudential Mutual Fund",B,STK,16.51,16.51,15.75,15.98,15.96,15.85,62,6224,99082,
544276,"Deepak Builders and Engineers",B,STK,75.29,76.76,74.63,76.06,76.3,74.7,143,5997,451870,
544277,"Waaree Energies Limited",A,STK,3468,3510.9,3411.25,3471.45,3471.45,3438.85,11657,181729,632582141,
544278,"OCCL Limited",B,STK,97.57,97.94,94.95,94.95,94.95,96.33,39,1758,170109,
544279,"Godavari Biorefineries Limited",B,STK,316.1,328.05,315.95,321.15,321.15,315.85,338,12715,4081831,
544280,"Afcons Infrastructure Limited",A,STK,345.85,345.85,330.8,334.15,334.15,346.85,2415,114934,38601947,
544281,"A B INFRABUILD LIMITED",B,STK,17.13,18.18,16,16.27,16.41,16.69,1426,195199,3336502,
544282,"Sagility Limited",A,STK,43.13,43.43,42.75,42.95,42.95,43.15,1806,417935,17986659,
544283,"ACME Solar Holdings Limited",A,STK,292.7,306.45,288.2,305,305,287.4,2995,173737,51716888,
544284,"Mirae Asset Mutual Fund",F,STK,1081.58,1081.6,1081.58,1081.58,1081.6,1081.19,37,11439,12372408,
544285,"SWIGGY LIMITED",A,STK,282,283.3,274.15,277.6,277.2,280.1,3498,252309,70495128,
544286,"NIVA BUPA HEALTH INSURANCE COM",A,STK,78.54,80.4,78.54,80.04,80.03,78.47,543,45618,3631308,
544288,"BlackBuck Limited",A,STK,606,629,606,623.5,623.5,603.8,4792,82717,51445185,
544289,"NTPC GREEN ENERGY LIMITED",A,STK,108.79,112.25,107.61,111.56,111.56,108.79,13920,2140911,236414319,
544290,"ENVIRO INFRA ENGINEERS LIMITED",A,STK,219.45,219.45,211.55,213.2,213.2,217.1,2423,205230,44030227,
544291,"RAJESH POWER SERVICES LIMITED",M,STK,1076.6,1172.9,1060,1132.85,1132.85,1056.15,744,101800,114454150,
544292,"Onesource Specialty Pharma Lim",A,STK,1495.95,1549.4,1489.45,1540.35,1539.75,1505.95,862,6428,9742887,
544293,"SURAKSHA DIAGNOSTIC LIMITED",B,STK,281.55,283.65,280,282.05,280,281.45,71,967,272735,
544294,"Rossell Techsys Limited",B,STK,961.05,990,961.05,973.6,977,961.05,358,6458,6306930,
544296,"NISUS FINANCE SERVICES CO LIMI",M,STK,242.85,248.9,240.05,245.25,246,235.75,44,20400,5018320,
544301,"Odigma Consultancy Solutions L",T,STK,30.9,30.9,30.05,30.49,30.5,30.81,109,5424,164057,
544302,"Innovana Thinklabs Limited",B,STK,416.35,416.35,378.4,398.5,378.4,405.9,172,1433,586279,
544303,"TOSS THE COIN LIMITED",M,STK,310,310,270,273,273,282.25,10,3000,841800,
544304,"JUNGLE CAMPS INDIA LIMITED",MT,STK,52,52.55,52,52,52,54,6,12800,667376,
544305,"One Mobikwik Systems Limited",B,STK,198.05,206.8,198.05,203.55,203.55,199.45,997,71973,14671639,
544306,"Sai Life Sciences Limited",A,STK,992.65,992.65,967.6,970.5,973.9,971.85,761,14475,14138711,
544307,"Vishal Mega Mart Limited",A,STK,119.25,120,116.45,118.9,119.3,117.5,4092,2289854,271020342,
544308,"Hilltone Software and Gases Lt",X,STK,49.5,50.7,47,49.6,49.6,49.5,75,25382,1219990,
544309,"INVENTURUS KNOWLEDGE SOLUTIONS",A,STK,1520.9,1521,1487.45,1496.7,1496.7,1522.35,469,5539,8333483,
544310,"Yash Highvoltage Limited",M,STK,586.05,624,586.05,606.3,601.05,586.05,434,129250,79119262,
544311,"International Gemmological Ins",A,STK,368.45,379.35,364.5,372.95,371.45,369.15,2424,75210,28070833,
544312,"HAMPS BIO LIMITED",M,STK,24,25,24,24.5,25,22,2,8000,196000,
544313,"NACDAC Infrastructure Limited",M,STK,31.1,31.62,30.32,31.62,31.62,30.86,4,16000,496160,
544314,"Sanathan Textiles Limited",B,STK,426.85,432.75,426.85,427,427,430,64,188,80498,
544315,"Concord Enviro Systems Limited",B,STK,338,339.25,330.85,332.45,335.95,335.9,323,2820,942250,
544316,"DAM Capital Advisors Limited",B,STK,155.65,161.65,155.65,159.1,159.1,155.55,928,45814,7271840,
544317,"Transrail Lighting Limited",A,STK,560.25,590.55,560.25,582.15,582.15,559.7,2458,79204,45730481,
544318,"MAMATA MACHINERY LIMITED",B,STK,400.35,408.6,395.7,401.25,399.3,396.25,291,8435,3389476,
544319,"SENORES PHARMACEUTICALS LIMITE",B,STK,890,909,875,893.95,893.65,890.6,877,19378,17309991,
544320,"CARRARO INDIA LIMITED",B,STK,586.55,598,576,587.95,587.95,595.1,1153,20534,11983813,
544321,"Ventive Hospitality Limited",B,STK,611.85,620.8,607.65,617.35,614.75,611.85,154,2616,1606764,
544322,"Unimech Aerospace and Manufact",B,STK,930.5,980,921.05,966.15,966.15,918.8,1713,13278,12710174,
544323,"Mirae Asset Mutual Fund",B,STK,10.99,11.13,10.99,11.11,11.11,10.99,63,23186,256322,
544324,"Citichem India Limited",M,STK,16.2,16.2,16.2,16.2,16.2,16.5,2,4000,64800,
544325,"ITC Hotels Limited",A,STK,162.35,164,161.35,162.45,162.2,161.85,2305,156172,25383932,
544326,"Edelweiss Mutual Fund",B,STK,24.35,24.69,24.24,24.54,24.69,24.35,20,14721,359497,
544327,"TECHNICHEM ORGANICS LIMITED",MT,STK,47.1,49.2,47.1,49.2,49.2,49,3,10000,487600,
544328,"INDO FARM EQUIPMENT LIMITED",B,STK,149,150.65,147.95,149.45,149.25,148.65,140,7785,1157612,
544329,"LEO DRYFRUITS & SPICES TRADING",M,STK,53.97,53.97,52,52.25,52,53.97,8,18000,949060,
544330,"PARMESHWAR METAL LIMITED",M,STK,145,147,145,147,147,150,2,4000,584000,
544331,"Davin Sons Retail Limited",M,STK,31,31,31,31,31,29.4,1,2000,62000,
544332,"FABTECH TECHNOLOGIES CLEANROOM",M,STK,259.2,275,251.1,267.6,275,254.5,19,11200,2935740,
544333,"STANDARD ENGINEERING TECHNOLOG",B,STK,134.45,137.95,134.45,135.65,137,135.3,522,12361,1685639,
544334,"Indobell Insulations Limited",MT,STK,73.15,75,73.15,74.12,73.41,76.98,7,6000,442402,
544335,"B.R.GOYAL INFRASTRUCTURE LIMIT",M,STK,122,124.5,122,124.5,124.5,122,4,4000,493950,
544336,"Quadrant Future Tek Limited",B,STK,316.55,332,315.6,327.15,326.1,314.75,613,20964,6757768,
544337,"Avax Apparels and Ornaments Li",MT,STK,48.7,49.05,48.7,49.05,49.05,46.9,2,16000,782000,
544338,"Capital Infra Trust",IF,STK,70.11,71.48,69.95,70.01,70,70.11,953,22454,1574423,
544339,"Laxmi Dental Limited",B,STK,200.6,202.2,194.75,195.1,194.75,198.55,249,3457,683546,
544340,"Rikhav Securities Limited",M,STK,49.5,52,49.5,51.9,51.8,49.52,19,30400,1555856,
544341,"LANDMARK GLOBAL LEARNING LIMIT",M,STK,27,27,26.69,26.69,26.69,28.09,15,27200,726784,
544342,"Stallion India Fluorochemicals",B,STK,148.5,167,148,159.95,160.95,147.05,4540,304246,48054804,
544343,"CAPITALNUMBERS INFOTECH  LIMIT",M,STK,101.9,102.8,98,98.13,98,101.19,27,11200,1119932,
544344,"SHRIRAM PISTONS & RINGS LTD",A,STK,3634.8,3750,3607.8,3735.4,3735.4,3607.8,1321,19245,71693236,
544345,"Denta Water and Infra Solution",B,STK,294.05,304.3,294.05,301.1,300,297.85,588,15720,4732883,
544346,"RDB Real Estate Constructions",X,STK,180,184.65,177.3,182.25,183,180,21,178,32344,
544347,"CLN ENERGY LIMITED",M,STK,399.95,406.75,397.75,405.65,405,385.35,15,3000,1205530,
544348,"GB Logistics Commerce Limited",M,STK,43.15,43.15,43.15,43.15,43.15,42.49,1,1200,51780,
544349,"H.M. ELECTRO MECH LIMITED",M,STK,51.3,55.55,51.3,55.55,55.55,50.5,13,20800,1138464,
544350,"Dr. Agarwal's Health Care Limi",A,STK,445.75,448.25,440.1,444.45,443,448.4,457,6567,2925366,
544351,"MALPANI PIPES AND FITTINGS LIM",M,STK,61.04,61.5,59.13,61.5,61.5,61,7,12800,773392,
544352,"DSP Mutual Fund",B,STK,41.24,41.55,41.24,41.55,41.55,41.22,2,21,872,
544353,"Amwill Health Care Limited",MT,STK,38,38.5,36.5,36.69,36.5,37.98,13,16800,625044,
544354,"SOLARIUM GREEN ENERGY LIMITED",M,STK,204.25,213,204.2,208.85,211.5,204.4,93,42000,8815575,
544355,"Jubilant Agri and Consumer Pro",B,STK,1929.4,1929.4,1844.05,1879.65,1866,1847.8,125,937,1751928,
544356,"AJAX Engineering Limited",B,STK,485,494.5,483.85,488.2,484.8,485.3,293,3939,1928954,
544361,"COVANCE SOFTSOL LIMITED",XT,STK,171.3,171.3,171.3,171.3,171.3,171.3,11,862,147660,
544362,"Hexaware Technologies Limited",A,STK,497.05,506,493,495.3,495,496.65,1747,32398,16184309,
544363,"UNION MUTUAL FUND",E,STK,151.38,154.8,148.96,153.8,153.8,148.41,9,138,21173,
544364,"Indef Manufacturing Limited",B,STK,294,297.1,291.85,293.3,293,293.05,167,889,261550,
544367,"QUALITY POWER ELECTRICAL EQUIP",B,STK,1156.15,1249,1133.85,1204.6,1206.4,1137.4,7979,92420,111311862,
544368,"Swasth Foodtech India Limited",M,STK,19.6,19.6,18.11,18.12,18.11,17.99,4,4800,88740,
544369,"Beezaasan Explotech Limited",M,STK,199.1,199.1,195,196.35,197.95,200.05,49,40000,7872560,
544370,"NUKLEUS OFFICE SOLUTIONS LIMIT",M,STK,201.1,201.1,201.1,201.1,201.1,201.1,1,600,120660,
544371,"VIKRAM AROMA LIMITED",X,STK,65.87,67.59,65.27,66.93,67.2,67.21,36,653,42969,
544373,"NAPS Global India Limited",M,STK,41.75,41.75,39.6,39.6,39.6,39,3,4800,194960,
544375,"360 ONE Mutual Fund",E,STK,151.15,151.15,146.75,148.32,151.1,148.19,91,1449,214382,
544376,"Mirae Asset Mutual Fund",B,STK,43.07,43.17,42.9,43.17,43.17,42.85,11,5394,232792,
544377,"Mirae Asset Mutual Fund",B,STK,13.32,13.33,13.31,13.31,13.31,13.13,4,2159,28736,
544378,"PDP Shipping & Projects Limite",M,STK,52.1,57,52.1,55.5,57,62,3,3000,163100,
544379,"Prabha Energy Limited",B,STK,164.9,165.15,162.1,162.5,162.45,163.85,41,1450,236274,
544380,"ICICI Prudential Mutual Fund",F,STK,1058.4,1058.4,1058.4,1058.4,1058.4,1057.86,15,1240,1312416,
544381,"Super Iron Foundry Limited",MT,STK,44.51,44.6,44.3,44.3,44.3,46.63,12,15600,692292,
544382,"Axis Mutual Fund",B,STK,33.77,34.15,33.42,33.9,34.15,33.61,47,3678,124323,
544383,"PARADEEP PARIVAHAN LIMITED",M,STK,143.35,143.35,140,140,140,143.95,21,32400,4564800,
544384,"Zerodha Mutual Fund",E,STK,24.94,25.3,24.86,25.26,25.26,25.24,1460,929351,23267690,
544385,"SBI Mutual Fund",B,STK,50.99,51.31,50.48,51.2,51.31,50.99,83,14999,767438,
544386,"Spectrum Electrical Industries",B,STK,1193,1213.25,1193,1200.95,1195,1200.2,20,69,82877,
544387,"Desco Infratech Limited",M,STK,165.8,193.7,164.4,191.9,191.9,161.45,415,251000,45648525,
544388,"Identixweb Limited",M,STK,78,78,77.1,77.1,77.1,77.1,2,4000,310200,
544389,"360 ONE Mutual Fund",E,STK,242.43,245.67,241.25,245.65,244.83,244.2,73,1696,412038,
544390,"Siemens Energy India Limited",B,STK,2888.5,3056.1,2888.5,3019.3,3019.3,2903.65,3878,35419,106271796,
544391,"Retaggio Industries Limited",M,STK,51.6,51.6,51.6,51.6,51.6,51.8,1,6000,309600,
544393,"INFONATIVE SOLUTIONS LIMITED",M,STK,28.4,28.4,27.01,27.68,27.68,28.67,8,12800,349664,
544394,"ICICI Prudential Mutual Fund",B,STK,29.77,30.02,29.7,29.93,30,29.52,53,3747,112188,
544395,"STL Networks Limited",B,STK,25.46,25.85,24.69,25.24,25.24,25.21,1731,607888,15300351,
544396,"Network People Services Techno",B,STK,1260,1300.3,1239.5,1277.55,1277.45,1247.95,116,1732,2207513,
544397,"Ather Energy Limited",B,STK,873.15,881.4,845.65,850.65,850.65,865.65,8031,218341,187652981,
544399,"SRIGEE DLM LIMITED",M,STK,73.39,74.8,72.1,73.65,74.8,73.4,7,8400,614028,
544400,"Manoj Jewellers Limited",M,STK,45.6,47,45.6,47,47,44,6,14000,653880,
544401,"Mirae Asset Mutual Fund",B,STK,327.42,327.42,327.42,327.42,327.42,319.22,1,1,327,
544402,"JASH ENGINEERING LIMITED",B,STK,400,405.35,392,394.35,394.35,400.1,283,5868,2350482,
544403,"Aditya Birla Lifestyle Brands",B,STK,106.53,107.06,105.05,105.86,105.63,105.72,1730,32456,3437648,
544404,"BORANA WEAVES LIMITED",T,STK,362,372.1,357.05,372.1,372.1,354.4,111,8478,3118650,
544405,"BELRISE INDUSTRIES LIMITED",B,STK,208.95,216.2,208.95,213.55,213.55,208.95,6535,5672053,1209634638,
544406,"UNIFIED DATA TECH SOLUTIONS LI",M,STK,370,380.05,366.05,375.5,377,368.7,59,26800,10088940,
544407,"AEGIS VOPAK TERMINALS LIMITED",B,STK,200.05,205.95,198.4,201,201,197.8,1233,51818,10425800,
544408,"Leela Palaces Hotels & Resorts",B,STK,428.7,430.3,424.05,427.1,426.5,427.65,178,2579,1102297,
544409,"ASTONEA LABS LIMITED",M,STK,155,155,155,155,155,155,1,1000,155000,
544410,"PROSTARM INFO SYSTEMS LIMITED",B,STK,155,155.7,152.75,154.45,153.7,153.8,368,18249,2816331,
544411,"Scoda Tubes Limited",B,STK,153.55,156.65,152.15,154.35,153.65,154.45,228,8537,1322676,
544412,"3B FILMS LIMITED",M,STK,18.4,19.7,18.4,19.31,19.31,18,22,78000,1498320,
544413,"Digitide Solutions Limited",B,STK,98.79,99.52,96.74,97.38,96.95,97.12,264,9512,934435,
544414,"Bluspring Enterprises Limited",B,STK,68.5,70.14,66.65,66.79,66.96,67.16,97,13250,891484,
544415,"Nippon India Mutual Fund",B,STK,41.1,41.5,40.91,41.43,41.5,41.2,247,4769,196660,
544416,"KRISHIVAL FOODS LIMITED",B,STK,327,327,324.05,327,327,324.9,48,2125,690617,
544417,"Aten Papers & Foam Limited",M,STK,19,19.11,19,19.11,19.1,19,8,10800,206184,
544418,"Oswal Pumps Limited",B,STK,416.1,448.85,411,433.05,433.05,408.05,3732,145397,63292145,
544419,"ArisInfra Solutions Limited",B,STK,120.78,132.4,120.78,128.36,129.2,121.44,1140,106612,13603772,
544420,"Raymond Realty Limited",B,STK,451.5,463.4,449,456.65,455,455.65,1304,17475,7971454,
544421,"ELLENBARRIE INDUSTRIAL GASES L",B,STK,255.55,263.55,253,260.45,261.1,252.95,473,13792,3582758,
544422,"Abram Food Limited",M,STK,76.01,79.96,76,79.96,79.96,84,11,13200,1023780,
544423,"Kalpataru Limited",B,STK,316.65,316.85,308.65,311.65,312.35,315.1,474,4160,1298880,
544424,"GLOBE CIVIL PROJECTS LIMITED",B,STK,43.43,50.74,43.43,49.49,49.72,47.73,330,10234,507478,
544425,"AJC Jewel Manufacturers Limite",MT,STK,105,105,105,105,105,105,1,1200,126000,
544426,"Icon Facilitators Limited",M,STK,73.5,75.5,66.5,68.4,68.4,70.2,45,82800,5807352,
544427,"ICICI Prudential Mutual Fund",B,STK,10.02,10.06,10,10.06,10.06,9.92,12,1409,14105,
544428,"SUPERTECH EV LIMITED",M,STK,61.99,63.82,61.01,62,62,61.51,13,15600,968004,
544429,"HDB FINANCIAL SERVICES LIMITED",B,STK,690.75,690.75,678,681.1,681.1,686.3,3262,89298,60858963,
544430,"SAMBHV STEEL TUBES LIMITED",B,STK,115.85,124.09,115.85,122.04,121.37,116.54,1499,134786,16144168,
544431,"Ace Alpha Tech Limited",M,STK,102.3,106,102.3,105.5,106,100.35,7,7000,722500,
544432,"Indogulf Cropsciences Limited",B,STK,61.99,64.4,61.65,63.93,64.4,61.23,195,12359,780524,
544433,"Valencia India Limited",M,STK,18.28,18.28,18,18,18,18.19,4,4800,86964,
544434,"Neetu Yoshi Limited",M,STK,105.37,107.99,102.16,105.28,105.1,102.45,110,119200,12545072,
544435,"ADCOUNTY MEDIA INDIA LIMITED",M,STK,127.5,133.75,123,132.5,133,126.65,67,63200,8217640,
544436,"VANDAN FOODS LIMITED",M,STK,41.27,41.79,40.01,41.6,41.6,39.88,12,14400,593592,
544438,"Mirae Asset Mutual Fund",B,STK,12.25,12.41,12.25,12.4,12.4,12.2,32,43311,533008,
544439,"CRIZAC LIMITED",B,STK,236,236,227.55,229.85,230,229.5,266,8287,1918460,
544440,"CRYOGENIC OGS LIMITED",M,STK,163,174,163,170.5,169,164.65,45,38250,6457425,
544441,"META INFOTECH LIMITED",M,STK,95.5,96.9,92,92.81,94,95.21,28,27200,2578336,
544442,"Chemkart India Limited",M,STK,137.5,141.05,137,141.05,141.05,134.35,30,45000,6276822,
544443,"TRAVEL FOOD SERVICES LIMITED",B,STK,1349.8,1351.9,1300,1308.65,1306.95,1309.1,460,1856,2460717,
544444,"Glen Industries Limited",M,STK,88.94,88.94,85.79,86.01,86.01,87.74,20,30000,2615892,
544445,"ASSTON PHARMACEUTICALS LIMITED",M,STK,79,81.5,77.15,79.3,79.3,75.4,14,14000,1119290,
544446,"Advent Hotels International Li",B,STK,166.5,168.75,164.8,165.55,165.55,166.65,585,11033,1839098,
544447,"SMARTWORKS COWORKING SPACES LI",B,STK,425,433.85,417.5,432.1,433.4,421,136,2162,923532,
544448,"Pashupati Cotspin Limited",B,STK,102.8,115.35,98,99.1,99.1,1005.55,1896,55519,5787877,
544449,"Anthem Biosciences Limited",B,STK,723.3,734.35,715.3,720.2,722.6,722.7,464,9315,6767146,
544450,"CHEMBOND CHEMICALS  LIMITED",B,STK,163,166.9,156.1,157.35,156.1,161.25,14,191,30439,
544451,"MONIKA ALCOBEV LIMITED",M,STK,252.25,255,252.25,254.1,255,252.25,3,1200,304900,
544452,"Swastika Castal Limited",M,STK,60.05,60.05,60.05,60.05,60.05,60.65,1,2000,120100,
544453,"Monarch Surveyors and Engineer",M,STK,250.15,278,250.05,260.8,261.9,256.65,108,73800,19628550,
544454,"INDIQUBE SPACES LIMITED",B,STK,161.3,164.55,155.6,159.05,159.5,160.85,400,20755,3311002,
544455,"GNG Electronics Limited",B,STK,431.95,431.95,416.35,426.15,422,416.65,491,9851,4157499,
544456,"R M DRIP AND SPRINKLERS SYSTEM",B,STK,23.2,23.65,22.8,23.25,23.25,23.99,10182,858774,19805321,
544457,"Brigade Hotel Ventures Limited",B,STK,65.54,66.8,65.31,66.61,66.1,65.58,133,11623,767443,
544458,"SHREE REFRIGERATIONS LIMITED",M,STK,212,225,212,221.2,219.05,215.8,131,70500,15621500,
544459,"SHANTI GOLD INTERNATIONAL LIMI",B,STK,191.95,200.5,191.95,199.05,200.5,195.85,499,21626,4262850,
544460,"PATEL CHEM SPECIALITIES LIMITE",M,STK,88.98,88.98,84.71,85.76,86.5,87.55,19,30400,2621760,
544461,"Euro Panel Products Limited",B,STK,174,177.85,172,175,175,175,50,1267,220850,
544463,"REPONO LIMITED",M,STK,59.09,59.25,58.55,59.25,59.25,59.01,7,10800,636588,
544464,"Umiya Mobile Limited",M,STK,54,56,53.6,53.6,53.6,53.6,6,12000,650400,
544465,"LAXMI INDIA FINANCE LIMITED",B,STK,121,124.36,118.42,120.41,119.31,119.91,328,15146,1840930,
544466,"Aditya Infotech Limited",B,STK,2149.95,2283.95,2125.05,2265.15,2265.15,2099.95,5866,56857,126521710,
544467,"National Securities Depository",B,STK,937,944.9,930,939.35,939.35,931.95,17028,541121,506649926,
544469,"Sri Lotus Developers and Realt",B,STK,144.2,144.2,138.5,140,140.6,142.9,484,26686,3786794,
544470,"M & B ENGINEERING LIMITED",B,STK,330.95,337.55,326.45,329.65,329.65,324.5,257,11904,3975350,
544471,"TAKYON NETWORKS LIMITED",M,STK,28.5,29.5,28.12,28.12,28.12,28.82,10,22000,639580,
544472,"MEHUL COLOURS LIMITED",M,STK,62.5,62.5,62.5,62.5,62.5,61.35,1,1600,100000,
544473,"Groww Mutual Fund",B,STK,11.8,11.8,11.51,11.75,11.73,11.52,395,384295,4480006,
544474,"BLT Logistics Limited",M,STK,30,30,30,30,30,29.97,8,14400,432000,
544475,"ESSEX MARINE LIMITED",M,STK,32,32,31,31.5,31.15,32.49,21,46000,1444900,
544476,"Jeena Sikho Lifecare Limited",B,STK,690.95,690.95,673.7,686.05,680,680.2,1120,28556,19559165,
544477,"Highway Infrastructure Limited",B,STK,55.79,58.25,54.68,57.23,56.9,54.78,532,26001,1476155,
544478,"SBI Mutual Fund",F,STK,1035.33,1035.33,1035.33,1035.33,1035.33,1034.93,1,6,6211,
544479,"ALL TIME PLASTICS LIMITED",B,STK,219.2,225.5,215.85,217.4,216.2,219.2,95,3094,680872,
544480,"JSW CEMENT LIMITED",B,STK,127.5,127.5,125.6,125.9,125.65,126.25,1304,92055,11613283,
544481,"KNOWLEDGE REALTY TRUST",IF,STK,117.4,117.4,115.05,116.25,116.45,116.64,1028,14282,1658385,
544482,"STAR IMAGING AND PATH LAB LIMI",M,STK,77.6,86,77.6,83.07,83.07,73.5,93,123000,10057010,
544483,"ICODEX PUBLISHING SOLUTIONS LI",M,STK,47.4,47.4,47.4,47.4,47.4,47.3,1,1200,56880,
544484,"BlueStone Jewellery and Lifest",B,STK,523,546.25,518.65,522.3,520.75,520.5,2678,40580,21434619,
544485,"REGAAL RESOURCES LIMITED",B,STK,83.81,89.09,83.5,85.04,85,82.05,1044,69545,6022090,
544486,"Zerodha Mutual Fund",F,STK,29.76,29.97,29.76,29.95,29.97,29.85,42,82946,2483357,
544487,"PATEL RETAIL LIMITED",B,STK,195.7,204.1,195,200.6,200,195.8,199,2677,533538,
544488,"Vikram Solar Limited",B,STK,229.15,232.15,226.1,229.35,229.35,228.7,2122,146921,33685553,
544489,"LGT Business Connextions Limit",M,STK,56.99,57,56.99,57,57,55.5,2,2400,136788,
544490,"Shreeji Shipping Global Limite",B,STK,359.5,380.2,359,377.1,376.8,359.85,580,31004,11604775,
544491,"Gem Aromatics Limited",T,STK,169,176.3,169,175.6,176.3,167.95,63,3664,629311,
544492,"MANGAL ELECTRICAL INDUSTRIES L",B,STK,293.95,310.8,286.45,302.3,302.3,289.65,571,18498,5569220,
544493,"Nippon India Mutual Fund",B,STK,154,156.72,154,156.61,156.61,155.47,20,156,24221,
544494,"Globtier Infotech limited",M,STK,19.3,19.94,18.9,19.8,19.9,19,12,28800,564080,
544495,"NIS MANAGEMENT LIMITED",M,STK,60,60,59.8,60,60,60.52,11,32400,1943580,
544496,"Vikran Engineering Limited",B,STK,69.98,71.18,69.52,70.16,70.1,69.65,1093,162552,11439697,
544497,"ANLON HEALTHCARE LIMITED",B,STK,143.95,144,140,142.2,141.5,141.2,532,38400,5445995,
544498,"OVAL PROJECTS ENGINEERING LIMI",M,STK,53.8,55.5,53.75,55,55,53.97,19,62400,3436704,
544499,"Career Point Edutech Limited",B,STK,191.3,199.75,190.1,193.65,190.1,190.35,30,333,65198,
544500,"ABRIL PAPER TECH LIMITED",M,STK,39.97,39.97,39.97,39.97,39.97,41.7,1,2000,79940,
544501,"SUGS LLOYD LIMITED",M,STK,124,125,122.8,124.5,124,124,44,53000,6568200,
544502,"Amanta Healthcare Limited",B,STK,128.26,133,125.02,130.37,132.59,128.9,241,10885,1403696,
544503,"Rachit Prints Limited",M,STK,172,172,162.55,164.76,165.2,167.55,36,46000,7663070,
544504,"GOEL CONSTRUCTION COMPANY LIMI",M,STK,329.9,340,329.9,335.25,334,329.9,113,77600,26093960,
544505,"AUSTERE SYSTEMS LIMITED",M,STK,47,50,47,49.75,50,48,5,12000,589400,
544506,"SHARVAYA METALS LIMITED",M,STK,98,98,88,94,94,95.47,26,21600,2026614,
544507,"Zerodha Mutual Fund",B,STK,9.89,9.98,9.82,9.96,9.98,9.79,205,156818,1552270,
544509,"Krupalu Metals Limited",M,STK,28.55,28.55,28.55,28.55,28.55,27.42,1,1600,45680,
544510,"NILACHAL CARBO METALICKS LIMIT",M,STK,97.6,97.6,97.6,97.6,97.6,98,2,3200,312320,
544511,"Karbonsteel Engineering Limite",M,STK,136,158.4,136,139.9,139.9,137,162,221600,32018920,
544512,"SHRINGAR HOUSE OF MANGALSUTRA",B,STK,202,207.1,199.35,201.35,201.35,200.8,1503,101035,20487312,
544513,"Dev Accelerator Limited",B,STK,42.31,43.73,40.47,40.61,40.47,42.31,91,21270,876095,
544515,"Urban Company Limited",B,STK,134.6,135.55,133,133.6,133.6,134.15,968,94919,12720753,
544516,"AIRFLOA RAIL TECHNOLOGY LIMITE",M,STK,337.5,352.7,337.5,347.45,348,338.15,144,153000,53152000,
544517,"Shankara Buildpro Limited",B,STK,1122,1135.2,1095,1106.45,1095,1116.35,113,1323,1477667,
544518,"L. T. ELEVATOR LIMITED",M,STK,178.6,187,175,186.6,187,178.6,93,164800,29779920,
544519,"EURO PRATIK SALES LIMITED",B,STK,244.95,254,242.8,251.55,254,240.75,367,8504,2115128,
544520,"SAMPAT ALUMINIUM LIMITED",M,STK,52.9,52.9,49.05,49.05,49.05,50,3,3600,182940,
544521,"VMS TMT LIMITED",B,STK,46.9,47.46,46.69,47.22,47.45,46.46,83,8111,382058,
544522,"A B Cotspin India Limited",B,STK,412,415,404.55,410,410,403.3,21,514,210726,
544523,"IVALUE INFOSOLUTIONS LIMITED",B,STK,256.25,270.2,256,268.4,268.4,256.05,494,11752,3114234,
544524,"JD CABLES LIMITED",M,STK,195,202,195,197,198.9,194.1,65,57600,11442760,
544525,"GK ENERGY LIMITED",B,STK,123.93,127.21,123.29,124.89,124.81,122.11,529,62759,7841608,
544526,"Saatvik Green Energy Limited",B,STK,485.7,485.7,469,471.75,471.5,470.45,361,9755,4627987,
544527,"Atlanta Electricals Limited",B,STK,1336.35,1398.15,1336.35,1375.4,1375.4,1349.75,913,8122,11187443,
544528,"Ganesh Consumer Products Limit",B,STK,199.5,201.1,195.3,196,197.2,196.15,234,4222,834996,
544529,"Aptus Pharma Limited",MT,STK,387.9,387.9,377.1,378.95,378.95,384.15,3,6000,2287900,
544530,"ANAND RATHI SHARE AND STOCK BR",B,STK,580.8,587.45,568.9,574.35,575.65,577.9,1121,32824,18970147,
544531,"TRUE COLORS LIMITED",M,STK,180,185.5,179,183.6,183,179.2,93,70200,12756090,
544532,"Solarworld Energy Solutions Li",B,STK,202.25,203.55,198,199.4,199.4,197.65,386,14815,2976565,
544533,"Seshaasai Technologies Limited",B,STK,239,243.35,235.8,239.85,239,238.85,337,12575,3008499,
544534,"Jaro Institute of Technology M",B,STK,441.7,445,437.35,438.95,437.35,446.05,184,10397,4594898,
544535,"BHARATROHAN AIRBORNE INNOVATIO",M,STK,142.5,142.5,142.45,142.45,142.45,139.05,2,3200,455920,
544536,"Wealth First Portfolio Manager",B,STK,964,964,944.25,944.25,944.25,941,14,18,17095,
544537,"Jain Resource Recycling Limite",B,STK,424.6,427.4,417.6,420.9,420.9,417.45,1777,57462,24226829,
544539,"Solvex Edibles Limited",M,STK,18.07,18.07,18.07,18.07,18.07,18.05,1,1600,28912,
544540,"Epack Prefab Technologies Limi",B,STK,190.3,193.55,188.7,192.35,192.35,188.7,686,27576,5273042,
544541,"SYSTEMATIC INDUSTRIES LIMITED",M,STK,195,197.75,191,193.35,194,192.2,79,60600,11773950,
544542,"Justo Realfintech Limited",M,STK,114,115.5,114,115.19,115.5,114,8,15000,1718430,
544543,"BMW VENTURES LIMITED",B,STK,61,61.7,59.06,60.87,61.28,59.75,315,17842,1077158,
544544,"TELGE PROJECTS LIMITED",M,STK,101,102.9,83,102.9,102.9,103.1,4,4800,443880,
544545,"TRUALT BIOENERGY LIMITED",B,STK,424.95,449.75,424.95,444.1,444.1,419.4,808,41201,18197863,
544546,"Chatterbox Technologies Limite",M,STK,68.99,68.99,65,67.85,67.85,65,5,6000,398448,
544547,"Jinkushal Industries Limited",B,STK,95.37,95.37,95.37,95.37,95.37,86.7,141,40985,3908739,
544548,"GUJARAT PEANUT AND AGRI PRODUC",M,STK,69,76.58,69,76.58,76.58,76.03,4,6400,472912,
544549,"EARKART LIMITED",M,STK,127.6,127.6,127.5,127.55,127.6,125,4,4000,510300,
544550,"Pace Digitek Limited",B,STK,174.65,179,172.05,177.15,177.15,172.8,2904,119922,21106864,
544551,"BHAVIK ENTERPRISES LIMITED",M,STK,165,169.4,165,169.4,169.4,163.5,4,4000,673200,
544552,"RUKMANI DEVI GARG AGRO IMPEX L",MT,STK,104.7,110.2,104.7,107.45,110.2,110.2,2,2400,257880,
544553,"M P K STEELS (I) LIMITED",M,STK,120.05,123,118.5,120.3,120.95,120.7,21,33600,4042880,
544554,"KVS Castings Limited",M,STK,55.55,55.55,53.5,54.5,54.5,55,8,16000,873220,
544555,"AMEENJI RUBBER LIMITED",M,STK,130,130.5,126.6,126.75,126.6,126.5,27,33600,4328820,
544556,"Dhillon Freight Carrier Limite",M,STK,33,33.3,32.67,33.25,33.25,31.3,5,9600,316144,
544557,"Glottis Limited",B,STK,55.54,59.4,55.54,57.6,57.8,56.27,498,32299,1868416,
544558,"Fabtech Technologies Limited",B,STK,156.45,161,153.25,158.55,158.55,157.05,408,13134,2071372,
544559,"OM METALLOGIC LIMITED",M,STK,20.01,20.01,19.8,19.8,19.8,19.57,5,8000,159056,
544560,"SODHANI CAPITAL LIMITED",M,STK,72.35,72.35,71,71,71,71.8,2,4000,286700,
544561,"Chiraharit Limited",MT,STK,9.9,9.9,9.9,9.9,9.9,9.9,5,30000,297000,
544562,"Advance Agrolife Limited",B,STK,111,112.83,109.43,111.21,111.79,109.75,211,12227,1361180,
544563,"Zelio E Mobility Limited",MT,STK,427.5,452.2,427,452.2,452.2,430.7,103,145000,64976900,
544564,"Om Freight Forwarders Limited",B,STK,75,80.55,75,79.89,79.01,78.88,59,2351,187223,
544565,"Valplast Technologies Limited",M,STK,51,58,51,54,54,50,48,162000,8815220,
544566,"Sunsky Logistics Limited",M,STK,64.3,64.3,64.3,64.3,64.3,63.94,1,3000,192900,
544567,"Infinity Infoway Limited",M,STK,330,350,330,337.9,337.9,350,5,4000,1362320,
544568,"DSM Fresh Foods Limited",M,STK,107.51,111,106.21,109.96,111,109.61,38,54000,5845764,
544569,"Tata Motors Limited",B,STK,441.55,445.25,435.6,439.15,439,441.85,14410,568665,250135642,
544570,"WeWork India Management Limite",B,STK,548.65,548.65,519.55,540.8,541.65,533.85,262,5073,2682762,
544572,"SKF INDIA (INDUSTRIAL) LIMITED",B,STK,2359.45,2377.75,2340.45,2354.95,2375,2358.65,203,675,1591031,
544574,"Tata Capital Limited",A,STK,335.1,338.55,332.25,337.6,337.6,335.75,2034,64534,21714565,
544575,"Mittal Sections Limited",M,STK,30.1,34.67,30.1,34.17,34.67,31.52,33,34000,1140620,
544576,"LG Electronics India Limited",B,STK,1536.5,1586.3,1536.5,1578.4,1578.4,1551.2,9136,93614,146683550,
544578,"RUBICON RESEARCH LIMITED",B,STK,884.95,912.35,874,897.05,897.25,870.45,1381,31778,28529421,
544580,"Canara Robeco Asset Management",B,STK,268.7,281.75,267,277.7,277.7,268.45,836,28724,7925238,
544581,"DSP Mutual Fund",B,STK,9.86,9.96,9.84,9.96,9.96,9.8,21,4048,40082,
544582,"SHLOKKA DYES LIMITED",M,STK,25.45,26.15,24.17,25.45,25,25.44,15,19200,491688,
544583,"Canara HSBC Life Insurance Com",B,STK,152.15,153.2,148,149.9,149.3,151,738,23527,3537949,
544584,"SK Minerals & Additives Limite",MT,STK,249.6,249.6,232,246.25,248.75,237.75,95,123000,29901650,
544586,"Zerodha Mutual Fund",B,STK,9.38,9.72,9.38,9.67,9.67,9.63,371,357255,3455918,
544587,"Midwest Limited",B,STK,1330.45,1386.45,1330,1375,1378.6,1321.95,296,4032,5496981,
544594,"GAME CHANGERS TEXFAB LIMITED",M,STK,121.9,121.9,118,119.75,119.75,121.9,8,9600,1144440,
544595,"Orkla India Limited",B,STK,636.6,642,629.95,639.15,632.6,627.65,246,2454,1558982,
544596,"Safecure Services Limited",M,STK,29,31.69,29,31.55,31.55,30,11,20400,637896,
544597,"Piramal Finance Limited",B,STK,1716.4,1716.4,1655.4,1673.65,1673.65,1699.75,1937,16971,28409019,
544598,"Accuracy Shipping Limited",T,STK,5.5,5.71,5.26,5.68,5.67,5.44,30,7822,43712,
544599,"Studds Accessories Limited",B,STK,484,490.95,476,489.45,490,478.25,163,1920,927227,
544600,"Lenskart Solutions Limited",B,STK,537.35,548,531.95,534.85,534.85,539.8,4211,404339,217946655,
544601,"Choice Mutual Fund",E,STK,153.82,153.82,148.01,148.83,148.83,150.01,10,953,142321,
544603,"Billionbrains Garage Ventures",B,STK,204.6,208.8,196.9,198.3,198.3,203.1,27406,4018878,813480046,
544604,"Mirae Asset Mutual Fund",B,STK,38.77,39.14,38.49,39.08,39.11,38.31,128,62892,2448565,
544605,"Mirae Asset Mutual Fund",B,STK,16.27,16.49,16.27,16.48,16.48,16.21,125,71697,1178166,
544606,"Pine Labs Limited",B,STK,189.75,198.85,187.2,193.9,191.5,189.35,1909,107365,20727472,
544607,"SHINING TOOLS LIMITED",M,STK,57.5,57.5,57.5,57.5,57.5,57.5,1,1200,69000,
544608,"Emmvee Photovoltaic Power Limi",B,STK,264.15,269.35,258.5,265.55,265.55,259.1,3833,177200,46852063,
544609,"Physicswallah Limited",B,STK,105.57,113.28,105.57,108.2,108.2,105.5,5743,818316,89369722,
544610,"WORKMATES CORE2CLOUD SOLUTION",M,STK,365,367,355,363.35,363,357,45,27600,10023090,
544611,"MAHAMAYA LIFESCIENCES LIMITED",M,STK,187.5,187.5,173.15,173.8,174,174,11,13200,2336160,
544612,"Tenneco Clean Air India Limite",B,STK,587.35,604,581,592.05,589.75,582.25,1779,29915,17805675,
544613,"Fujiyama Power Systems Limited",B,STK,254.25,262.3,253.6,258.7,258.3,256.25,1372,51208,13266664,
544614,"Capillary Technologies India L",B,STK,563.2,572.25,561.65,566.65,565.25,558.45,172,1745,992305,
544615,"KSR Footwear Limited",T,STK,37.7,37.74,37,37.62,37.61,37.74,10,512,19192,
544616,"Gallard Steel Limited",M,STK,160,164,157,160,160,154.9,24,27000,4310950,
544617,"Excelsoft Technologies Limited",B,STK,90.2,93.79,90.2,91.45,91.45,90.7,1696,42799,3930085,
544618,"Edelweiss Mutual Fund",B,STK,78.58,78.81,78.32,78.81,78.81,77.99,7,1526,119918,
544619,"Sudeep Pharma Limited",B,STK,631.1,649,629.65,642.7,647,634.3,228,3360,2145532,
544621,"SSMD AGROTECH INDIA LIMITED",MT,STK,68,70.98,67.52,70.65,70.5,67.76,23,26000,1826310,
544622,"Kwality Walls (India) Limited",B,STK,25.26,26.34,25.18,26.04,26.04,25.37,4597,1220524,31682241,
544624,"K K SILK MILLS LIMITED",M,STK,13.55,13.55,13.35,13.55,13.55,12.91,21,69000,933900,
544625,"Logiciel Solutions Limited",M,STK,52.32,52.32,50,52.32,52.32,49.83,18,14400,751998,
544626,"EXATO TECHNOLOGIES LIMITED",M,STK,410.6,414.9,402,413.75,413.95,410.6,9,9000,3689450,
544627,"PURPLE WAVE INFOCOM LIMITED",M,STK,129,134.9,126,127.85,126.2,127.45,125,219000,28425050,
544628,"Astron Multigrain Limited",M,STK,17.48,17.48,16.2,16.36,16.36,16.95,4,8000,133400,
544629,"Ravelcare Limited",M,STK,176,177.45,172,177.45,177.45,179.5,16,16000,2794150,
544631,"CREATIVE NEWTECH LIMITED",B,STK,600,607,593.1,602.85,602.25,600.8,71,264,158568,
544632,"Meesho Limited",B,STK,162.4,164.85,160.35,163.65,163.65,160.25,3119,341637,55718602,
544633,"VIDYA WIRES LIMITED",B,STK,69.94,71.59,67.36,69.47,69.88,67.67,1247,261437,18231921,
544634,"Aequs Limited",B,STK,160.7,175,160.7,170.6,170.6,160.25,7112,457750,77454916,
544635,"Luxury Time Limited",M,STK,68,68,67.5,67.5,67.5,68.93,3,4800,324800,
544636,"Western Overseas Study Abroad",MT,STK,21.6,22.68,21.6,22.68,22.68,21.6,7,14000,314400,
544637,"Methodhub Software Limited",M,STK,87.05,87.49,85.2,85.37,85.2,87.05,27,18000,1557132,
544638,"Bandhan Mutual Fund",E,STK,151,151.85,150.1,150.61,150.56,151.77,47,1134,170983,
544639,"Bandhan Mutual Fund",E,STK,246.23,250.22,246,248.84,250.22,247.24,33,540,133735,
544640,"Riddhi Display Equipments Limi",MT,STK,39.45,39.45,39.4,39.4,39.4,38.37,2,2400,94620,
544641,"K. V. TOYS INDIA LIMITED",M,STK,230,240.8,230,237.75,237.75,230,54,32400,7524840,
544642,"Wakefit Innovations Limited",B,STK,153.35,154.15,148.25,148.85,148.85,151.75,545,7632,1149182,
544644,"Corona Remedies Limited",B,STK,1582.95,1634.2,1564.55,1620.95,1625,1574.1,266,1950,3139017,
544645,"PARK MEDI WORLD LIMITED",B,STK,207,217.85,206.75,216.2,216.5,204.8,1186,69810,14872892,
544646,"Shipwaves Online Limited",MT,STK,4.4,4.49,4.37,4.37,4.37,4.28,19,200000,890500,
544647,"Nephrocare Health Services Lim",B,STK,568.3,593.95,568.05,585.05,585.05,570.6,832,14630,8538053,
544648,"UNISEM AGRITECH LIMITED",M,STK,59.9,59.9,59.9,59.9,59.9,57,1,2000,119800,
544654,"DSP Mutual Fund",B,STK,17,17.27,16.38,16.52,16.46,16.17,189,12096,201767,
544656,"HRS ALUGLAZE LIMITED",MT,STK,249.65,249.65,249.65,249.65,249.65,262.75,7,9600,2396640,
544657,"Pajson Agro India Limited",MT,STK,207.9,207.9,195,197.65,197.65,198.2,11,13200,2675160,
544658,"ICICI Prudential Asset Managem",A,STK,3295.65,3378.1,3260,3334.05,3334.05,3295.45,5884,120951,400739549,
544659,"STANBIK AGRO LIMITED",M,STK,30.01,30.01,29.93,29.93,29.93,31.5,3,12000,359760,
544660,"Mirae Asset Mutual Fund",B,STK,8.87,8.89,8.85,8.88,8.89,8.81,30,15399,136661,
544661,"Mirae Asset Mutual Fund",B,STK,36.78,37.2,36.78,37.14,37.2,36.8,23,3282,121207,
544662,"SIMANDHAR IMPEX LIMITED",XT,STK,118.6,118.6,114.95,118,118,121,8,565,66022,
544663,"NEPTUNE LOGITEK LIMITED",M,STK,45,45,45,45,45,45,4,4000,180000,
544664,"KSH INTERNATIONAL LIMITED",B,STK,572.95,619,570.4,589.65,589.65,570.3,2342,55012,32672562,
544665,"Global Ocean Logistics India L",MT,STK,107.05,115,107.05,114,114,112.5,7,11200,1267280,
544666,"GUJARAT KIDNEY AND SUPER SPECI",B,STK,112,115.4,111.05,112.35,112.35,112.15,762,28658,3265996,
544667,"Dachepalli Publishers Limited",M,STK,67,68.5,65,68.5,68.5,67,4,4800,322200,
544668,"NANTA TECH LIMITED",MT,STK,384.5,404.2,384.5,404.2,404.2,385,10,6000,2363310,
544669,"ADMACH SYSTEMS LIMITED",M,STK,210,223,210,215.55,215.05,208.4,17,10200,2199870,
544670,"BAI-KAKAJI POLYMERS LIMITED",M,STK,179,179.8,173,174.5,175,177.05,13,8400,1477680,
544671,"APOLLO TECHNO INDUSTRIES LIMIT",M,STK,99.8,99.8,99.8,99.8,99.8,95.01,1,1000,99800,
544672,"The Wealth Company Mutual Fund",E,STK,151,151,149.62,150.32,150.75,152.99,9,20,3003,
544673,"MODERN DIAGNOSTIC & RESEARCH C",M,STK,76.2,77.5,76.15,77.5,77.5,80,5,9600,739280,
544675,"Gabion Technologies India Limi",M,STK,67.99,74,64,71.56,71.05,64.81,78,158400,11141312,
544676,"YAJUR FIBRES LIMITED",M,STK,55.1,56.24,53,53.18,53,55.93,30,32000,1755840,
544677,"Defrail Technologies Limited",M,STK,81,81,81,81,81,80,3,4800,388800,
544678,"BHARAT COKING COAL LIMITED",B,STK,36.06,36.15,35.29,35.75,35.75,35.81,6113,2304476,82102791,
544679,"Amagi Media Labs Limited",B,STK,366.15,370.05,350.7,356.5,358.45,363.9,1258,19349,7004753,
544680,"Narmadesh Brass Industries Lim",M,STK,221.4,224.6,219.1,224.6,224.6,221,13,17040,3761400,
544681,"INDO SMC Limited",M,STK,166.25,175.05,165,173.35,173.35,166.25,95,132000,22510900,
544682,"GRE Renew Enertech Limited",M,STK,121.3,121.3,113.94,117.05,117,121.29,11,13200,1553436,
544683,"Aritas Vinyl Limited",M,STK,16.8,16.99,16.5,16.72,16.5,16.52,7,21000,353730,
544684,"DIGILOGIC SYSTEMS LIMITED",M,STK,93.01,95.99,93.01,94.9,95.5,95.27,22,27600,2608704,
544685,"SHADOWFAX TECHNOLOGIES LIMITED",B,STK,140.85,145.2,138.9,141.6,140,140.8,1254,78625,11232614,
544686,"SHAYONA ENGINEERING LIMITED",M,STK,130.05,130.05,130.05,130.05,130.05,133.7,1,1000,130050,
544687,"Hannah Joseph Hospital Limited",M,STK,80.5,82.49,80.1,80.56,80.1,80,9,18000,1461660,
544688,"KASTURI METAL COMPOSITE LIMITE",M,STK,58,58.5,57,57.03,57.05,57.1,7,16000,923200,
544693,"KANISHK ALUMINIUM INDIA LIMITE",M,STK,35.57,35.58,35.57,35.58,35.58,33.89,2,3200,113840,
544695,"Msafe Equipments Limited",M,STK,128,134.9,123.05,131.8,131.8,125.75,76,112000,14515300,
544698,"PAN HR SOLUTION LIMITED",M,STK,75.69,75.69,74.6,74.65,74.65,75,4,6400,480688,
544699,"Aye Finance Limited",B,STK,116.75,120,114,118.23,118.18,116.75,622,37841,4444630,
544700,"Fractal Analytics Limited",B,STK,877.35,902,873.3,879.3,879.3,874.45,1358,23018,20420867,
544701,"Mirae Asset Mutual Fund",B,STK,18.5,18.58,18.5,18.58,18.58,18.44,10,2493,46171,
544702,"DCM SHRIRAM INTERNATIONAL LIMI",T,STK,69.8,70.5,67.67,68.05,68.03,68.33,26,3830,266398,
544703,"DCM SHRIRAM FINE CHEMICALS LIM",B,STK,25.75,25.75,25,25.75,25.75,24.53,614,112399,2893895,
544704,"Mirae Asset Mutual Fund",B,STK,11.73,11.81,11.69,11.81,11.81,11.66,27,18647,218768,
544705,"Mirae Asset Mutual Fund",B,STK,71.64,72.4,71.43,72.25,72.25,71.36,194,32168,2312329,
544707,"Fractal Industries Limited",M,STK,218.1,218.1,215.05,218,218,218.9,4,4200,912120,
544708,"Yashhtej Industries (India) Li",M,STK,88.27,88.27,88.27,88.27,88.27,84.07,8,24000,2118480,
544709,"Gaudium IVF and Women Health L",B,STK,106.5,108,96,97.22,97.22,104.32,3032,316710,31903956,
544710,"ACCORD TRANSFORMER & SWITCHGEA",M,STK,60.01,60.99,57.11,58.67,58.67,60.45,56,171000,10059030,
544711,"KIAASA RETAIL LIMITED",M,STK,56.41,56.41,56.41,56.41,56.41,53.73,11,25000,1410250,
544716,"SHREE RAM TWISTEX LIMITED",B,STK,48.84,49.63,48.39,48.91,49.28,48.74,296,25966,1268748,
544717,"Clean Max Enviro Energy Soluti",B,STK,972,1002.65,970,999.15,1000,969.5,2951,27667,27562066,
544718,"PNGS Reva Diamond Jewellery Li",B,STK,375,386,374.9,380.75,381,373.8,818,32045,12176851,
544719,"Aditya Birla Sun Life Mutual F",B,STK,167.75,167.75,167.1,167.1,167.1,168.62,2,70,11710,
544720,"Omnitech Engineering Limited",B,STK,346.15,348.65,331.2,334.5,334.5,344.4,702,31008,10513915,
544721,"Groww Mutual Fund",B,STK,47.79,48.04,47.32,48.04,47.97,46.96,38,22035,1057173,
544722,"SBI Mutual Fund",B,STK,61.12,63,61.12,62.8,62.8,60.84,8,891,54901,
544723,"SEDEMAC MECHATRONICS LIMITED",B,STK,1685,1698.85,1631,1654.95,1653,1672.65,6958,106400,176297321,
544724,"Elfin Agro India Limited",M,STK,50.2,51.2,50.2,51.2,51.2,50.43,5,21000,1062000,
544725,"DSP Mutual Fund",B,STK,16.76,16.96,16.7,16.92,16.92,16.77,9,305,5122,
544726,"Kotyark Industries Limited",B,STK,363,364.9,341,359,358.4,353,236,8976,3147253,
544731,"RAJPUTANA STAINLESS LIMITED",B,STK,123,130.65,123,125.9,125.9,125.9,844,58152,7355873,
544732,"Innovision Limited",B,STK,315.45,321.05,315.15,317.15,317.15,320.45,525,9618,3061928,
544733,"GSP CROP SCIENCE LIMITED",B,STK,407.05,423.45,404.75,421.65,423.2,406.45,865,34372,14306484,
544734,"Raajmarg Infra Investment Trus",IF,STK,110,111.8,110,111.41,111.21,110.58,178,21513,2395167,
544735,"Novus Loyalty Limited",M,STK,184.5,195,182.95,184.85,182.95,179.95,158,288000,54547250,
544736,"HSBC Mutual Fund",E,STK,135.14,135.14,129.35,133.89,134.2,134.47,42,3036,400948,
544737,"Mirae Asset Mutual Fund",B,STK,16.54,16.68,16.54,16.64,16.6,16.49,8,15027,249838,
544738,"SPECIALITY MEDICINES LIMITED",M,STK,210.8,246.45,181,246.45,246.45,205.4,281,336000,72584800,
544739,"Central Mine Planning & Design",B,STK,176.1,187.85,175.35,180.7,180.7,172.65,7289,499178,90073447,
544740,"Tipco Engineering India Limite",M,STK,89.1,93,88.02,89.42,89.02,87.25,22,35200,3165072,
544741,"Highness Microelectronics Limi",MT,STK,120,125.6,119,125.6,125.6,119.65,98,129600,16024800,
544742,"Sai Parenteral's Limited",B,STK,470.3,523.4,470.25,478.3,478.3,469.95,1407,239908,115351943,
544743,"Amir Chand Jagdish Kumar (Expo",B,STK,130,131.8,125.15,130.85,130.85,127.05,3147,326174,42154544,
544744,"Powerica Ltd.",B,STK,429.5,453.15,429.5,436.55,443.1,431.45,5818,149881,65773643,
544745,"SBI Mutual Fund",B,STK,22.2,22.49,22.17,22.23,22.23,22.2,7,776,17359,
544746,"SAFETY CONTROLS & DEVICES LIMI",MT,STK,83.19,83.19,78,79.9,80.88,81.01,47,204800,16594128,
544747,"EMIAC TECHNOLOGIES LIMITED",MT,STK,108.5,113.92,108,113.61,113.61,108.5,117,196800,22165188,
544748,"ONE POINT ONE SOLUTIONS LIMITE",B,STK,55,56.54,54.66,55.76,55.49,54.9,223,38752,2170734,
544750,"OM POWER TRANSMISSION LIMITED",T,STK,181.1,190.15,181.1,190.15,190.15,0,2814,186623,35102955,
555555,"ICICI Prudential BSE Sensex ET",A,STK,885.2,899.37,885.2,897.22,896.69,893.91,84,676,604040,
570002,"Future Enterprises Limited",Z,STK,2.71,2.71,2.71,2.71,2.71,2.71,2,10,27,
570004,"JAIN IRRIGATION SYSTEMS LTD.",B,STK,24.8,24.8,24.12,24.18,24.15,24,5,520,12577,
570005,"GACM Technologies Limited - DV",B,STK,0.48,0.52,0.47,0.48,0.52,0.49,110,396915,196292,
590003,"KARUR VYSYA BANK LTD.",B,STK,283.85,283.85,275.5,277.65,277.75,280.55,3367,90672,25260086,
590005,"VEEDOL CORPORATION LIMITED",B,STK,1432.75,1444.85,1409,1440.7,1441,1430.75,133,950,1364333,
590006,"AMRUTANJAN HEALTH CARE LTD.",B,STK,550,552.35,539.3,546.5,544.75,538.65,165,1400,767257,
590013,"XPRO INDIA LTD.",B,STK,1091.75,1094.85,1059.6,1081.5,1064.25,1088.2,244,2152,2310604,
590018,"HISAR METAL INDUSTRIES LTD.",B,STK,159,180,155,155,155,158.05,8,45,7272,
590021,"BHARAT RASAYAN LTD.",B,STK,1580.3,1582.65,1546.4,1554.05,1548.5,1565,241,1840,2875071,
590022,"EASTERN SILK INDUSTRIES LTD.",T,STK,66.15,66.15,61.26,61.26,61.26,63,5,248,16224,
590024,"FERTILIZERS & CHEMICALS TRAVAN",B,STK,870.05,946,860.05,902.3,902.3,874.2,11116,295861,273626104,
590025,"GINNI FILAMENTS LTD.",B,STK,42.22,43.26,42,42.8,42.8,42.72,69,5819,247585,
590030,"SOUTHERN PETROCHEMICALS LTD.",B,STK,71.86,73.45,71.71,72.17,72.17,72.02,378,40443,2923436,
590031,"DE NORA INDIA LTD.",B,STK,792,833.65,792,825.05,827.1,782.55,118,971,789185,
590041,"Kavveri Defence &amp; Wireless",T,STK,69,71.33,68.61,71.33,71.33,67.94,147,22438,1582538,
590051,"SAKSOFT LTD.",B,STK,146.3,148.65,145.2,147.75,148.55,147.3,427,12549,1849055,
590056,"SALONA COTSPIN LTD.",B,STK,280,280,280,280,280,283.9,4,22,6160,
590057,"EQUIPPP SOCIAL IMPACT TECHNOLO",T,STK,17.19,17.54,17,17.51,17.51,16.75,10,1587,27259,
590062,"ANDHRA SUGARS LTD.",B,STK,86.99,87.65,85.02,86.76,86.61,85.82,220,14021,1209321,
590065,"INDIA MOTOR PARTS & ACCESSORIE",B,STK,1035,1043.55,1016,1024.55,1029,1026,29,350,358895,
590066,K.C.P.LTD.,B,STK,153,166.9,153,164.4,165.2,159.2,378,22084,3592121,
590068,"KHAITAN (INDIA) LTD.",B,STK,110,114,110,113,114,110,3,12,1326,
590070,"RADAAN MEDIAWORKS (I) LTD.",B,STK,3.7,3.7,3.3,3.41,3.41,3.24,9,88,303,
590071,"SUNDARAM FINANCE LTD.",B,STK,4990,5036,4941,5025.55,5024.3,4997.05,374,933,4671191,
590072,"SUNDARAM BRAKE LININGS LTD.",B,STK,626.55,627,616.1,616.25,616.25,621.45,20,48,29924,
590073,"WHEELS INDIA LTD.",B,STK,1025,1075,1024.95,1066.95,1068,1024.95,555,4879,5158685,
590075,"LAMBODHARA TEXTILES LTD.",B,STK,111,111.58,107.44,108.5,108.5,108.74,48,2597,281551,
590078,"MAITHAN ALLOYS LTD.",B,STK,1044.9,1057.45,1033,1036.1,1034.05,1018.2,358,3426,3581702,
590086,"ORISSA MINERALS DEVELOPMENT CO",B,STK,4260.5,4313,4157.1,4183.85,4187,4356.2,885,4024,17080622,
590095,"NIPPON INDIA ETF GOLD BEES",E,STK,125.01,125.21,124.21,124.81,124.81,125.65,12983,2508420,312836463,
590096,"NIPPON INDIA ETF LIQUID BEES",F,STK,1000,1000.01,999.99,1000.01,1000.01,1000.01,2249,849460,849465511,
590097,"KOTAK MAHINDRA MUTUAL FUND - K",E,STK,126.3,126.3,125.3,126,126.3,126.69,1125,122228,15381174,
590098,"SBI MUTUAL FUND - SBI GOLD EXC",E,STK,128.68,128.99,128.08,128.68,128.68,129.45,1364,149358,19194134,
590099,"QUANTUM GOLD FUND - EXCHANGE T",E,STK,124.95,125.12,124.45,124.87,124.8,125.75,167,4472,558520,
590101,"UTI MUTUAL FUND - UTI GOLD EXC",E,STK,127.7,127.7,126.42,127.04,127.19,127.64,299,21176,2686610,
590103,"NIPPON INDIA ETF NIFTY BEES",B,STK,272.5,276,272.5,275.82,275.82,274.04,5787,617327,169626580,
590104,"NIPPON INDIA ETF JUNIOR BEES",B,STK,747,759,743.94,757.35,757,747,1211,52148,39294207,
590106,"NIPPON INDIA ETF BANK BEES",B,STK,579.49,583.44,574.98,582.8,582.55,577.69,1014,51478,29878849,
590107,"KOTAK MAHINDRA MUTUAL FUND - K",B,STK,865.41,887.82,855.25,881.66,884.57,877.18,158,1437,1261752,
590108,"NIPPON INDIA ETF PSU BANK BEES",B,STK,97.71,98.67,97.31,98.46,98.18,97.79,869,207708,20357356,
590109,"NIPPON INDIA ETF SHARIAH BEES",B,STK,472,475.84,470.45,475.44,475.59,472.94,50,673,318351,
590110,"Quantum Nifty 50 ETF",B,STK,265,266.23,264.6,266.05,266.23,264.45,18,268,71112,
590113,"NIPPON INDIA ETF HANG SENG BEE",E,STK,537.24,543,531.91,535.57,534.62,537.24,684,14358,7741655,
590115,"MOTILAL OSWAL MUTUAL FUND",B,STK,252.19,254.25,250.64,254.24,254.25,252.75,31,222,56204,
590134,"Madras Fertilizer Limited",B,STK,67.88,71.93,67.88,70.81,70.65,68.19,394,27234,1930177,
590136,"Kotak Mahindra Mutual Fund - P",B,STK,58.03,58.5,57.83,58.39,58.5,58.03,250,37764,2197206,
590137,"SBI Mutual Fund-Permitted",B,STK,574.74,580.5,573.01,578.24,580.27,573.47,67,2985,1724804,
590138,"SBI Mutual Fund-Permitted",B,STK,265.49,265.49,258.01,260.53,260.95,259.02,648,25772,6690027,
590139,"Kotak Mahindra Mutual Fund - P",B,STK,1100.47,1100.47,1100.45,1100.47,1100.47,1100.05,28,19152,21076006,
590140,"Tata Mutual Fund - Permitted",E,STK,14.66,14.69,14.57,14.65,14.65,14.74,5216,4364652,63833016,
590141,"Nippon India Mutual Fund - Per",B,STK,35.14,35.32,34.64,35.1,35.1,35.04,843,204416,7157862,
590142,"Nippon India Mutual Fund - Per",B,STK,23.33,23.33,22.98,23.13,23.13,23.09,1238,182825,4222335,
590143,"Nippon India Mutual Fund - Per",F,STK,29.2,29.34,29.2,29.31,29.33,29.28,51,47530,1392134,
590144,"Nippon India Mutual Fund - Per",B,STK,224.95,227.86,224.16,227.64,227.6,224.76,938,45427,10271642,
590145,"Nippon India Mutual Fund - Per",E,STK,235.58,238.5,234.52,238.16,238.16,237.97,10380,1132395,267589286,
590146,"Motilal Oswal Mutual Fund-Perm",E,STK,152.75,152.75,148,149.07,149.65,150.23,84,4727,706257,
590147,"Motilal Oswal Mutual Fund-Perm",E,STK,245.26,246.09,241.96,245.57,245.56,245.95,25,777,189444,
590148,"Motilal Oswal Mutual Fund-Perm",B,STK,16.27,16.5,16.24,16.47,16.5,16.27,380,158000,2594634,
590149,"Motilal Oswal Mutual Fund-Perm",B,STK,52.1,53.46,51.94,53.21,53.46,51.88,601,105575,5556103,
590150,"Motilal Oswal Mutual Fund-Perm",B,STK,78.51,78.82,77.85,78.63,78.76,78.03,144,22623,1774014,
590151,"Motilal Oswal Mutual Fund-Perm",B,STK,50.71,51.8,50.71,51.62,51.62,51.2,203,16797,863275,
590152,"Motilal Oswal Mutual Fund-Perm",B,STK,94.58,96.99,94.45,96.8,96.79,95.41,772,121662,11716651,
590153,"Motilal Oswal Mutual Fund-Perm",B,STK,22.58,23.39,22.58,23.29,23.32,23.16,214,58840,1367807,
590154,"Kotak Mahindra Mutual Fund - P",B,STK,48.46,49.35,48.34,49.1,48.56,48.31,174,110717,5422914,
717506,"TVS Motor Company Ltd.",F,STK,10.14,10.19,10.13,10.14,10.14,10.14,1954,2752933,27914797,
751106,"Maha Rashtra Apex Corporation",R,STK,28.26,39,28.26,36.22,36.22,37,15,5611,216553,
751108,"Gujarat Cotex Ltd",R,STK,0.42,0.42,0.42,0.42,0.42,0.52,115,161188,67698,
800287,"SOVEREIGN GOLD BOND 2019 SERIE",G,STK,15110,15200,15002,15124,15124,15250,10,40,602967,
800288,"SOVEREIGN GOLD BOND 2019 SERIE",G,STK,15100,15100,15100,15100,15100,13686,1,5,75500,
800289,"SOVEREIGN GOLD BOND 2019 SERIE",G,STK,15180,15180,15180,15180,15180,14800,1,1,15180,
800290,"SOVEREIGN GOLD BOND 2019 SERIE",G,STK,15170,15180,15169.99,15169.99,15169.99,15030,5,53,804224,
800296,"SOVEREIGN GOLD BOND 2019-20 SE",G,STK,14730,15171.9,14730,15171.9,15171.9,15330,2,3,44631,
800297,"SOVEREIGN GOLD BOND 2019-20 SE",G,STK,15001,15079.96,15001,15075,15075,15090,7,36,541624,
800302,"Sovereign Gold Bonds 2019 - 20",G,STK,15110,15110,15110,15110,15110,14924.36,1,4,60440,
800318,"Sovereign Gold Bonds 2020-21 S",G,STK,15276.16,15310,15105.01,15156.89,15135,15300.55,41,94,1426188,
800320,"Sovereign Gold Bonds 2020-21 S",G,STK,15200,15200,15200,15200,15200,15043.45,1,8,121600,
800322,"Sovereign Gold Bonds 2020-21 S",G,STK,15149.49,15149.49,15095,15099.9,15129,15200,12,93,1404488,
800324,"Sovereign Gold Bond 2020-21 IV",G,STK,14982.01,15061,14982.01,15061,15061,14937.2,5,5,75226,
800325,"Sovereign Gold Bonds 2020-21 V",G,STK,15050,15140,15050,15105.21,15070,15104.39,29,138,2083427,
800327,"Sovereign Gold Bonds 2020-21 S",G,STK,15025,15175.5,15005.6,15113.32,15175.5,15137.13,38,218,3289548,
800328,"Sovereign Gold Bonds 2020-21 S",G,STK,15099.05,15099.05,14929.58,15073.27,15069.24,15350,26,56,843077,
800329,"Sovereign Gold Bonds 2020-21 S",G,STK,15175,15175,15086.1,15121,15121,15090,3,5,75589,
800331,"SGB 2020-21 Series IX",G,STK,15100,15140,15080,15087.33,15080,15150,10,46,694310,
800332,"Sovereign Gold Bonds 2021-21 S",G,STK,15090,15090,15090,15090,15090,15052.6,2,11,165990,
800333,"SGB 2020-21 SERIES XI",G,STK,15042.01,15042.01,15042.01,15042.01,15042.01,15055.8,1,2,30084,
800339,"SGB 2020-21 Series XII",G,STK,15100,15129,15000.14,15104.88,15100,15120,11,30,452433,
800340,"SGB 2021-22 Series I",G,STK,15070.01,15101,15070,15101,15101,15059.55,4,30,452410,
800342,"Sovereign Gold Bonds 2021-22",G,STK,15071.45,15071.45,15040,15040,15040,14220,3,10,150562,
800385,"Sovereign Gold Bonds 2021-22 S",G,STK,15210,15286.05,15210,15285.68,15286.05,15190.15,4,33,504351,
800386,"Sovereign Gold Bonds 2021-22 S",G,STK,15090.35,15090.35,15050,15060.6,15052,15179,13,110,1656816,
800434,"Sovereign Gold Bonds 2021-22 S",G,STK,15269.84,15269.84,15170.84,15215.42,15260,14569.99,4,9,137210,
800436,695GOI2061,G,STK,94.9,94.9,94.9,94.9,94.9,94.9,5,3672,348472,
800437,"Sovereign Gold Bonds 2021-22 S",G,STK,15200,15200,15200,15200,15200,15187.39,1,3,45600,
800438,"Soveriegn Gold Bonds 2021-22 S",G,STK,15192,15192,15192,15192,15192,15150,1,2,30384,
800441,754GOI2036,G,STK,107.7,107.7,107.6,107.6,107.6,107.7,14,14761,1589619,
800443,"Sovereign Gold Bonds 2022-23 S",G,STK,15252.25,15675,15171,15522.62,15515,15252.25,12,66,1021881,
800444,71GOI2029,G,STK,101.6,101.6,101.6,101.6,101.6,101,1,250,25400,
800488,"Sovereign Gold Bonds 2022-23 S",G,STK,15199.99,15299.32,15181.11,15275,15275,15194.8,16,58,884563,
800573,"Soverign Gold Bond 2022-23 Sr",G,STK,15000.01,15300.01,15000.01,15295,15295,15270,9,43,656335,
800575,"Sovereign Gold Bond 2022-23 Sr",G,STK,15375,15375.02,15375,15375.02,15375.02,15232.05,2,2,30750,
800580,"Sovereign Gold Bonds 2023-24 S",G,STK,15400,15550,15362.8,15538.57,15550,15454.99,47,288,4451360,
800588,725GOI2063,G,STK,99.3,99.3,99.3,99.3,99.3,98,1,500,49650,
800596,"Sovereign Gold Bonds 2023-24 S",G,STK,15119.33,15614.99,15119.33,15529.24,15614.99,15415.51,40,154,2381571,
800603,"Sovereign Gold Bonds 2023-24 S",G,STK,15542.88,15824,15542.88,15755.07,15740,15542.88,50,161,2525281,
800604,733GS26J24,G,STK,102.4,102.4,102.4,102.4,102.4,101,1,100,10240,
800605,"Sovereign Gold Bonds 2023-24 S",G,STK,16300,16300,16066.19,16147.63,16066.19,16051.31,32,113,1832450,
800607,734GOI2064,G,STK,101.5,101.5,101,101,101,101.15,4,7500,757860,
800680,GS06MAY38C,G,STK,39.79,39.79,39.79,39.79,39.79,40.02,1,630000,25067700,
800807,709GOI74,G,STK,97.95,97.95,96,97.92,97.92,96.88,43,142,13712,
800808,690GOI65,G,STK,91.3,92.1,91.3,92.1,92.1,91.95,4,51051,4661797,
805181,91TB220526,G,STK,99,99,99,99,99,99,1,100,9900,
810677,675KASDL33,G,STK,92.2,92.2,92.2,92.2,92.2,87.85,1,10,922,
810853,789MAHSDL32,G,STK,101,101,101,101,101,99.41,7,2100,212100,
810855,794TNSDL32,G,STK,101.55,101.55,101.55,101.55,101.55,102.55,1,1,101,
810861,782GJSDL32,G,STK,101,101,101,101,101,102.95,1,1,101,
810868,777GUJSDL32,G,STK,101.25,101.25,101.25,101.25,101.25,101.25,1,1,101,
810877,776KERSDL38,G,STK,102,102,102,102,102,102,1,1,102,
810898,778MAHSDL30,G,STK,103,103,103,103,103,104.05,1,1,103,
810943,736MAHSDL28,G,STK,100,100,100,100,100,108.8,1,5,500,
811126,807TGSDL56,G,STK,100,100,100,100,100,0,2,100,10000,
890197,"Yarn Syndicate Ltd.",X,STK,1.3,1.47,1.3,1.44,1.44,1.3,23,12472,17366,
890217,"Aplab Ltd.",X,STK,67.5,67.5,62.7,62.7,62.7,59.9,6,353,22142,
890221,"Spandana Sphoorty Financial Li",B,STK,109,109,100,107.09,106.91,109,25,425,45975,
890226,"Suraj Industries Limited.",X,STK,19.45,19.45,16.8,16.81,16.81,16.75,22,25686,434398,
890228,"Allcargo Terminals Limited",B,STK,9.5,9.74,9.3,9.57,9.74,9.08,9,401,3785,
890230,"Ace Software Exports ltd.",X,STK,106.1,106.1,99,105.15,105.5,102,28,6496,650766,
890231,"ANIRIT VENTURES LIMITED",XT,STK,25.51,25.51,25.51,25.51,25.51,24.3,18,7187,183340,
890232,"KRISHIVAL FOODS LIMITED",B,STK,108.45,108.95,108.45,108.95,108.95,105,31,509,55398,
890233,"PVV Infra Limited",X,STK,1.1,1.17,0.98,0.99,0.99,1.22,423,3335320,3416817,
890234,"Vertex Securities Ltd.",X,STK,0.75,0.8,0.69,0.76,0.76,0.68,32,245367,189969,
890235,"BCC Fuba India Ltd.",X,STK,95.95,99,93.65,98.73,98.75,95,31,13399,1272354,
890236,"Prabha Energy Limited",B,STK,55.57,56.49,54,55,55,57,14,2851,158218,
890237,"TIL Ltd.",B,STK,161.55,164.45,155.95,163.45,163.45,165.05,55,5436,867720,
935574,IRFC-7.53%-21-12-30-TAXFREENCD,F,STK,1111.02,1111.02,1111.02,1111.02,1111.02,1117,1,100,111102,
935584,NHAI-7.6%-11-1-31-TAXFREENCD,F,STK,1091.1,1094,1085,1093.58,1094,1091.79,24,2074,2258848,
935642,HUDCO-7.64%-8-2-31-TAXFREENCD,F,STK,1102.17,1102.17,1102.17,1102.17,1102.17,1108,4,499,549982,
935682,IRFC-7.64%-22-3-31-NCDS,F,STK,1125,1125.65,1123,1125.65,1125.65,1116.86,5,910,1023282,
935690,NABARD-7.64%-23-3-31-NCDS,F,STK,1095,1095,1088.51,1089.61,1089.61,1095,11,619,676013,
935752,MMFSL-9%-6-6-26-NCD,F,STK,1075,1075,1074,1074.75,1074.75,1073,3,200,214960,
935788,NIDO-10%-19-7-26-NCD,F,STK,1071,1071,1071,1071,1071,1066,1,1994,2135574,
935858,SCL-8.85%-26-9-26-NCDS,F,STK,1047.44,1047.44,1047.44,1047.44,1047.44,1020.33,1,86,90079,
935862,SCL-ZC-26-9-26-NCDS,F,STK,2198.8,2198.8,2198.8,2198.8,2198.8,2179.8,1,22,48373,
935868,SCL-9.15%-26-9-26-NCDS,F,STK,1045,1045,1041,1041,1041,1059.99,9,635,662935,
936048,MMFSL-8.05%-24-07-32-NCD,F,STK,1011,1024.92,1011,1015.2,1015.2,1009.88,3,302,305340,
936252,EFL-9.43%-6-8-28-NCD,F,STK,994.01,998,994,998,998,996,3,133,132243,
936254,EFL-9.85%-6-8-28-NCD,F,STK,1147.12,1147.12,1147.12,1147.12,1147.12,1048.01,2,100,114712,
936294,TCAP-9.10%-27-9-28-NCD,F,STK,1082,1083.9,1081.9,1081.9,1081.9,1073.5,11,397,429943,
936332,SFL-9.70%-2-11-28-NCD,F,STK,1097,1099,1097,1098,1098,1090,4,170,186660,
936398,EFL-10.15%-4-1-29-NCD,F,STK,1016,1020,1011.01,1020,1020,1015.02,5,132,133991,
936400,EFL-10.60%-4-1-29-NCD,F,STK,1068,1068,1035,1035,1035,1030.3,3,110,117150,
936410,MMFSL-9.2%-18-1-27-NCD,F,STK,950.2,1000,950.2,1000,1000,1102,2,6,5850,
936412,MMFSL-9.3%-18-1-27-NCD,F,STK,1015,1018.5,1008.15,1015,1015,1015,9,261,264621,
936528,LTF-9.35%-13-3-29-NCD,F,STK,1150.5,1150.5,1070,1070,1070,1050,3,102,109301,
936784,SFL-9.31%-22-8-26-NCD,F,STK,1030,1030,1020,1020,1020,1000.9,2,12,12260,
936810,TCAP-8.65%-26-8-27-NCD,F,STK,1055.1,1055.2,1055.1,1055.2,1055.2,1052.1,2,21,22159,
936959,MHFL-ZC-7-9-26-NCD,F,STK,1910,1915,1890.21,1915,1915,1912,6,295,560435,
936975,ECL-9.95%-28-11-29-NCD,F,STK,995,995,995,995,995,995,4,314,312430,
936977,ECL-10.4%-28-11-29-NCD,F,STK,1045,1045,1045,1045,1045,1040,1,20,20900,
937037,MFL-ZC-27-6-27-NCD,F,STK,1808.01,1808.01,1808.01,1808.01,1808.01,1810,1,30,54240,
937065,SFL-8.75%-28-1-27-NCD,F,STK,1090,1090,1090,1090,1090,1081,1,1,1090,
937169,MVAFL-ZC-17-9-27-NCD,F,STK,1736,1736,1736,1736,1736,1714,1,1,1736,
937381,PFCL-6.97%-22-1-36-NCD,F,STK,1011.15,1011.15,1011.15,1011.15,1011.15,980.03,1,1,1011,
937385,PFCL-7.15%-22-1-36-NCD,F,STK,996.9,997,996.9,996.92,997,996.87,2,260,259200,
937455,IFL-9.6%-24-6-28-NCD,F,STK,996.95,997,994.33,997,997,995,8,397,395445,
937501,EFSL-9.30%-29-4-31-NCD,F,STK,955.2,956.2,955.2,956.2,956.2,980,2,100,95550,
937537,IGT-8.2%-6-5-31-INVIT-NCD,F,STK,1089.9,1090,1089.9,1090,1090,1090,2,500,544998,
937621,IHFL-9.60%-3-11-28-NCD,F,STK,995.95,997.99,994.3,995.07,995.05,994.99,4,256,254711,
937635,EFSL-10-9-26-NCD,F,STK,1515,1515,1509,1510,1510,1505,3,184,277690,
937637,EFSL-9.30%-10-9-31-NCD,F,STK,979.92,979.92,979.92,979.92,979.92,984.96,2,11,10779,
937653,MML-ZC-15-9-28-NCD,F,STK,1520.5,1520.5,1520.5,1520.5,1520.5,1280.2,1,91,138365,
937743,IML-12%-24-11-26-NCD,F,STK,1005.5,1005.5,1005.5,1005.5,1005.5,1004.95,1,92,92506,
937805,EFSL-9.30%-28-12-31-NCD,F,STK,964.99,964.99,964.99,964.99,964.99,966.94,2,70,67549,
937887,MFL-8.75%-2-2-28-NCD,F,STK,955.2,978.8,955.2,978.8,978.8,1000,3,308,297836,
937889,MFL-9%-2-2-30-NCD,F,STK,1000,1000,1000,1000,1000,1006,1,5,5000,
937939,KFIL-10-17-4-27-NCD,F,STK,997,997,990,997,997,990,12,730,723260,
937941,KFIL-ZC-17-8-29-NCD,F,STK,1244,1345,1244,1345,1345,1325,3,47,60690,
937999,NIDO-9.15%-29-4-27-NCD,F,STK,999.99,999.99,999.99,999.99,999.99,1000,1,2,1999,
938007,NIDO-9.70%-29-4-32-NCD,F,STK,977.8,977.8,977.8,977.8,977.8,1043.5,3,130,127114,
938011,MFL-II-5-5-27-NCD,F,STK,984,984,983,983,983,984.8,2,11,10814,
938091,IML-11%-27-7-27-NCD,F,STK,1014.95,1014.95,988,988,988,995,2,27,26864,
938105,NWIL-9.16%-15-7-27-NCD,F,STK,990.02,998,990.01,998,998,998,5,861,853407,
938123,KFL-9.5%-10-8-26-NCD,F,STK,1020,1020,1020,1020,1020,995,1,8,8160,
938212,EFSL-9.35%-20-10-27-NCD,F,STK,990.05,990.05,990,990,990,997.78,3,72,71282,
938216,EFSL-20-10-27-NCD,F,STK,1356.2,1356.2,1356.2,1356.2,1356.2,1356.2,1,11,14918,
938220,EFSL-10.10%-20-10-32-NCD,F,STK,1011.8,1011.8,1011.8,1011.8,1011.8,1011.8,1,5,5059,
938224,NHIT-25-10-40-INVIT,F,STK,305.7,305.7,305.7,305.7,305.7,315.25,1,255,77953,
938226,NHIT-7.9%-25-10-47-INVIT,F,STK,416,416,416,416,416,412.65,3,105,43680,
938256,MFL-3-11-27-NCD,F,STK,975.2,982,975.2,982,982,986.8,3,280,273396,
938278,CAGL-10%-23-11-27-NCD,F,STK,861,861,861,861,861,1000,1,35,30135,
938364,EFSL-9.67%-20-1-28-NCD,F,STK,999,999,980,999,999,962,4,545,543600,
938366,EFSL-10.10%-20-1-28-NCD,F,STK,1011,1011,1011,1011,1011,1005,4,60,60660,
938372,EFSL-10.45%-20-1-33-NCD,F,STK,1009,1009,1009,1009,1009,1000,1,10,10090,
938382,IIFL-8.65%-25-1-28-NCD,F,STK,990,992,985,991.22,992,992,10,509,504148,
938414,SFIL-10.30%-2-2-28-NCD,F,STK,401.25,401.25,401.25,401.25,401.25,400.55,5,210,84262,
938422,SFIL-9.85%-2-2-28-NCD,F,STK,401.01,401.01,401.01,401.01,401.01,401,2,100,40101,
938436,MFL-7.85%-10-4-28-NCD,F,STK,996,996,996,996,996,995,1,1,996,
938486,SCL-10.15%-23-3-28-NCD,F,STK,480,480,480,480,480,724.55,2,40,19200,
938524,EFSL-9.67%-27-4-28-NCD,F,STK,1008,1008,976,976,976,972,4,79,77282,
938530,EFSL-10%-27-4-33-NCD,F,STK,988,989.89,988,989.89,989.89,989.99,9,1008,995919,
938544,KFL-28-4-27-NCD,F,STK,995,1020,995,1020,1020,1009,4,30,30097,
938560,MFL-3-6-26-NCD,F,STK,1256.5,1256.5,1256.5,1256.5,1256.5,1255.8,4,296,371924,
938584,CIFCL-8.30%-4-6-26-NCD,F,STK,1050.01,1050.01,1050.01,1050.01,1050.01,1077,5,55,57750,
938608,SFL-08-06-30-NCD,F,STK,1170,1170,1170,1170,1170,1170,5,35,40950,
938652,EFSL-9.20%-21-7-26-NCD,F,STK,990.21,1000,990,1000,1000,1012,6,544,538887,
938666,EFSL-10.45%-21-7-33-NCD,F,STK,1042.8,1042.8,1042.8,1042.8,1042.8,1026.5,1,75,78210,
938742,CAGL-9.70%-7-9-28-NCD,F,STK,1017,1025,1017,1025,1025,1022,2,12,12212,
938744,CAGL-7-9-28-NCD,F,STK,1259,1259,1259,1259,1259,1255,1,25,31475,
938770,NHFL-9.20%-15-9-26-NCD,F,STK,997,997,997,997,997,998.11,1,5,4985,
938790,MFL-9.05%-20-9-28-NCD,F,STK,995,995,995,995,995,995,1,10,9950,
938850,SCL-10.25%-26-9-33-NCD,F,STK,870,870,870,870,870,900,3,182,158340,
938862,KFL-10%-27-9-27-NCD,F,STK,1010,1010,990,996.12,1000,995.78,17,244,242040,
938874,MFLTD-8%-4-10-26-NCD,F,STK,1026.2,1026.2,1026.2,1026.2,1026.2,1025.1,1,1,1026,
938878,MFL-4-10-26-NCD,F,STK,1225.2,1225.2,1225.2,1225.2,1225.2,1225,1,5,6126,
938882,ABCL-8%-9-10-26-NCD,F,STK,1030.01,1030.01,1030.01,1030.01,1030.01,1029,1,1,1030,
938892,ABCL-8.10%-9-10-33-NCD,F,STK,1040,1040,1040,1040,1040,1040,1,10,10400,
938904,EFSL-9.67%-26-10-28-NCD,F,STK,995,995,995,995,995,995.2,2,501,498495,
938910,EFSL-10%-26-10-33-NCD,F,STK,980,980,980,980,980,967.01,2,19,18620,
938916,MFL-8.9%-1-11-26-NCD,F,STK,1000,1000,984.2,995,995,996,4,101,99899,
939030,ICLFL-12%-14-12-26-NCD,F,STK,1047.9,1047.9,1047.9,1047.9,1047.9,1001,1,10,10479,
939164,KFL-10%-17-1-28-NCD,F,STK,1025,1025,1000,1000,1000,963,2,96,96025,
939198,EFSL-10.10%-29-1-29-NCD,F,STK,1000,1000,995,1000,1000,960.4,3,285,284000,
939240,MFL-9.50%-31-1-27-NCD,F,STK,1017.2,1017.2,1017.2,1017.2,1017.2,1017.2,1,16,16275,
939319,CCIL-11%-10-3-27-NCD,F,STK,993,993,993,993,993,989.9,1,50,49650,
939321,CCIL-11.50%-10-3-29-NCD,F,STK,1011.09,1011.09,1011.09,1011.09,1011.09,1011,1,5,5055,
939337,NFL-11.19%-13-3-27-NCD,F,STK,950,950,950,950,950,1022,1,100,95000,
939401,IFL-19-12-29-NCD,F,STK,1200,1200,1200,1200,1200,1169.1,1,10,12000,
939409,EFSL9.6%-29-4-27-NCD,F,STK,1042,1042,1015,1015,1015,1067.8,2,55,56500,
939419,KFL-9.50%-25-4-27-NCD,F,STK,995,995,995,995,995,993,1,33,32835,
939437,EFSL-10%-29-4-34-NCD,F,STK,995,995,995,995,995,1001,1,3,2985,
939449,MFCL-9.55%-30-4-30-NCD,F,STK,996.5,996.5,996.5,996.5,996.5,1002,1,100,99650,
939471,MOFSL-ZC-9-5-26-NCD,F,STK,1160.1,1175,1155.1,1155.1,1155.1,1160.1,13,232,269364,
939473,MOFSL-9.1%-9-5-27-NCD,F,STK,1081,1081,1081,1081,1081,1062,1,100,108100,
939479,MOFSL-9.35%-9-5-29-NCD,F,STK,1090,1090,1085,1085,1085,1090,3,101,109590,
939503,MML-ZC-27-5-29-NCD,F,STK,1099,1099,1099,1099,1099,1095,1,5,5495,
939561,360ONEPL-9.6%-12-6-29-NCD,F,STK,1011,1011,1010.9,1010.9,1010.9,1011,2,2,2021,
939575,IIFLSFL-10.03%-21-6-29-NCD,F,STK,900,900,900,900,900,1004,1,150,135000,
939591,NHFL-10.50%-3-7-29-NCD,F,STK,1065,1065,1065,1065,1065,1033.2,1,8,8520,
939595,NHFL-10.26%-3-7-34-NCD,F,STK,1000,1000,998,998,998,1004,3,351,350498,
939615,EFSL-26-7-26-NCD,F,STK,1164,1164,1157,1157,1157,1157.4,3,10,11577,
939649,KFL-10%-6-8-27-NCD,F,STK,997,997,997,997,997,968,1,45,44865,
939651,SMCGSL-ZC-07-08-27-NCD,F,STK,1159,1159,1159,1159,1159,1141.1,1,25,28975,
939715,MML-11.50%-11-9-29-NCD,F,STK,1040,1040,1040,1040,1040,1041,1,10,10400,
939725,AEL-9.32%-12-9-27-NCD,F,STK,1030,1050,1030,1050,1050,1030,7,314,325170,
939731,AEL-9.56%-12-9-29-NCD,F,STK,1065,1083,1065,1083,1083,1076,6,744,793008,
939753,MFCL-16-9-26-NCD,F,STK,1146,1146,1137.01,1143,1146,1135.48,3,168,192078,
939805,ICFL-ZC-25-9-26-NCD,F,STK,1162.8,1162.8,1162.8,1162.8,1162.8,1162.8,1,10,11628,
939829,NHFL-10.49%-8-10-34-NCD,F,STK,1012,1012,1012,1012,1012,1001,1,15,15180,
939861,EFSL-11%-24-10-34-NCD,F,STK,1044.23,1044.23,1044.23,1044.23,1044.23,1044,1,6,6265,
940099,EFSL-24-1-27-NCD,F,STK,1091.2,1091.2,1091.2,1091.2,1091.2,1095.8,1,20,21824,
940103,EFSL-10%-24-1-28-NCD,F,STK,1005,1006.2,1005,1006.2,1006.2,1006.2,3,50,50304,
940105,EFSL-24-1-28-NCD,F,STK,1100,1100,1100,1100,1100,1096,1,92,101200,
940107,EFSL-10.04%-24-1-30-NCD,F,STK,952.1,952.1,952.1,952.1,952.1,910,1,20,19042,
940115,EFSL-10.49%-24-1-35-NCD,F,STK,1014.2,1014.2,1014.2,1014.2,1014.2,1000,1,3,3042,
940161,MFLIV-9.25%-24-2-28-NCD,F,STK,1010,1010,1010,1010,1010,1010,1,30,30300,
940167,MFLIV-9.30%-24-8-26-NCD,F,STK,1010.8,1010.8,1005,1008,1008,1010.47,4,104,104864,
940177,MFLIV-24-8-26-NCD,F,STK,1100,1100,1100,1100,1100,1090.3,1,136,149600,
940269,KFL-10%-14-4-28-NCD,F,STK,1000,1000,1000,1000,1000,998,3,35,35000,
940291,IIFL-21-7-26-NCD,F,STK,1088,1088,1088,1088,1088,1057.27,1,127,138176,
940305,IIFL-10.25%-21-4-30-NCD,F,STK,1070,1070,1070,1070,1070,1070,1,94,100580,
940311,UCL-10.15%-24-04-27-NCD,F,STK,1005,1005,998,998,998,998,2,200,199733,
940319,SMCGSL-24-04-27-NCD,F,STK,1098.95,1098.95,1098.95,1098.95,1098.95,1070,1,180,197811,
940325,SMCGSL-10.03%-24-04-30-NCD,F,STK,1001,1007,1001,1007,1007,1003.1,3,32,32050,
940327,SMCGSL-10.50%-24-04-30-NCD,F,STK,980.05,991,980.05,991,991,1011.1,2,345,339562,
940347,EFSL-10.49%-30-04-35-NCD,F,STK,1013,1013,1013,1013,1013,1013,4,400,405200,
940353,MML-12-11-26-NCD,F,STK,1072,1072,1072,1072,1072,1072,1,1,1072,
940355,MML-9.5%-12-5-27-NCD,F,STK,968.2,968.2,968.2,968.2,968.2,966.21,1,56,54219,
940377,ICLFL-16-05-28-NCD,F,STK,1019.8,1019.8,1019.8,1019.8,1019.8,1018.45,1,8,8158,
940385,MFL-9%-19-5-27-NCD,F,STK,990,990,990,990,990,999.8,1,50,49500,
940391,MFL-9.55%-19-5-31-NCD,F,STK,1008,1008,1008,1008,1008,998,1,50,50400,
940415,CCIL-12%-19-6-30-NCD,F,STK,996,996,996,996,996,1000,1,15,14940,
940427,NHFL-9.57%-02-07-28-NCD,F,STK,999.99,1000,999.99,1000,1000,1000,2,500,499998,
940439,NHFL-10.25%-02-07-35-NCD,F,STK,1000,1000,1000,1000,1000,1000,2,5,5000,
940445,MFCL-9.05%-16-7-28-NCD,F,STK,1067.21,1067.21,967.2,989.5,989.5,990,5,164,160125,
940447,MFCL-9.30%-16-7-30-NCD,F,STK,998,998,998,998,998,990.75,1,43,42914,
940449,MFCL-9.40%-16-7-31-NCD,F,STK,1000,1011,1000,1011,1011,1002,2,32,32220,
940477,AEL-9%-17-07-30-NCD,F,STK,1020,1025,1020,1025,1025,1020,4,117,119724,
940479,AEL-9.30%-17-07-30-NCD,F,STK,1080,1080,1080,1080,1080,1080,2,100,108000,
940483,KFL-23-1-27-NCD,F,STK,1036.2,1036.2,1036.2,1036.2,1036.2,1034,1,10,10362,
940493,KFL-10%-23-1-29-NCD,F,STK,990,1010,990,1010,1010,990,2,20,20000,
940517,EFSL-10.03%-24-7-35-NCD,F,STK,1001,1005,1001,1005,1005,989,2,34,34090,
940519,EFSL-10.50%-24-7-35-NCD,F,STK,1031.8,1031.8,1031.8,1031.8,1031.8,1031.8,1,10,10318,
940523,KAFL-9.5%-1-9-26-NCD,F,STK,985,986,985,986,986,983,7,106,104456,
940527,KAFL-9.85%-27-1-27-NCD,F,STK,987,987,987,987,987,987,1,3,2961,
940543,MML-9.50%-4-9-26-NCD,F,STK,985,985,985,985,985,993.8,7,320,315200,
940603,IFL-11%-20-8-27-NCD,F,STK,995,995,986,995,995,985,5,98,97249,
940613,IFL-20-8-28-NCD,F,STK,994,994,994,994,994,931,1,10,9940,
940619,IFL-20-6-31-NCD,F,STK,892.49,892.49,870,870,870,893,4,89,78634,
940635,MML-9%-28-2-27-NCD,F,STK,980,980,980,980,980,980,2,14,13720,
940637,MML-9.25%-29-8-27-NCD,F,STK,981,990,980,980,980,982.5,6,44,43195,
940649,NHFL-9.35%-10-09-28-NCD,F,STK,995,995,988,988,988,990,3,59,58635,
940657,NHFL-10.25%-10-09-30-NCD,F,STK,1021.5,1021.5,1021.5,1021.5,1021.5,1021.5,1,10,10215,
940661,NHFL-10.03%-10-09-35-NCD,F,STK,970,970,970,970,970,988,1,100,97000,
940663,NHFL-10.50%-10-09-35-NCD,F,STK,1030,1030,1020.5,1020.5,1020.5,1027,5,190,195101,
940675,EFSL-9.58%-7-10-30-NCD,F,STK,995,995,990,990,990,980,2,20,19850,
940677,EFSL-10%-7-10-30-NCD,F,STK,1011.8,1011.8,1011.8,1011.8,1011.8,1011.8,1,20,20236,
940683,EFSL-10.25%-7-10-35-NCD,F,STK,1000,1003,1000,1003,1003,1000.01,12,166,166332,
940687,SMC-8%-13-10-30-MB,F,STK,510,510,510,510,510,501,1,50,25500,
940689,CGCL-8.55%-13-4-27-NCD,F,STK,999.99,999.99,999.99,999.99,999.99,998.99,1,15,14999,
940697,CGCL-9.45%-13-10-30-NCD,F,STK,1005,1005,1005,1005,1005,1025.1,2,1000,1005000,
940705,IML-9.75%-30-10-27-NCD,F,STK,975,981.07,968.96,968.96,968.96,981.07,9,21,20559,
940709,IML-10.25%-30-10-28-NCD,F,STK,987,999.99,987,999.99,999.99,991.58,6,192,191508,
940713,IML-11.25%-30-10-30-NCD,F,STK,1009.49,1009.49,1009.49,1009.49,1009.49,1006.89,1,3,3028,
940715,IML-30-10-31-NCD,F,STK,999,999,991,991,991,999,5,217,216775,
940717,SGSL-9.75%-30-10-27-NCD,F,STK,1024,1024,1012.01,1024,1024,1010.2,4,125,126691,
940719,SGSL-30-10-27-NCD,F,STK,1025,1035,1025,1035,1035,1050,4,545,558975,
940721,SGSL-10%-30-10-28-NCD,F,STK,1012,1020,1012,1020,1020,1012,3,1000,1016000,
940725,SGSL-9.8%-30-10-30-NCD,F,STK,998,1003.93,998,1003.93,1003.93,999.26,6,185,184974,
940727,SGSL-10.25%-30-10-30-NCD,F,STK,1006.01,1006.01,1006.01,1006.01,1006.01,1000,1,2,2012,
940731,KFL-9.50%-09-11-08-NCD,F,STK,941,941,941,941,941,941,6,130,122330,
940743,KFL-09-11-32-NCD,F,STK,955,955,955,955,955,953.33,1,10,9550,
940745,CCIL-10.50%-11-5-27-NCD,F,STK,980,980,980,980,980,980,2,70,68600,
940751,CCIL-12%-9-11-30-NCD,F,STK,1000,1000,1000,1000,1000,1000,1,58,58000,
940759,ICLFL-10.50%-02-01-27-NCD,F,STK,984.98,985,965,984.83,976,975,8,303,297872,
940765,ICLFL-12%-02-12-30-NCD,F,STK,1005,1005,1005,1005,1005,1005,1,50,50250,
940767,ICLFL-02-01-27-NCD,F,STK,996.82,996.82,996.81,996.81,996.81,996.81,2,60,59809,
940777,ICLFL-02-10-31-NCD,F,STK,828.01,828.01,820.02,820.02,820.02,828.01,6,35,28902,
940783,EFSL-9.03%-12-12-28-NCD,F,STK,998.5,998.5,998.5,998.5,998.5,1000,1,1,998,
940789,EFSL-9.44%-12-12-30-NCD,F,STK,985,990,967,971.5,971.5,970,28,160,156738,
940793,EFSL-12-12-30-NCD,F,STK,980,980,980,980,980,980,1,1,980,
940799,KAFL-9.50%-19-1-27-NCD,F,STK,989,989.7,970,985,985,980,8,988,959721,
940801,KAFL-16-4-27-NCD,F,STK,967.45,989.8,951.1,989.8,989.8,951,4,55,52873,
940819,MML-23-1-27-NCD,F,STK,1010,1010,1010,1010,1010,1001.01,1,20,20200,
940821,MML-9.5%-23-01-27-NCD,F,STK,988,988,988,988,988,989,2,2,1976,
940823,MML-19-12-27-NCD,F,STK,971,971,971,971,971,971,2,20,19420,
940837,PCL-12.5%-29-12-28-NCD,F,STK,997,997,991.03,992,992,999,7,95,94559,
940841,PCL-13%-29-12-30-NCD,F,STK,1010,1010,1000,1005,1005,1012,13,160,160534,
940845,AEL-12-1-28-NCD,F,STK,1012,1012,1012,1012,1012,961,1,8,8096,
940849,AEL-8.75%-12-1-29-NCD,F,STK,1119,1119,1119,1119,1119,1024,1,20,22380,
940853,AEL-8.62%-12-1-31-NCD,F,STK,1005,1005,1005,1005,1005,1013,1,5,5025,
940855,AEL-8.90%-12-1-31-NCD,F,STK,1026.5,1036,1026,1036,1036,1035,7,63,65053,
940859,MFL-8.37%-12-2-28-NCD,F,STK,979,979,965.11,965.11,965.11,979,2,310,303351,
940862,MFL-8.65%-12-2-31-NCD,F,STK,997,997,989,989,989,994,8,17,16874,
940866,MFL-8.7%-12-2-28-NCD,F,STK,988,988,988,988,988,988,1,5,4940,
940872,MFL-9.1%-12-2-32-NCD,F,STK,969,969.2,967,967,967,969,10,285,276054,
940886,KFL-9%-19-2-29-NCD,F,STK,972,972,950,972,972,972,8,756,734803,
940892,KFL-19-4-30-NCD,F,STK,1000,1000,1000,1000,1000,1000,2,26,26000,
940894,KFL-10%-19-2-31-NCD,F,STK,1005,1005,1000,1005,1005,1007,3,62,62185,
940898,ICLFL-10%-23-03-27-NCD,F,STK,960,969.99,960,967.24,967,960,12,336,323727,
940904,ICLFL-11.50%-23-02-31-NCD,F,STK,990,990,951,951,951,990,5,300,295470,
940906,ICLFL-ZC-23-03-27-NCD,F,STK,952.25,969.99,952.25,969.99,969.99,970,4,45,43206,
940915,ICLFL-23-02-32-NCD,F,STK,925,999,871,999,999,950,20,321,308044,
940933,IIFL-8.37%-6-3-28-NCD,F,STK,973.14,973.14,973.14,973.14,973.14,973.14,1,200,194628,
940943,IIFL-9%-06-03-31-NCD,F,STK,999,999,999,999,999,999,1,5,4995,
940949,IIFL-6-3-31-NCD,F,STK,965,965,965,965,965,965,1,1,965,
940955,PCL-13%-16-3-31-NCD,F,STK,1000.1,1015,997,1012.98,1012.98,1000.1,19,658,657760,
940957,CCIL-10.25%-18-09-27-NCD,F,STK,969.99,970,969.99,970,970,970,2,2,1939,
940963,CCIL-12%-18-04-31-NCD,F,STK,999,1000,999,999.2,1000,1000,3,25,24980,
940969,CCIL-18-03-32-NCD,F,STK,929,929,921,921,921,930,4,19,17539,
940971,EFSL-8.65%-18-3-28-NCD,F,STK,956,976.8,955.2,976.8,976.8,965,6,424,408168,
940973,EFSL-18-3-28-NCD,F,STK,960,975,951.2,975,975,960,5,21,20140,
940983,EFSL-9.60%-18-3-31-NCD,F,STK,970.2,1010,970.2,1010,1010,990,3,123,120250,
940987,EFSL-9.58%-18-3-36-NCD,F,STK,1005,1005,1005,1005,1005,999,1,7,7035,
940989,EFSL-10%-18-3-36-NCD,F,STK,997,997,997,997,997,998.8,1,2,1994,
940991,MFL-8.37%-25-3-28-NCD,F,STK,968.21,997,966.1,979,979,968.21,18,521,506484,
940993,MFL-8.52%-25-3-29-NCD,F,STK,975,975,975,975,975,951.01,3,16,15600,
940995,MFL-8.65%-25-3-31-NCD,F,STK,960,965,960,960,960,960,9,155,148925,
940997,MFL-8.75%-25-3-32-NCD,F,STK,967,967,967,967,967,965,1,50,48350,
940999,MFL-8.7%-25-3-28-NCD,F,STK,971.8,971.8,971.8,971.8,971.8,971.8,1,25,24295,
941005,MFL-9.10%-25-3-32-NCD,F,STK,960,964.99,958,964.99,964.99,960,11,297,284784,
941007,MFL-25-3-28-NCD,F,STK,970,970,929.01,929.01,929.01,950.7,5,251,239330,
941013,MFL-25-3-32-NCD,F,STK,975,975,975,975,975,959.42,1,41,39975,
958406,HDFCB-9%-29-11-28-PVT,F,STK,1056000,1056000,1056000,1056000,1056000,1034768,2,2,2112000,
958788,CIFCL-10.88%-PERPETUAL-PVT,F,STK,525000,525000,525000,525000,525000,546000,1,2,1050000,
961718,PFCBT1S4,F,STK,16505,16505,16505,16505,16505,16505,1,1,16505,
961728,830NHAI27,F,STK,1064,1064,1064,1064,1064,1062,1,9,9576,
961732,810IRFC2327,F,STK,1069,1069,1058,1058,1058,1060,6,190,201605,
961753,736IIFCL28,F,STK,1035.01,1035.01,1035.01,1035.01,1035.01,1040,1,500,517505,
961754,740IIFCL33,F,STK,1110,1110,1110,1110,1110,1220,1,500,555000,
961779,871REC28,F,STK,1108,1108,1108,1108,1108,1108.45,1,132,146256,
961785,876HUDCO28,F,STK,1123,1123,1110,1117,1117,1111.18,9,553,616829,
961798,875IIFCL33,F,STK,1227,1227,1227,1227,1227,1223,2,200,245400,
961803,879PFC28,F,STK,1110.57,1110.57,1105.6,1108.16,1105.6,1105.6,11,1000,1108158,
961804,892PFC33,F,STK,1251,1251,1251,1251,1251,1251,3,128,160128,
961809,873NTPC28,F,STK,1094.03,1094.03,1094.03,1094.03,1094.03,1099.99,1,120,131283,
961813,876HUDCO34,F,STK,1230,1230,1230,1230,1230,1230,2,110,135300,
961819,866IIFCL34D,F,STK,1220,1220,1220,1220,1220,1192,1,100,122000,
961822,891IIFCL34,F,STK,1241,1241,1241,1241,1241,1250,1,25,31025,
961826,NHAI-8.75%-5-2-29-NCD,F,STK,1096.45,1119.8,1096.45,1108.86,1107,1109,19,1835,2023379,
961839,IREDA-8.80%-13-03-29-BOND,F,STK,1117,1117,1112.78,1112.78,1112.78,1100,2,6,6680,
961851,KPL-9%-25-3-29-TFBOND,F,STK,1105,1105,1102,1102,1102,1101,2,15,16545,
961853,KPL-9%-25-3-34-TFBOND,F,STK,1226,1226,1226,1226,1226,1226,1,200,245200,
961895,IIFCL-8.8%-27-3-29-TFBOND,F,STK,1111.5,1115.5,1111.5,1115,1115,1099.49,7,894,995033,
961897,IIFCL-8.8%-27-3-24-TFBOND,F,STK,1220,1220,1219,1220,1220,1210.01,6,645,786688,
972655,IFCI-SR-I-10.75%-1-8-26-PVT,F,STK,44800,44800,44399,44399,44399,44380,6,110,4900490,
972657,IFCI-D-10.75%-01-08-26-PVT,F,STK,10745,10770,10745,10770,10770,10740,5,100,1074800,
972691,IFCI-III-D-10.75%-31-10-26-PVT,F,STK,10555,10555,10555,10555,10555,10525,1,10,105550,
972721,IFCI-8.72%-V-31-3-27-C-PVT,F,STK,15645,15645,15645,15645,15645,15615,1,10,156450,
972722,IFCI-8.72%V-31-3-27-D-PVT,F,STK,5035,5035,5035,5035,5035,5002.05,1,4,20140,
972771,990IFCI27B,F,STK,26886.95,26886.95,26886.95,26886.95,26886.95,25770.1,1,4,107547,
972893,PTCIFS-9.15%-30-3-27-PVT,F,STK,14201,14201,14201,14201,14201,14201,1,1,14201,
973491,PFL-6.75%-26-9-31-PVT,F,STK,731.4,731.4,729.99,729.99,729.99,731.38,4,955,697255,
973540,SBI-7.72%-PERPETUAL-PVT,F,STK,10296000,10296000,10296000,10296000,10296000,8580060,1,1,10296000,
973881,UPCL-9.7%-31-3-31-PVT,F,STK,1055990,1056000,1055990,1056000,1056000,1048201.18,2,2,2111990,
973883,UPCL-9.7%-22-3-32-PVT,F,STK,1055000,1055000,1055000,1055000,1055000,1055000,1,1,1055000,
974287,UPPCL-9.95%-31-3-31-PVT,F,STK,1050000,1050000,1050000,1050000,1050000,1065000,1,1,1050000,
974634,EEL-ZC-26-2-27-PVT,F,STK,135099.99,135100,135099.99,135100,135100,135990,5,11,1486099,
974840,ICFL-9.95%-25-5-26-PVT,F,STK,101840,101840,101840,101840,101840,100400,1,1,101840,
974881,MML-11%-5-6-26-PVT,F,STK,19900,19900,19900,19900,19900,20000,2,5,99500,
974998,AFPL-12.40%-24-4-29-PVT,F,STK,102900,102900,102900,102900,102900,102600,1,1,102900,
974999,EFCL-8-4-27-PVT,F,STK,129000,130000,129000,130000,130000,128600,8,15,1944300,
975059,SSFL-10.75%-4-9-26-PVT,F,STK,106330,106330,106330,106330,106330,106330,2,7,744310,
975229,SML-14.20%-30-4-29-PVT,F,STK,95000.1,95005,95000,95001.7,95005,95000,3,3,285005,
975251,PDL-9.95%-15-12-33-PVT,F,STK,100845,100845,100845,100845,100845,100655,2,16,1613520,
975375,SML-13.85%-12-7-29-PVT,F,STK,94958.99,95999.99,93300,94261,95999.99,93005,12,13,1231169,
975502,AAHL-10%-14-3-29-PVT,F,STK,99553.7,99553.7,99553.7,99553.7,99553.7,100000,1,5,497768,
975571,EEL-27-01-27-PVT,F,STK,135000,135000,101980.82,131975.13,131975.13,113078.59,3,3,368955,
975640,PDL-9.95%-3-5-29-PVT,F,STK,101990,101990,101990,101990,101990,101418,3,12,1223880,
975684,11%-HFL-23-5-29-PVT,F,STK,99578.08,99578.08,99578.08,99578.08,99578.08,99133,1,1,99578,
975694,MSFL-ZC-29-8-26-PVT,F,STK,121701,121739,121701,121739,121739,121670,10,2036,247860566,
975713,ACAPL-11.90%-3-12-26-PVT,F,STK,98556,98556,98556,98556,98556,98756.6,2,2,197112,
975790,USFBL-11%-28-6-31-PVT,F,STK,101675,101699,101675,101689.4,101699,101200,4,5,508447,
975905,EEL-13-8-27-PVT,F,STK,116100,116100,116100,116100,116100,113900,1,4,464400,
976020,CIPL-ZC-17-3-28-PVT,F,STK,125850,126450,124500,124510,124500,125850,5,12,1497400,
976036,MFL-10.45%-24-12-32-PVT,F,STK,10030,10030,10021,10023,10021,10026,7,82,822118,
976085,KIIFB-9.49%-8-10-29-PVT,F,STK,101346,101346,101346,101346,101346,101346,1,1,101346,
976096,HFL-10.50%-11-4-30-PVT,F,STK,99597.26,99597.26,99597.26,99597.26,99597.26,100345.21,2,6,597583,
976228,MFL-10.45%-11-3-33-PVT,F,STK,10030,10030,10025,10026,10026,10026,8,211,2115572,
976248,MSFL-ZC-18-12-26-PVT,F,STK,114875,114875,114875,114875,114875,114743,5,439,50430125,
976288,KIIFB-9.4%-30-12-28-PVT,F,STK,101200,101200,101200,101200,101200,101250,1,1,101200,
976289,KIIFB-9.42%-30-12-29-PVT,F,STK,101200,101200,101200,101200,101200,101100,1,1,101200,
976290,KIIFB-9.4%-30-12-30-PVT,F,STK,101700,101700,101700,101700,101700,101400,1,2,203400,
976325,NFL-10.75%-31-12-27-PVT,F,STK,10000,10000,9992.06,9992.06,9992.06,10000,3,9,89992,
976346,KFL-11.30%-23-1-27-PVT,F,STK,99000,99000,99000,99000,99000,98254.19,1,1,99000,
976411,ACAPL-12%-14-8-28-PVT,F,STK,96650,96650,96650,96650,96650,97000,1,1,96650,
976423,IML-11%-18-8-26-PVT,F,STK,9911.1,9939.91,9911.1,9939.91,9939.91,9961.35,5,19,188627,
976437,NFL-10.60%-21-5-27-PVT,F,STK,10000,10000,9985,10000,10000,10000,12,59,589921,
976492,MFL-11.75%-13-3-27-PVT,F,STK,9900,9900,9870,9900,9900,9000,4,10,98880,
976493,KFL-10%-12-3-27-PVT,F,STK,8550,8550,8550,8550,8550,9800,1,10,85500,
976526,MML-10%-21-3-28-PVT,F,STK,9900,9900,9850,9850,9850,9700,3,16,157650,
976535,EFCL-21-04-28-PVT,F,STK,108980,108980,108900,108900,108900,105800,3,17,1852180,
976555,KIIFB-9.49%-25-03-35-PVT,F,STK,100700.01,103300,100700.01,103300,103300,104599,2,6,612000,
976560,DCAL-10%-26-03-27-PVT,F,STK,99675,99675,99675,99675,99675,99675,1,1,99675,
976653,KFL-11.30%-30-01-27-PVT,F,STK,48153.33,71688.68,48153.33,55000,55000,59942,4,4,246085,
976660,ACAPL-9.85%-30-10-26-PVT,F,STK,9860,9870,9860,9868.86,9870,9534.29,4,11,108522,
976712,MFL-10.40%-22-8-33-PVT,F,STK,10010,10010,10000,10000,10000,10026,4,65,650250,
976752,PDL-10%-3-6-27-PVT,F,STK,99603.79,99603.79,99603.79,99603.79,99603.79,99545.48,1,2,199207,
976757,MBFL-11.30%-5-6-27-PVT,F,STK,9989.99,9989.99,9989,9989,9989,9990,7,30,299697,
976808,NFL-10.75%-19-8-28-PVT,F,STK,10020,10023,10004,10006.57,10004,10012,23,198,1982139,
976868,ACAPL-12.5%-27-12-28-PVT,F,STK,98999,98999,98999,98999,98999,98795,1,1,98999,
976875,KFL-10%-31-12-27-PVT,F,STK,9650,9650,9650,9650,9650,10000,1,1,9650,
976928,IML-11.25%-23-4-27-PVT,F,STK,99900,99900,99900,99900,99900,99900,1,1,99900,
976968,EFCL-30-10-28-PVT,F,STK,103000,103000,103000,103000,103000,100400,3,17,1751000,
976985,MCIBPL-ZC-05-08-27-PVT,F,STK,106500,107563,106500,107000,107000,106600,6,95,10215313,
977012,KIIFB-9.67%-8-8-35-PVT,F,STK,104100,104100,104100,104100,104100,104100,1,1,104100,
977017,NFL-10.30%-30-09-27-PVT,F,STK,9998.9,9998.9,9945,9959.11,9960,9955,16,48,478278,
977044,KFL-11.10%-19-8-27-PVT,F,STK,9849.99,9850,9722.1,9850,9850,9750,4,7,68566,
977073,ESPL-10.70%-6-8-27-PVT,F,STK,97353.01,97353.01,97353.01,97353.01,97353.01,109883,1,1,97353,
977093,MSFL-0%-9-9-27-PVT,F,STK,106140,106203,105000,105000,105000,104100,5,144,15291850,
977107,KFL-11.40%-11-4-28-PVT,F,STK,98300,98300,98300,98300,98300,98300,3,4,393200,
977117,UCL-11.65%-15-3-31-PVT,F,STK,99550,99550,99200,99300,99300,99350,8,11,1092251,
977128,MFL-10.26%-18-7-31-PVT,F,STK,10075,10075,10060,10060,10060,10100,4,20,201365,
977132,MML-9.25%-18-9-27-PVT,F,STK,9849,9849,9849,9849,9849,9810,1,1,9849,
977160,PPL-11%-26-01-27-PVT,F,STK,98800,98800,98800,98800,98800,98500,1,1,98800,
977186,SRFCPL-9.9%-1-11-27-PVT,F,STK,95000,97001,95000,97001,97001,98500,2,2,192001,
977200,HLFL-9.25%-9-7-31-PVT,F,STK,104817,104817,104817,104817,104817,104639,4,4,419268,
977205,ACAPL-12%-13-04-27-PVT,F,STK,9940,9940,9940,9940,9940,9940.8,1,2,19880,
977226,LLDL-13.50%-30-01-29-PVT,F,STK,101500,101800,100601,101800,101800,101200,4,4,405101,
977227,MBFL-10.25%-16-10-27-PVT,F,STK,9640,9640,9640,9640,9640,9640,2,6,57840,
977228,UCL-9.75%-15-10-27-PVT,F,STK,9751.8,9751.8,9751.8,9751.8,9751.8,9950.82,1,77,750888,
977241,KRFL-11.40%-24-10-27-PVT,F,STK,9810,9859,9555,9780,9780,9810.83,21,84,812258,
977249,MML-9.30%-27-1-28-PVT,F,STK,9850,9850,9850,9850,9850,9910,1,3,29550,
977250,MML-9.75%-27-10-28-PVT,F,STK,9950,9950,9900,9950,9950,9950,4,70,693730,
977288,MML-9.9%-4-11-27-PVT,F,STK,100500,100500,100500,100500,100500,100000,1,1,100500,
977298,ACAPL-12%-17-11-28-PVT,F,STK,9549.99,9550,9502,9502,9502,9503.16,4,52,495853,
977309,ACAPL-12%-21-05-27-PVT,F,STK,9526,9835,9526,9788.51,9800,9715,24,117,1138383,
977367,ACAPL-12%-11-6-27-PVT,F,STK,9740,9780,9711,9780,9780,9740,17,136,1328237,
977379,MML-9.95%-16-12-28-PVT,F,STK,98300,99500,98300,98700,98700,99230,3,4,395200,
977380,MML-9.85%-16-12-27-PVT,F,STK,98200,98200,98200,98200,98200,99308,1,1,98200,
977382,UCL-9.99%-16-06-29-PVT,F,STK,9995.95,9995.95,9995.95,9995.95,9995.95,9995.55,2,9,89963,
977383,ACAPL-12.50%-17-01-27-PVT,F,STK,6858,6999.99,6850,6850,6850,6855,7,16,110709,
977397,SFCPL-10.65%-22-6-28-PVT,F,STK,98000,98000,96000.01,96000.01,96000.01,98000,2,2,194000,
977424,MCIBPL-ZC-31-12-27-PVT,F,STK,102900,102970,102900,102970,102970,102858,2,567,58383920,
977425,FCPL-11.75%-30-06-28-PVT,F,STK,98287.85,98287.85,98287.85,98287.85,98287.85,95550.98,1,1,98287,
977440,LLDL-13%-30-1-29-PVT,F,STK,100100,100100,100000,100000,100000,100000,15,17,1700155,
977443,SFL-10.85%-7-7-27-PVT,F,STK,99574.28,99574.28,99574.28,99574.28,99574.28,101360.07,1,14,1394039,
977468,KIIFB-9.30%-21-01-30-PVT,F,STK,100706.45,100706.45,100706.45,100706.45,100706.45,100632.1,1,1,100706,
977473,KIIFB-9.30%-21-01-35-PVT,F,STK,101460.45,101460.45,101454.52,101454.52,101454.52,101262.05,4,45,4565660,
977474,KIIFB-9.30%-21-01-36-PVT,F,STK,101578.45,101578.45,101578.45,101578.45,101578.45,101400,2,10,1015784,
977477,NFL-10.75%-31-12-28-PVT,F,STK,10020,10020,10000,10010.14,10010,10000,7,64,640894,
977487,IML-11.75%-23-1-31-PVT,F,STK,100200,100200,100200,100200,100200,100499,1,10,1002000,
977502,KFL-11.60%-27-1-28-PVT,F,STK,8640,8640,8640,8640,8640,7200,1,7,60480,
977515,SCNL-10%-30-01-28-PVT,F,STK,7780,7780,7780,7780,7780,9725,1,2,15560,
977532,MSAFL-ZC-6-2-28-PVT,F,STK,101933,102000,101925,101933,101933,101905,14,594,60548261,
977541,KFL-12%-10-5-28-KFL,F,STK,9870,9870,9870,9870,9870,9860,2,2,19740,
977546,MGFL-10%-11-05-27-PVT,F,STK,10249,10249,10249,10249,10249,0,1,2,20498,
977576,UCIL-13%-24-5-27-PVT,F,STK,9780,9780,9710,9718.24,9710,9750,37,216,2103029,
977596,ESPL-10.50%-09-06-28-PVT,F,STK,100969.5,100969.5,100969.5,100969.5,100969.5,0,2,3,302908,
977633,TCL-12.50%-12-3-30-PVT,F,STK,100000,100000,99310.55,99655.28,99310.55,100000,2,2,199310,
977649,MML-9.65%-18-09-28-PVT,F,STK,9815,9815,9805,9813.67,9815,9810,4,65,637955,
977657,BCSL-12.5%-18-3-29-PVT,F,STK,9051,9300,9004.75,9300,9300,8250,10,53,483530,
977692,SFL-10.50%-27-03-28-PVT,F,STK,99827.4,99827.4,99827.4,99827.4,99827.4,99741.1,3,10,998274,
